[
  {
    "value": "substract ",
    "synonyms": [
      "minus",
      "deduct",
      "substract"
    ]
  },
  {
    "value": "add",
    "synonyms": [
      "add",
      "additon",
      "sum",
      "sum up"
    ]
  },
  {
    "value": "total",
    "synonyms": [
      "total",
      "final value"
    ]
  },
  {
    "value": "integrate",
    "synonyms": [
      "integrate"
    ]
  },
  {
    "value": "differentitate",
    "synonyms": [
      "differentitate"
    ]
  },
  {
    "value": "combination",
    "synonyms": [
      "combination"
    ]
  },
  {
    "value": "imaginary value",
    "synonyms": [
      "imaginary value"
    ]
  },
  {
    "value": "propabilty",
    "synonyms": [
      "propabilty"
    ]
  },
  {
    "value": "discount",
    "synonyms": [
      "discount"
    ]
  },
  {
    "value": "matrix",
    "synonyms": [
      "matrix"
    ]
  }
]