[
  {
    "value": "what is",
    "synonyms": [
      "what is"
    ]
  },
  {
    "value": "what are",
    "synonyms": [
      "what are"
    ]
  },
  {
    "value": "who are",
    "synonyms": [
      "who are"
    ]
  },
  {
    "value": "who is",
    "synonyms": [
      "who is"
    ]
  },
  {
    "value": "tell me about",
    "synonyms": [
      "tell me about"
    ]
  },
  {
    "value": "meaning of",
    "synonyms": [
      "meaning of"
    ]
  },
  {
    "value": "meaning",
    "synonyms": [
      "meaning"
    ]
  }
]