[
  {
    "value": "largest person",
    "synonyms": [
      "largest person"
    ]
  },
  {
    "value": "tallest person",
    "synonyms": [
      "tallest person"
    ]
  },
  {
    "value": "shortest person",
    "synonyms": [
      "shortest person"
    ]
  },
  {
    "value": "largest mammal",
    "synonyms": [
      "largest mammal"
    ]
  },
  {
    "value": "the location of italy",
    "synonyms": [
      "the location of italy"
    ]
  },
  {
    "value": "the position of india",
    "synonyms": [
      "the position of india"
    ]
  },
  {
    "value": "days year 2001 has",
    "synonyms": [
      "days year 2001 has"
    ]
  },
  {
    "value": "the population in china",
    "synonyms": [
      "the population in china"
    ]
  },
  {
    "value": "the longitudes and latitudes of russia",
    "synonyms": [
      "the longitudes and latitudes of russia"
    ]
  },
  {
    "value": "the latitudes and longitudes of sri lanka",
    "synonyms": [
      "the latitudes and longitudes of sri lanka"
    ]
  },
  {
    "value": "famous basketball players",
    "synonyms": [
      "famous basketball players"
    ]
  }
]