[
  {
    "value": " a server",
    "synonyms": [
      " a server"
    ]
  },
  {
    "value": "an animal",
    "synonyms": [
      "an animal"
    ]
  },
  {
    "value": "an apple",
    "synonyms": [
      "an apple"
    ]
  },
  {
    "value": "a cleark",
    "synonyms": [
      "a cleark"
    ]
  },
  {
    "value": "a bishop",
    "synonyms": [
      "a bishop"
    ]
  },
  {
    "value": "a father",
    "synonyms": [
      "a father"
    ]
  },
  {
    "value": "a mother",
    "synonyms": [
      "a mother"
    ]
  },
  {
    "value": "a panther",
    "synonyms": [
      "a panther"
    ]
  },
  {
    "value": "panic",
    "synonyms": [
      "panic"
    ]
  },
  {
    "value": "a book",
    "synonyms": [
      "a book"
    ]
  },
  {
    "value": "singer",
    "synonyms": [
      "singer"
    ]
  },
  {
    "value": "writter",
    "synonyms": [
      "writter"
    ]
  },
  {
    "value": "smart phone",
    "synonyms": [
      "smart phone"
    ]
  },
  {
    "value": "computer",
    "synonyms": [
      "computer"
    ]
  },
  {
    "value": "plastics",
    "synonyms": [
      "plastics"
    ]
  },
  {
    "value": "key words",
    "synonyms": [
      "key words"
    ]
  }
]