[
  {
    "id": "112ac49d-348a-4a13-b1e9-ac77eb8dd62e",
    "data": [
      {
        "text": "check how ",
        "userDefined": false
      },
      {
        "text": "many",
        "meta": "@sys.ignore",
        "userDefined": true
      },
      {
        "text": " ",
        "userDefined": false
      },
      {
        "text": "seconds",
        "meta": "@unit-time",
        "alias": "unit",
        "userDefined": true
      },
      {
        "text": " it\u0027s been since ",
        "userDefined": false
      },
      {
        "text": "yesterday",
        "meta": "@sys.date",
        "alias": "date",
        "userDefined": true
      }
    ],
    "isTemplate": false,
    "count": 0,
    "lang": "en",
    "updated": 0
  },
  {
    "id": "0f75db10-eff7-43b3-96dc-8836f384fb8d",
    "data": [
      {
        "text": "how ",
        "userDefined": false
      },
      {
        "text": "many",
        "meta": "@sys.ignore",
        "userDefined": true
      },
      {
        "text": " ",
        "userDefined": false
      },
      {
        "text": "days",
        "meta": "@unit-time",
        "alias": "unit",
        "userDefined": true
      },
      {
        "text": " since ",
        "userDefined": false
      },
      {
        "text": "September 7",
        "meta": "@sys.date",
        "alias": "date",
        "userDefined": true
      }
    ],
    "isTemplate": false,
    "count": 0,
    "lang": "en",
    "updated": 0
  },
  {
    "id": "614d0391-0da9-44fe-8619-87075acec7ad",
    "data": [
      {
        "text": "tell",
        "meta": "@sys.ignore",
        "userDefined": true
      },
      {
        "text": " ",
        "userDefined": false
      },
      {
        "text": "me",
        "meta": "@sys.ignore",
        "userDefined": true
      },
      {
        "text": " how ",
        "userDefined": false
      },
      {
        "text": "many",
        "meta": "@sys.ignore",
        "userDefined": true
      },
      {
        "text": " ",
        "userDefined": false
      },
      {
        "text": "hours",
        "meta": "@unit-time",
        "alias": "unit",
        "userDefined": true
      },
      {
        "text": " have passed since ",
        "userDefined": false
      },
      {
        "text": "June 11th",
        "meta": "@sys.date",
        "alias": "date",
        "userDefined": true
      }
    ],
    "isTemplate": false,
    "count": 0,
    "lang": "en",
    "updated": 0
  },
  {
    "id": "24dad4f4-58f4-46f1-9e87-97e483731266",
    "data": [
      {
        "text": "calculate how ",
        "userDefined": false
      },
      {
        "text": "many",
        "meta": "@sys.ignore",
        "userDefined": true
      },
      {
        "text": " ",
        "userDefined": false
      },
      {
        "text": "weeks",
        "meta": "@unit-time",
        "alias": "unit",
        "userDefined": true
      },
      {
        "text": " it\u0027s been since ",
        "userDefined": false
      },
      {
        "text": "last Friday",
        "meta": "@sys.date",
        "alias": "date",
        "userDefined": true
      }
    ],
    "isTemplate": false,
    "count": 0,
    "lang": "en",
    "updated": 0
  },
  {
    "id": "0dd38086-d989-415f-b60d-37799b58ad5c",
    "data": [
      {
        "text": "how ",
        "userDefined": false
      },
      {
        "text": "many",
        "meta": "@sys.ignore",
        "userDefined": true
      },
      {
        "text": " ",
        "userDefined": false
      },
      {
        "text": "months",
        "meta": "@unit-time",
        "alias": "unit",
        "userDefined": true
      },
      {
        "text": " have passed since ",
        "userDefined": false
      },
      {
        "text": "April 1st 2014",
        "meta": "@sys.date",
        "alias": "date",
        "userDefined": true
      }
    ],
    "isTemplate": false,
    "count": 0,
    "lang": "en",
    "updated": 0
  }
]