[
  {
    "id": "f550b19b-6ef8-4c95-9bfd-8bddba41451a",
    "data": [
      {
        "text": "calculate number of ",
        "userDefined": false
      },
      {
        "text": "days",
        "meta": "@unit-time",
        "alias": "unit",
        "userDefined": true
      },
      {
        "text": " before ",
        "userDefined": false
      },
      {
        "text": "July 22",
        "meta": "@sys.date",
        "alias": "date",
        "userDefined": true
      }
    ],
    "isTemplate": false,
    "count": 1,
    "lang": "en",
    "updated": 0
  },
  {
    "id": "98ee1506-bde1-4789-9d05-da4bf1595062",
    "data": [
      {
        "text": "how long until ",
        "userDefined": false
      },
      {
        "text": "November 13",
        "meta": "@sys.date",
        "alias": "date",
        "userDefined": true
      }
    ],
    "isTemplate": false,
    "count": 0,
    "lang": "en",
    "updated": 0
  },
  {
    "id": "6cd0bdc1-d7ba-4393-baba-c75d87fa484f",
    "data": [
      {
        "text": "tell me how many ",
        "userDefined": false
      },
      {
        "text": "weeks",
        "meta": "@unit-time",
        "alias": "unit",
        "userDefined": true
      },
      {
        "text": " do we have before ",
        "userDefined": false
      },
      {
        "text": "April 11th",
        "meta": "@sys.date",
        "alias": "date",
        "userDefined": true
      }
    ],
    "isTemplate": false,
    "count": 0,
    "lang": "en",
    "updated": 0
  },
  {
    "id": "2b5cf213-8f3c-4b13-9704-49ba91d05caa",
    "data": [
      {
        "text": "how many ",
        "userDefined": false
      },
      {
        "text": "hours",
        "meta": "@unit-time",
        "alias": "unit",
        "userDefined": true
      },
      {
        "text": " until ",
        "userDefined": false
      },
      {
        "text": "tomorrow",
        "meta": "@sys.date",
        "alias": "date",
        "userDefined": true
      }
    ],
    "isTemplate": false,
    "count": 0,
    "lang": "en",
    "updated": 0
  },
  {
    "id": "a43a481f-4824-494a-a2ad-2631b5a1435c",
    "data": [
      {
        "text": "how many ",
        "userDefined": false
      },
      {
        "text": "days",
        "meta": "@unit-time",
        "alias": "unit",
        "userDefined": true
      },
      {
        "text": " until ",
        "userDefined": false
      },
      {
        "text": "Friday",
        "meta": "@sys.date",
        "alias": "date",
        "userDefined": true
      }
    ],
    "isTemplate": false,
    "count": 0,
    "lang": "en",
    "updated": 0
  },
  {
    "id": "c6a9f152-109f-4283-a65e-783edf693f8e",
    "data": [
      {
        "text": "check how many ",
        "userDefined": false
      },
      {
        "text": "weeks",
        "meta": "@unit-time",
        "alias": "unit",
        "userDefined": true
      },
      {
        "text": " till ",
        "userDefined": false
      },
      {
        "text": "September 5th",
        "meta": "@sys.date",
        "alias": "date",
        "userDefined": true
      }
    ],
    "isTemplate": false,
    "count": 0,
    "lang": "en",
    "updated": 0
  },
  {
    "id": "965b8ef0-efdf-45e8-ad97-c6320f52beda",
    "data": [
      {
        "text": "days",
        "meta": "@unit-time",
        "alias": "unit",
        "userDefined": true
      },
      {
        "text": " until ",
        "userDefined": false
      },
      {
        "text": "January 1st",
        "meta": "@sys.date",
        "alias": "date",
        "userDefined": true
      }
    ],
    "isTemplate": false,
    "count": 0,
    "lang": "en",
    "updated": 0
  }
]