[
  {
    "id": "dac67b88-8900-4047-9f6e-c7c57bd9b5c0",
    "data": [
      {
        "text": "can you check ",
        "userDefined": false
      },
      {
        "text": "Glasgow",
        "meta": "@sys.location",
        "alias": "location",
        "userDefined": true
      },
      {
        "text": " too",
        "userDefined": false
      }
    ],
    "isTemplate": false,
    "count": 0,
    "lang": "en",
    "updated": 0
  },
  {
    "id": "2d2a6fe6-689b-4848-ba88-f153becbbd9f",
    "data": [
      {
        "text": "in ",
        "userDefined": false
      },
      {
        "text": "Moscow",
        "meta": "@sys.location",
        "alias": "location",
        "userDefined": true
      },
      {
        "text": " too",
        "userDefined": false
      }
    ],
    "isTemplate": false,
    "count": 0,
    "lang": "en",
    "updated": 0
  },
  {
    "id": "6712d979-f87c-429c-b719-10503085d1eb",
    "data": [
      {
        "text": "Tokyo",
        "meta": "@sys.location",
        "alias": "location",
        "userDefined": true
      }
    ],
    "isTemplate": false,
    "count": 0,
    "lang": "en",
    "updated": 0
  },
  {
    "id": "4aee2bf2-f188-4f77-92ad-3c8509cc84ca",
    "data": [
      {
        "text": "can you check it for ",
        "userDefined": false
      },
      {
        "text": "Toronto",
        "meta": "@sys.location",
        "alias": "location",
        "userDefined": true
      }
    ],
    "isTemplate": false,
    "count": 0,
    "lang": "en",
    "updated": 0
  },
  {
    "id": "9dd21b42-8edb-42bd-9b25-b17ff9288f2e",
    "data": [
      {
        "text": "could you check ",
        "userDefined": false
      },
      {
        "text": "Paris",
        "meta": "@sys.location",
        "alias": "location",
        "userDefined": true
      },
      {
        "text": " now",
        "userDefined": false
      }
    ],
    "isTemplate": false,
    "count": 0,
    "lang": "en",
    "updated": 0
  },
  {
    "id": "53341cd6-2180-4ef2-a3cd-7a3f8abad7b1",
    "data": [
      {
        "text": "now ",
        "userDefined": false
      },
      {
        "text": "New York",
        "meta": "@sys.location",
        "alias": "location",
        "userDefined": true
      }
    ],
    "isTemplate": false,
    "count": 0,
    "lang": "en",
    "updated": 0
  },
  {
    "id": "fe9b725a-64b2-4623-bbbc-549a689cb509",
    "data": [
      {
        "text": "what about ",
        "userDefined": false
      },
      {
        "text": "Munich",
        "meta": "@sys.location",
        "alias": "location",
        "userDefined": true
      }
    ],
    "isTemplate": false,
    "count": 0,
    "lang": "en",
    "updated": 0
  },
  {
    "id": "cf3c0ab8-c041-4ffe-bf02-2d4b8a6a21ea",
    "data": [
      {
        "text": "in ",
        "userDefined": false
      },
      {
        "text": "Vienna",
        "meta": "@sys.location",
        "alias": "location",
        "userDefined": true
      },
      {
        "text": " now",
        "userDefined": false
      }
    ],
    "isTemplate": false,
    "count": 0,
    "lang": "en",
    "updated": 0
  },
  {
    "id": "9f2d9e90-3f73-45e2-a707-d813df75973f",
    "data": [
      {
        "text": "and in ",
        "userDefined": false
      },
      {
        "text": "London",
        "meta": "@sys.location",
        "alias": "location",
        "userDefined": true
      }
    ],
    "isTemplate": false,
    "count": 0,
    "lang": "en",
    "updated": 0
  },
  {
    "id": "074352f7-87ca-4601-a0b0-8c808d7d1313",
    "data": [
      {
        "text": "how about ",
        "userDefined": false
      },
      {
        "text": "Hong Kong",
        "meta": "@sys.location",
        "alias": "location",
        "userDefined": true
      }
    ],
    "isTemplate": false,
    "count": 0,
    "lang": "en",
    "updated": 0
  },
  {
    "id": "55467305-c6f4-45bd-bc08-bb71f90308a5",
    "data": [
      {
        "text": "check ",
        "userDefined": false
      },
      {
        "text": "Prague",
        "meta": "@sys.location",
        "alias": "location",
        "userDefined": true
      }
    ],
    "isTemplate": false,
    "count": 0,
    "lang": "en",
    "updated": 0
  },
  {
    "id": "9d3945ed-c97c-4d6e-a8c0-a1721d556000",
    "data": [
      {
        "text": "check ",
        "userDefined": false
      },
      {
        "text": "Madrid",
        "meta": "@sys.location",
        "alias": "location",
        "userDefined": true
      },
      {
        "text": " as well",
        "userDefined": false
      }
    ],
    "isTemplate": false,
    "count": 0,
    "lang": "en",
    "updated": 0
  }
]