[
  {
    "id": "acdad335-b868-4052-87a5-20abe60ff3df",
    "data": [
      {
        "text": "what about ",
        "userDefined": false
      },
      {
        "text": "Monday",
        "meta": "@dayofweek",
        "alias": "dayofweek",
        "userDefined": false
      }
    ],
    "isTemplate": false,
    "count": 0,
    "lang": "en",
    "updated": 0
  },
  {
    "id": "24809e5a-7466-4d02-8514-02f16a337560",
    "data": [
      {
        "text": "next Friday",
        "meta": "@sys.date",
        "alias": "date",
        "userDefined": true
      }
    ],
    "isTemplate": false,
    "count": 0,
    "lang": "en",
    "updated": 0
  },
  {
    "id": "fee173fd-b7e9-49b2-b718-1327c5fdb6a6",
    "data": [
      {
        "text": "could you check it for ",
        "userDefined": false
      },
      {
        "text": "tomorrow",
        "meta": "@sys.date",
        "alias": "date",
        "userDefined": true
      }
    ],
    "isTemplate": false,
    "count": 0,
    "lang": "en",
    "updated": 0
  },
  {
    "id": "45e47dc2-ec19-45ee-8822-14cb6ce4a6f0",
    "data": [
      {
        "text": "and ",
        "userDefined": false
      },
      {
        "text": "Tuesday",
        "meta": "@dayofweek",
        "alias": "dayofweek",
        "userDefined": true
      }
    ],
    "isTemplate": false,
    "count": 0,
    "lang": "en",
    "updated": 0
  },
  {
    "id": "b28f9382-771e-4d92-a1ed-ec5b6c33f351",
    "data": [
      {
        "text": "now ",
        "userDefined": false
      },
      {
        "text": "Wednesday",
        "meta": "@dayofweek",
        "alias": "dayofweek",
        "userDefined": true
      }
    ],
    "isTemplate": false,
    "count": 0,
    "lang": "en",
    "updated": 0
  },
  {
    "id": "00ab827e-aee0-4719-b8d6-062c7c55ef79",
    "data": [
      {
        "text": "how about ",
        "userDefined": false
      },
      {
        "text": "Thursday",
        "meta": "@dayofweek",
        "alias": "dayofweek",
        "userDefined": true
      }
    ],
    "isTemplate": false,
    "count": 0,
    "lang": "en",
    "updated": 0
  }
]