[
  {
    "id": "a9453e32-dddc-4f8b-988c-004bb6f2777c",
    "data": [
      {
        "text": "when is ",
        "userDefined": false
      },
      {
        "text": "Thanksgiving",
        "meta": "@holiday",
        "alias": "holiday",
        "userDefined": true
      },
      {
        "text": " ",
        "userDefined": false
      },
      {
        "text": "this year",
        "meta": "@sys.date-time",
        "alias": "date",
        "userDefined": true
      }
    ],
    "isTemplate": false,
    "count": 0,
    "lang": "en",
    "updated": 0
  },
  {
    "id": "69cd012f-514a-4a05-9e53-2c2737c7b1ac",
    "data": [
      {
        "text": "when was ",
        "userDefined": false
      },
      {
        "text": "Christmas",
        "meta": "@holiday",
        "alias": "holiday",
        "userDefined": true
      }
    ],
    "isTemplate": false,
    "count": 0,
    "lang": "en",
    "updated": 0
  },
  {
    "id": "5771e4c1-15ef-4c79-85dc-86793596b327",
    "data": [
      {
        "text": "what is the date ",
        "userDefined": false
      },
      {
        "text": "of",
        "meta": "@sys.ignore",
        "userDefined": false
      },
      {
        "text": " ",
        "userDefined": false
      },
      {
        "text": "Labour Day",
        "meta": "@holiday",
        "alias": "holiday",
        "userDefined": true
      },
      {
        "text": " in ",
        "userDefined": false
      },
      {
        "text": "2018",
        "meta": "@sys.date-time",
        "alias": "date",
        "userDefined": true
      }
    ],
    "isTemplate": false,
    "count": 0,
    "lang": "en",
    "updated": 0
  },
  {
    "id": "4e6a4883-969f-4e3e-8f6d-4215d382c33a",
    "data": [
      {
        "text": "Columbus Day",
        "meta": "@holiday",
        "alias": "holiday",
        "userDefined": true
      },
      {
        "text": " ",
        "userDefined": false
      },
      {
        "text": "2018",
        "meta": "@sys.date-time",
        "alias": "date",
        "userDefined": true
      }
    ],
    "isTemplate": false,
    "count": 0,
    "lang": "en",
    "updated": 0
  },
  {
    "id": "5e57227d-4708-40e0-854b-c8f5c502f3b6",
    "data": [
      {
        "text": "Halloween",
        "meta": "@holiday",
        "alias": "holiday",
        "userDefined": false
      },
      {
        "text": " date",
        "userDefined": false
      }
    ],
    "isTemplate": false,
    "count": 0,
    "lang": "en",
    "updated": 0
  },
  {
    "id": "50321974-3d89-43e2-9395-f467ad42703c",
    "data": [
      {
        "text": "what is the date of ",
        "userDefined": false
      },
      {
        "text": "Columbus day",
        "meta": "@holiday",
        "alias": "holiday",
        "userDefined": true
      },
      {
        "text": " in ",
        "userDefined": false
      },
      {
        "text": "2015",
        "meta": "@sys.date-time",
        "alias": "date",
        "userDefined": true
      }
    ],
    "isTemplate": false,
    "count": 0,
    "lang": "en",
    "updated": 0
  },
  {
    "id": "7fdb0c2d-fdfe-48f0-9ff5-ef5aab53a16e",
    "data": [
      {
        "text": "Independence Day",
        "meta": "@holiday",
        "alias": "holiday",
        "userDefined": true
      },
      {
        "text": " ",
        "userDefined": false
      },
      {
        "text": "2013",
        "meta": "@sys.date-time",
        "alias": "date",
        "userDefined": true
      },
      {
        "text": " date",
        "userDefined": false
      }
    ],
    "isTemplate": false,
    "count": 0,
    "lang": "en",
    "updated": 0
  },
  {
    "id": "d3a096e3-a40b-4ca7-8ba7-e52b1e79278a",
    "data": [
      {
        "text": "I wonder when is ",
        "userDefined": false
      },
      {
        "text": "Saint Patrick\u0027s day",
        "meta": "@holiday",
        "alias": "holiday",
        "userDefined": true
      }
    ],
    "isTemplate": false,
    "count": 0,
    "lang": "en",
    "updated": 0
  },
  {
    "id": "516f2a4f-9311-4c42-933e-1ca4805ff17a",
    "data": [
      {
        "text": "when is ",
        "userDefined": false
      },
      {
        "text": "Valentine\u0027s Day",
        "meta": "@holiday",
        "alias": "holiday",
        "userDefined": true
      }
    ],
    "isTemplate": false,
    "count": 0,
    "lang": "en",
    "updated": 0
  }
]