[
  {
    "id": "1c5b1ada-0d01-4705-8304-8aaf576ec91c",
    "data": [
      {
        "text": "check if ",
        "userDefined": false
      },
      {
        "text": "it",
        "meta": "@sys.ignore",
        "userDefined": true
      },
      {
        "text": "\u0027s ",
        "userDefined": false
      },
      {
        "text": "April",
        "meta": "@sys.date-period",
        "alias": "date-period",
        "userDefined": true
      }
    ],
    "isTemplate": false,
    "count": 0,
    "lang": "en",
    "updated": 0
  },
  {
    "id": "923485dc-cca9-4291-addf-b26f6712c3bd",
    "data": [
      {
        "text": "do you know if it\u0027s ",
        "userDefined": false
      },
      {
        "text": "March",
        "meta": "@sys.date-period",
        "alias": "date-period",
        "userDefined": true
      },
      {
        "text": " now",
        "userDefined": false
      }
    ],
    "isTemplate": false,
    "count": 0,
    "lang": "en",
    "updated": 0
  },
  {
    "id": "c1e94e25-2d93-4504-848b-181bc25775ff",
    "data": [
      {
        "text": "is ",
        "userDefined": false
      },
      {
        "text": "it",
        "meta": "@sys.ignore",
        "userDefined": true
      },
      {
        "text": " ",
        "userDefined": false
      },
      {
        "text": "May",
        "meta": "@sys.date-period",
        "alias": "date-period",
        "userDefined": true
      }
    ],
    "isTemplate": false,
    "count": 0,
    "lang": "en",
    "updated": 0
  },
  {
    "id": "b69aa64b-de82-4d4c-8e5a-9da5b77bc6c9",
    "data": [
      {
        "text": "February",
        "meta": "@sys.date-period",
        "alias": "date-period",
        "userDefined": true
      },
      {
        "text": " is coming isn\u0027t it",
        "userDefined": false
      }
    ],
    "isTemplate": false,
    "count": 0,
    "lang": "en",
    "updated": 0
  },
  {
    "id": "7b8f038d-f3de-474e-bc39-ca7fffdd5821",
    "data": [
      {
        "text": "could you tell if it\u0027s ",
        "userDefined": false
      },
      {
        "text": "May",
        "meta": "@sys.date-period",
        "alias": "date-period",
        "userDefined": true
      },
      {
        "text": " now",
        "userDefined": false
      }
    ],
    "isTemplate": false,
    "count": 0,
    "lang": "en",
    "updated": 0
  },
  {
    "id": "6d0e6b88-1f0d-4abf-a829-293a83ccf7a1",
    "data": [
      {
        "text": "is ",
        "userDefined": false
      },
      {
        "text": "it",
        "meta": "@sys.ignore",
        "userDefined": true
      },
      {
        "text": " ",
        "userDefined": false
      },
      {
        "text": "August",
        "meta": "@sys.date-period",
        "alias": "date-period",
        "userDefined": true
      },
      {
        "text": " already",
        "userDefined": false
      }
    ],
    "isTemplate": false,
    "count": 0,
    "lang": "en",
    "updated": 0
  },
  {
    "id": "b0cce55f-bd9e-4ec3-8fdc-5534015203f3",
    "data": [
      {
        "text": "tell me if it\u0027s ",
        "userDefined": false
      },
      {
        "text": "July",
        "meta": "@sys.date-period",
        "alias": "date-period",
        "userDefined": true
      }
    ],
    "isTemplate": false,
    "count": 0,
    "lang": "en",
    "updated": 0
  },
  {
    "id": "90a67995-a629-4447-a890-24d603d5eb02",
    "data": [
      {
        "text": "is ",
        "userDefined": false
      },
      {
        "text": "it",
        "meta": "@sys.ignore",
        "userDefined": true
      },
      {
        "text": " still ",
        "userDefined": false
      },
      {
        "text": "June",
        "meta": "@sys.date-period",
        "alias": "date-period",
        "userDefined": true
      }
    ],
    "isTemplate": false,
    "count": 0,
    "lang": "en",
    "updated": 0
  },
  {
    "id": "c13fc49c-606f-468a-88a9-343f0fe028a7",
    "data": [
      {
        "text": "today is ",
        "userDefined": false
      },
      {
        "text": "February",
        "meta": "@sys.date-period",
        "alias": "date-period",
        "userDefined": true
      }
    ],
    "isTemplate": false,
    "count": 0,
    "lang": "en",
    "updated": 0
  },
  {
    "id": "d7d4f663-d63e-458d-a36e-a0118fff0556",
    "data": [
      {
        "text": "it\u0027s ",
        "userDefined": false
      },
      {
        "text": "December",
        "meta": "@sys.date-period",
        "alias": "date-period",
        "userDefined": true
      },
      {
        "text": " right",
        "userDefined": false
      }
    ],
    "isTemplate": false,
    "count": 0,
    "lang": "en",
    "updated": 0
  }
]