[
  {
    "id": "31c4ab88-9998-44df-a9e3-821e2b27d690",
    "data": [
      {
        "text": "is ",
        "userDefined": false
      },
      {
        "text": "it",
        "meta": "@sys.ignore",
        "userDefined": false
      },
      {
        "text": " ",
        "userDefined": false
      },
      {
        "text": "Christmas",
        "meta": "@holiday",
        "alias": "holiday",
        "userDefined": false
      },
      {
        "text": " ",
        "userDefined": false
      },
      {
        "text": "today",
        "meta": "@sys.date",
        "alias": "date",
        "userDefined": false
      }
    ],
    "isTemplate": false,
    "count": 0,
    "lang": "en",
    "updated": 0
  },
  {
    "id": "4f5b1832-9142-48b5-ad8b-6dd282711577",
    "data": [
      {
        "text": "could you tell me if ",
        "userDefined": false
      },
      {
        "text": "Christmas",
        "meta": "@holiday",
        "alias": "holiday",
        "userDefined": true
      },
      {
        "text": " is on ",
        "userDefined": false
      },
      {
        "text": "December 25",
        "meta": "@sys.date",
        "alias": "date",
        "userDefined": true
      }
    ],
    "isTemplate": false,
    "count": 0,
    "lang": "en",
    "updated": 0
  },
  {
    "id": "b0b3a307-1e27-446f-92ce-ffd614d75b44",
    "data": [
      {
        "text": "tell me if ",
        "userDefined": false
      },
      {
        "text": "December 24",
        "meta": "@sys.date",
        "alias": "date",
        "userDefined": true
      },
      {
        "text": " is ",
        "userDefined": false
      },
      {
        "text": "Christmas",
        "meta": "@holiday",
        "alias": "holiday",
        "userDefined": true
      }
    ],
    "isTemplate": false,
    "count": 0,
    "lang": "en",
    "updated": 0
  },
  {
    "id": "70ed552b-01dd-448f-9120-2fae49b4c558",
    "data": [
      {
        "text": "check if ",
        "userDefined": false
      },
      {
        "text": "Halloween",
        "meta": "@holiday",
        "alias": "holiday",
        "userDefined": true
      },
      {
        "text": " is on ",
        "userDefined": false
      },
      {
        "text": "November 30",
        "meta": "@sys.date",
        "alias": "date",
        "userDefined": true
      },
      {
        "text": " this year",
        "userDefined": false
      }
    ],
    "isTemplate": false,
    "count": 0,
    "lang": "en",
    "updated": 0
  },
  {
    "id": "b93fe0f8-62be-4427-ab20-bcec7bfa4a3a",
    "data": [
      {
        "text": "is ",
        "userDefined": false
      },
      {
        "text": "New Year",
        "meta": "@holiday",
        "alias": "holiday",
        "userDefined": false
      },
      {
        "text": " celebrated on the ",
        "userDefined": false
      },
      {
        "text": "1st of January",
        "meta": "@sys.date",
        "alias": "date",
        "userDefined": false
      }
    ],
    "isTemplate": false,
    "count": 0,
    "lang": "en",
    "updated": 0
  },
  {
    "id": "c92c4c1c-729e-4bbb-8175-475455212f95",
    "data": [
      {
        "text": "is ",
        "userDefined": false
      },
      {
        "text": "Columbus Day",
        "meta": "@holiday",
        "alias": "holiday",
        "userDefined": true
      },
      {
        "text": " ",
        "userDefined": false
      },
      {
        "text": "tomorrow",
        "meta": "@sys.date",
        "alias": "date",
        "userDefined": true
      }
    ],
    "isTemplate": false,
    "count": 0,
    "lang": "en",
    "updated": 0
  },
  {
    "id": "ce70b954-eefa-4d8b-97ae-c3479a506442",
    "data": [
      {
        "text": "is ",
        "userDefined": false
      },
      {
        "text": "Thanksgiving",
        "meta": "@holiday",
        "alias": "holiday",
        "userDefined": false
      },
      {
        "text": " on ",
        "userDefined": false
      },
      {
        "text": "November 24",
        "meta": "@sys.date",
        "alias": "date",
        "userDefined": false
      }
    ],
    "isTemplate": false,
    "count": 0,
    "lang": "en",
    "updated": 0
  },
  {
    "id": "88d6cee3-c6e3-42a5-bb6d-c666839c542d",
    "data": [
      {
        "text": "Mother\u0027s day",
        "meta": "@holiday",
        "alias": "holiday",
        "userDefined": true
      },
      {
        "text": " is on ",
        "userDefined": false
      },
      {
        "text": "March 10",
        "meta": "@sys.date",
        "alias": "date",
        "userDefined": true
      },
      {
        "text": " right",
        "userDefined": false
      }
    ],
    "isTemplate": false,
    "count": 0,
    "lang": "en",
    "updated": 0
  }
]