[
  {
    "id": "7be02a22-72ff-474d-bf65-16c95cf4118e",
    "data": [
      {
        "text": "is it the ",
        "userDefined": false
      },
      {
        "text": "21st of February",
        "meta": "@sys.date",
        "alias": "date",
        "userDefined": true
      }
    ],
    "isTemplate": false,
    "count": 0,
    "lang": "en",
    "updated": 0
  },
  {
    "id": "45f91816-3d61-4b90-b1f5-3174f49ccd10",
    "data": [
      {
        "text": "check if it\u0027s ",
        "userDefined": false
      },
      {
        "text": "Monday",
        "meta": "@sys.date",
        "alias": "date",
        "userDefined": true
      },
      {
        "text": " in ",
        "userDefined": false
      },
      {
        "text": "Luxembourg",
        "meta": "@sys.location",
        "alias": "location",
        "userDefined": true
      }
    ],
    "isTemplate": false,
    "count": 0,
    "lang": "en",
    "updated": 0
  },
  {
    "id": "a9971eb5-9826-414d-a241-172cba00f8ef",
    "data": [
      {
        "text": "is it ",
        "userDefined": false
      },
      {
        "text": "June 19th",
        "meta": "@sys.date",
        "alias": "date",
        "userDefined": true
      }
    ],
    "isTemplate": false,
    "count": 0,
    "lang": "en",
    "updated": 0
  },
  {
    "id": "a5205e9d-25d9-4a72-b34a-f3f5f468e133",
    "data": [
      {
        "text": "is today ",
        "userDefined": false
      },
      {
        "text": "28th",
        "meta": "@sys.date",
        "alias": "date",
        "userDefined": true
      }
    ],
    "isTemplate": false,
    "count": 0,
    "lang": "en",
    "updated": 0
  },
  {
    "id": "a6fd2f33-f46c-4e7b-87cd-ce5615412831",
    "data": [
      {
        "text": "tell me is it ",
        "userDefined": false
      },
      {
        "text": "September 8",
        "meta": "@sys.date",
        "alias": "date",
        "userDefined": true
      },
      {
        "text": " in ",
        "userDefined": false
      },
      {
        "text": "Munich",
        "meta": "@sys.location",
        "alias": "location",
        "userDefined": true
      }
    ],
    "isTemplate": false,
    "count": 0,
    "lang": "en",
    "updated": 0
  }
]