[
  {
    "id": "c466c4c4-0681-4458-974b-ddcec0f0e444",
    "data": [
      {
        "text": "how many ",
        "userDefined": false
      },
      {
        "text": "days",
        "meta": "@unit-time",
        "alias": "unit",
        "userDefined": true
      },
      {
        "text": " passed after ",
        "userDefined": false
      },
      {
        "text": "New Year",
        "meta": "@holiday",
        "alias": "holiday",
        "userDefined": true
      }
    ],
    "isTemplate": false,
    "count": 0,
    "lang": "en",
    "updated": 0
  },
  {
    "id": "9cf85455-8b75-48d6-a6b5-c12bc877806b",
    "data": [
      {
        "text": "what\u0027s the number of ",
        "userDefined": false
      },
      {
        "text": "days",
        "meta": "@unit-time",
        "alias": "unit",
        "userDefined": true
      },
      {
        "text": " since ",
        "userDefined": false
      },
      {
        "text": "Thanksgiving",
        "meta": "@holiday",
        "alias": "holiday",
        "userDefined": true
      }
    ],
    "isTemplate": false,
    "count": 0,
    "lang": "en",
    "updated": 0
  },
  {
    "id": "3cc1abe5-ccfa-4b37-91f2-e882092070f5",
    "data": [
      {
        "text": "number of ",
        "userDefined": false
      },
      {
        "text": "days",
        "meta": "@unit-time",
        "alias": "unit",
        "userDefined": true
      },
      {
        "text": " since ",
        "userDefined": false
      },
      {
        "text": "Christmas",
        "meta": "@holiday",
        "alias": "holiday",
        "userDefined": true
      }
    ],
    "isTemplate": false,
    "count": 0,
    "lang": "en",
    "updated": 0
  },
  {
    "id": "0f9573ac-ef59-4160-946b-ded212c4a843",
    "data": [
      {
        "text": "tell me how many ",
        "userDefined": false
      },
      {
        "text": "months",
        "meta": "@unit-time",
        "alias": "unit",
        "userDefined": true
      },
      {
        "text": " after ",
        "userDefined": false
      },
      {
        "text": "St Patrick\u0027s Day",
        "meta": "@holiday",
        "alias": "holiday",
        "userDefined": true
      }
    ],
    "isTemplate": false,
    "count": 0,
    "lang": "en",
    "updated": 0
  },
  {
    "id": "12e6d543-0d58-4763-b09c-5f1ad20412dd",
    "data": [
      {
        "text": "do you know how many ",
        "userDefined": false
      },
      {
        "text": "months",
        "meta": "@unit-time",
        "alias": "unit",
        "userDefined": true
      },
      {
        "text": " passed after ",
        "userDefined": false
      },
      {
        "text": "Easter",
        "meta": "@holiday",
        "alias": "holiday",
        "userDefined": true
      }
    ],
    "isTemplate": false,
    "count": 0,
    "lang": "en",
    "updated": 0
  }
]