[
  {
    "id": "a41d7cc2-83bc-41c5-aab9-6025c11a06ba",
    "data": [
      {
        "text": "what\u0027s ",
        "userDefined": false
      },
      {
        "text": "today",
        "meta": "@sys.date",
        "alias": "date",
        "userDefined": false
      }
    ],
    "isTemplate": false,
    "count": 0,
    "lang": "en-ca",
    "updated": 0
  },
  {
    "id": "bfd9fa54-1596-409d-b7ce-5809ef1af317",
    "data": [
      {
        "text": "what is ",
        "userDefined": false
      },
      {
        "text": "today",
        "meta": "@sys.date",
        "alias": "date",
        "userDefined": false
      }
    ],
    "isTemplate": false,
    "count": 0,
    "lang": "en-ca",
    "updated": 0
  },
  {
    "id": "f04822d5-3777-4932-8235-29bf719c82c8",
    "data": [
      {
        "text": "what day is it",
        "userDefined": false
      }
    ],
    "isTemplate": false,
    "count": 0,
    "lang": "en-ca",
    "updated": 0
  },
  {
    "id": "dd846347-7a96-40ff-aa46-5327102d0e10",
    "data": [
      {
        "text": "what is it ",
        "userDefined": false
      },
      {
        "text": "today",
        "meta": "@sys.date",
        "alias": "date",
        "userDefined": false
      }
    ],
    "isTemplate": false,
    "count": 0,
    "lang": "en-ca",
    "updated": 0
  }
]