[
  {
    "id": "f681e877-d374-4e72-a0c8-1ad741d26117",
    "data": [
      {
        "text": "just going to say hi",
        "userDefined": false
      }
    ],
    "isTemplate": false,
    "count": 0,
    "lang": "en-us",
    "updated": 0
  },
  {
    "id": "8396ae3e-f9e6-4ece-8cfb-acf3bf3e4563",
    "data": [
      {
        "text": "heya",
        "userDefined": false
      }
    ],
    "isTemplate": false,
    "count": 0,
    "lang": "en-us",
    "updated": 0
  },
  {
    "id": "5c6490e9-6fda-4f69-b212-12fa567f1075",
    "data": [
      {
        "text": "hello hi",
        "userDefined": false
      }
    ],
    "isTemplate": false,
    "count": 0,
    "lang": "en-us",
    "updated": 0
  },
  {
    "id": "a3c19583-e89d-497f-8767-467b45cbce5f",
    "data": [
      {
        "text": "howdy",
        "userDefined": false
      }
    ],
    "isTemplate": false,
    "count": 0,
    "lang": "en-us",
    "updated": 0
  },
  {
    "id": "7c62f4fb-2151-467f-89a8-a52dcef9aa94",
    "data": [
      {
        "text": "hey there",
        "userDefined": false
      }
    ],
    "isTemplate": false,
    "count": 0,
    "lang": "en-us",
    "updated": 0
  },
  {
    "id": "c2d94ea9-45f0-4497-a684-83efc9f260f2",
    "data": [
      {
        "text": "hi there",
        "userDefined": false
      }
    ],
    "isTemplate": false,
    "count": 1,
    "lang": "en-us",
    "updated": 0
  },
  {
    "id": "f2771838-8358-4588-92a1-5ee070bea75c",
    "data": [
      {
        "text": "greetings",
        "userDefined": false
      }
    ],
    "isTemplate": false,
    "count": 0,
    "lang": "en-us",
    "updated": 0
  },
  {
    "id": "8ed88bd5-6085-433b-8e65-35babc5804d4",
    "data": [
      {
        "text": "hey",
        "userDefined": false
      }
    ],
    "isTemplate": false,
    "count": 0,
    "lang": "en-us",
    "updated": 0
  },
  {
    "id": "79a90973-0daa-4d44-93c8-27673297ebbb",
    "data": [
      {
        "text": "long time no see",
        "userDefined": false
      }
    ],
    "isTemplate": false,
    "count": 0,
    "lang": "en-us",
    "updated": 0
  },
  {
    "id": "d9ff2dc6-5d43-41b3-9395-4ff6849f138a",
    "data": [
      {
        "text": "hello",
        "userDefined": false
      }
    ],
    "isTemplate": false,
    "count": 0,
    "lang": "en-us",
    "updated": 0
  },
  {
    "id": "3e6136c6-f613-4763-bfdb-93f4b8dbe418",
    "data": [
      {
        "text": "lovely day isn\u0027t it",
        "userDefined": false
      }
    ],
    "isTemplate": false,
    "count": 0,
    "lang": "en-us",
    "updated": 0
  },
  {
    "id": "96969da9-68e0-4256-8988-04550615f188",
    "data": [
      {
        "text": "I greet you",
        "userDefined": false
      }
    ],
    "isTemplate": false,
    "count": 0,
    "lang": "en-us",
    "updated": 0
  },
  {
    "id": "670185d6-7f52-4c7b-a3c8-210cefe3c2de",
    "data": [
      {
        "text": "hello again",
        "userDefined": false
      }
    ],
    "isTemplate": false,
    "count": 0,
    "lang": "en-us",
    "updated": 0
  },
  {
    "id": "c89a1cd6-5539-4d7b-b3d7-41b4c1256325",
    "data": [
      {
        "text": "hi",
        "userDefined": false
      }
    ],
    "isTemplate": false,
    "count": 0,
    "lang": "en-us",
    "updated": 0
  },
  {
    "id": "906b15ed-9449-44cd-8e27-a42b3d54028d",
    "data": [
      {
        "text": "hello there",
        "userDefined": false
      }
    ],
    "isTemplate": false,
    "count": 0,
    "lang": "en-us",
    "updated": 0
  },
  {
    "id": "1cea3083-f2fb-49c9-a197-ea2f06f0623f",
    "data": [
      {
        "text": "a good day",
        "userDefined": false
      }
    ],
    "isTemplate": false,
    "count": 0,
    "lang": "en-us",
    "updated": 0
  }
]