[
  {
    "id": "cf73b28b-4e7e-47cb-827e-24ebb3b3f32d",
    "data": [
      {
        "text": "please improve your sense of humor",
        "userDefined": false
      }
    ],
    "isTemplate": false,
    "count": 0,
    "lang": "en",
    "updated": 0
  },
  {
    "id": "b7083cd0-ab06-47af-8dfa-1c5d75232ce5",
    "data": [
      {
        "text": "your jokes are awful",
        "userDefined": false
      }
    ],
    "isTemplate": false,
    "count": 0,
    "lang": "en",
    "updated": 0
  },
  {
    "id": "adc2d1ac-f5b0-46ba-90d7-bf6c769ed09e",
    "data": [
      {
        "text": "you\u0027ve lost your sense of humor",
        "userDefined": false
      }
    ],
    "isTemplate": false,
    "count": 0,
    "lang": "en",
    "updated": 0
  },
  {
    "id": "b04c264e-5013-4822-9438-648807462420",
    "data": [
      {
        "text": "your jokes don\u0027t make me laugh",
        "userDefined": false
      }
    ],
    "isTemplate": false,
    "count": 0,
    "lang": "en",
    "updated": 0
  },
  {
    "id": "c3cd3948-258b-4a1a-ace5-e683a47d9fe2",
    "data": [
      {
        "text": "your jokes are not funny",
        "userDefined": false
      }
    ],
    "isTemplate": false,
    "count": 0,
    "lang": "en",
    "updated": 0
  },
  {
    "id": "9d765bc0-e66f-4097-b54f-62fbf55fbb45",
    "data": [
      {
        "text": "i didn\u0027t like this joke",
        "userDefined": false
      }
    ],
    "isTemplate": false,
    "count": 0,
    "lang": "en",
    "updated": 0
  },
  {
    "id": "bde2df55-4eec-4b6e-978c-c2604466a06a",
    "data": [
      {
        "text": "I didn\u0027t like that joke",
        "userDefined": false
      }
    ],
    "isTemplate": false,
    "count": 0,
    "lang": "en",
    "updated": 0
  },
  {
    "id": "ddb1c35f-03fa-46ff-b7f2-b2902b0b00b1",
    "data": [
      {
        "text": "that is not funny",
        "userDefined": false
      }
    ],
    "isTemplate": false,
    "count": 0,
    "lang": "en",
    "updated": 0
  },
  {
    "id": "fddf6cc7-cce3-45b8-af4b-e5e68a72e7b5",
    "data": [
      {
        "text": "stop it",
        "userDefined": false
      }
    ],
    "isTemplate": false,
    "count": 0,
    "lang": "en",
    "updated": 0
  },
  {
    "id": "a5c979bd-777b-40a4-8b60-0f7fc914ad5e",
    "data": [
      {
        "text": "stop",
        "userDefined": false
      }
    ],
    "isTemplate": false,
    "count": 0,
    "lang": "en",
    "updated": 0
  },
  {
    "id": "fc865b18-1697-4e58-944c-1c2aa752d694",
    "data": [
      {
        "text": "no",
        "userDefined": false
      }
    ],
    "isTemplate": false,
    "count": 0,
    "lang": "en",
    "updated": 0
  },
  {
    "id": "5022f42d-0f66-4d7f-8027-0477a860716c",
    "data": [
      {
        "text": "it\u0027s a bad joke",
        "userDefined": false
      }
    ],
    "isTemplate": false,
    "count": 0,
    "lang": "en",
    "updated": 0
  },
  {
    "id": "662a5f86-88a6-4ea9-9234-a97eeeeb8300",
    "data": [
      {
        "text": "this is not funny",
        "userDefined": false
      }
    ],
    "isTemplate": false,
    "count": 0,
    "lang": "en",
    "updated": 0
  },
  {
    "id": "07206559-ccf8-44a3-8df2-7068da54e05d",
    "data": [
      {
        "text": "not funny",
        "userDefined": false
      }
    ],
    "isTemplate": false,
    "count": 0,
    "lang": "en",
    "updated": 0
  },
  {
    "id": "54443664-299f-4fbb-8ac6-4326edc70fac",
    "data": [
      {
        "text": "not funny at all",
        "userDefined": false
      }
    ],
    "isTemplate": false,
    "count": 0,
    "lang": "en",
    "updated": 0
  },
  {
    "id": "46fd26b5-84b0-475b-82cd-aab045d3d75f",
    "data": [
      {
        "text": "it was a stupid joke",
        "userDefined": false
      }
    ],
    "isTemplate": false,
    "count": 0,
    "lang": "en",
    "updated": 0
  },
  {
    "id": "1bfc4a59-69de-4c12-a067-29cb27f93a1e",
    "data": [
      {
        "text": "I wish you had a sense of humor",
        "userDefined": false
      }
    ],
    "isTemplate": false,
    "count": 0,
    "lang": "en",
    "updated": 0
  },
  {
    "id": "af7ef771-3e97-41b3-8cf0-49c6dbac6b7a",
    "data": [
      {
        "text": "you have no sense of humor",
        "userDefined": false
      }
    ],
    "isTemplate": false,
    "count": 0,
    "lang": "en",
    "updated": 0
  },
  {
    "id": "077d811a-5e04-4695-a7e7-27306b973f7b",
    "data": [
      {
        "text": "I hate your jokes",
        "userDefined": false
      }
    ],
    "isTemplate": false,
    "count": 0,
    "lang": "en",
    "updated": 0
  },
  {
    "id": "a94ad94d-a6fa-4fd9-97a3-c222670f4fa2",
    "data": [
      {
        "text": "stop your stupid jokes",
        "userDefined": false
      }
    ],
    "isTemplate": false,
    "count": 0,
    "lang": "en",
    "updated": 0
  }
]