[
  {
    "id": "5808a2f5-c6fb-46fe-b0f3-b7b5584d61f2",
    "data": [
      {
        "text": "put this track into my favourites",
        "userDefined": false
      }
    ],
    "isTemplate": false,
    "count": 0,
    "lang": "en-us",
    "updated": 0
  },
  {
    "id": "9586b85d-03a3-429f-b721-0fd1aedaac58",
    "data": [
      {
        "text": "add this song to my ",
        "userDefined": false
      },
      {
        "text": "favourites",
        "meta": "@sys.ignore",
        "userDefined": false
      }
    ],
    "isTemplate": false,
    "count": 0,
    "lang": "en-us",
    "updated": 0
  },
  {
    "id": "69509c3a-39c9-4e11-a7fb-99d3d157ed4f",
    "data": [
      {
        "text": "add this song to ",
        "userDefined": false
      },
      {
        "text": "favorite",
        "meta": "@sys.ignore",
        "userDefined": false
      }
    ],
    "isTemplate": false,
    "count": 0,
    "lang": "en-us",
    "updated": 0
  },
  {
    "id": "ee816a08-46d0-412e-a3f3-6a1557cf4f59",
    "data": [
      {
        "text": "favourite",
        "meta": "@sys.ignore",
        "userDefined": false
      },
      {
        "text": " this song",
        "userDefined": false
      }
    ],
    "isTemplate": false,
    "count": 0,
    "lang": "en-us",
    "updated": 0
  },
  {
    "id": "8ad57c36-84eb-4a4d-a1d9-16db28825b3b",
    "data": [
      {
        "text": "fave",
        "meta": "@sys.ignore",
        "userDefined": false
      },
      {
        "text": " this song",
        "userDefined": false
      }
    ],
    "isTemplate": false,
    "count": 0,
    "lang": "en-us",
    "updated": 0
  },
  {
    "id": "81fde1ac-3898-4a7e-8fe4-04756115d456",
    "data": [
      {
        "text": "add it to ",
        "userDefined": false
      },
      {
        "text": "my favourites",
        "meta": "@sys.ignore",
        "userDefined": false
      }
    ],
    "isTemplate": false,
    "count": 0,
    "lang": "en-us",
    "updated": 0
  },
  {
    "id": "3ca3f423-a7e4-41b7-b40b-aca55030d30a",
    "data": [
      {
        "text": "remember this song",
        "userDefined": false
      }
    ],
    "isTemplate": false,
    "count": 0,
    "lang": "en-us",
    "updated": 0
  },
  {
    "id": "8142610a-b671-42a1-9b2c-0770693ee425",
    "data": [
      {
        "text": "could you mark it as favourite",
        "userDefined": false
      }
    ],
    "isTemplate": false,
    "count": 0,
    "lang": "en-us",
    "updated": 0
  },
  {
    "id": "19d10e55-24bb-43f9-b5ba-685fb5c2982c",
    "data": [
      {
        "text": "add to ",
        "userDefined": false
      },
      {
        "text": "faves",
        "meta": "@sys.ignore",
        "userDefined": false
      }
    ],
    "isTemplate": false,
    "count": 0,
    "lang": "en-us",
    "updated": 0
  },
  {
    "id": "87b06654-eb9d-45f5-8c5e-993454a29392",
    "data": [
      {
        "text": "I",
        "meta": "@sys.ignore",
        "userDefined": false
      },
      {
        "text": " ",
        "userDefined": false
      },
      {
        "text": "love",
        "meta": "@sys.ignore",
        "userDefined": false
      },
      {
        "text": " this song",
        "userDefined": false
      }
    ],
    "isTemplate": false,
    "count": 0,
    "lang": "en-us",
    "updated": 0
  },
  {
    "id": "b4923c98-4121-4d86-b72c-e365c1da512b",
    "data": [
      {
        "text": "it\u0027s my favourite",
        "userDefined": false
      }
    ],
    "isTemplate": false,
    "count": 0,
    "lang": "en-us",
    "updated": 0
  }
]