[
  {
    "id": "0988937b-c7b7-42e9-afe9-ce1e40e22edf",
    "data": [
      {
        "text": "play the song you played before",
        "userDefined": false
      }
    ],
    "isTemplate": false,
    "count": 0,
    "lang": "en-in",
    "updated": 0
  },
  {
    "id": "56b49fda-4ed4-46b1-958d-402301fd3b12",
    "data": [
      {
        "text": "play the song before this",
        "userDefined": false
      }
    ],
    "isTemplate": false,
    "count": 0,
    "lang": "en-in",
    "updated": 0
  },
  {
    "id": "cb1780b2-4b2c-4213-bea1-ac5e060fd8f5",
    "data": [
      {
        "text": "play the previous song",
        "userDefined": false
      }
    ],
    "isTemplate": false,
    "count": 0,
    "lang": "en-in",
    "updated": 0
  },
  {
    "id": "f1c819a8-2cd3-4603-ad09-fd06dfcdfb14",
    "data": [
      {
        "text": "previous song",
        "userDefined": false
      }
    ],
    "isTemplate": false,
    "count": 1,
    "lang": "en-in",
    "updated": 0
  },
  {
    "id": "1fa4ace2-ba0e-4d07-a8e2-b4829a5b59fd",
    "data": [
      {
        "text": "skip ",
        "userDefined": false
      },
      {
        "text": "to",
        "meta": "@sys.ignore",
        "userDefined": true
      },
      {
        "text": " previous",
        "userDefined": false
      }
    ],
    "isTemplate": false,
    "count": 0,
    "lang": "en-in",
    "updated": 0
  },
  {
    "id": "70b04214-1867-49fd-b878-c5563ec0b30d",
    "data": [
      {
        "text": "previous station",
        "userDefined": false
      }
    ],
    "isTemplate": false,
    "count": 0,
    "lang": "en-in",
    "updated": 0
  },
  {
    "id": "449fddf8-2e0a-4b89-a161-7ba8fadd8d3a",
    "data": [
      {
        "text": "skip back",
        "userDefined": false
      }
    ],
    "isTemplate": false,
    "count": 0,
    "lang": "en-in",
    "updated": 0
  },
  {
    "id": "45aa3247-0440-4a04-8b20-aa2484802c96",
    "data": [
      {
        "text": "previous",
        "userDefined": false
      }
    ],
    "isTemplate": false,
    "count": 0,
    "lang": "en-in",
    "updated": 0
  },
  {
    "id": "e0fc1e35-11b6-4f31-985c-e435eabe690e",
    "data": [
      {
        "text": "go back to previous",
        "userDefined": false
      }
    ],
    "isTemplate": false,
    "count": 0,
    "lang": "en-in",
    "updated": 0
  },
  {
    "id": "efec5f6f-56a6-4625-bfbe-ca955a0435a2",
    "data": [
      {
        "text": "go back to previous station",
        "userDefined": false
      }
    ],
    "isTemplate": false,
    "count": 0,
    "lang": "en-in",
    "updated": 0
  },
  {
    "id": "332ce1d5-bc76-4d6e-94b6-a8c1bd16d10a",
    "data": [
      {
        "text": "go to previous",
        "userDefined": false
      }
    ],
    "isTemplate": false,
    "count": 0,
    "lang": "en-in",
    "updated": 0
  },
  {
    "id": "97e17f7e-023a-44c0-ae83-5727b7dc5170",
    "data": [
      {
        "text": "skip backward",
        "userDefined": false
      }
    ],
    "isTemplate": false,
    "count": 0,
    "lang": "en-in",
    "updated": 0
  },
  {
    "id": "efde270c-5b7e-41f4-885a-2bb8d271b042",
    "data": [
      {
        "text": "skip to the previous song",
        "userDefined": false
      }
    ],
    "isTemplate": false,
    "count": 0,
    "lang": "en-in",
    "updated": 0
  },
  {
    "id": "8445df78-079f-467f-b93f-fbfdb24c194c",
    "data": [
      {
        "text": "go back",
        "userDefined": false
      }
    ],
    "isTemplate": false,
    "count": 0,
    "lang": "en-in",
    "updated": 0
  },
  {
    "id": "ce02a9f2-653c-4ec8-8852-686751b09bd2",
    "data": [
      {
        "text": "back",
        "meta": "@sys.ignore",
        "userDefined": true
      },
      {
        "text": " ",
        "userDefined": false
      },
      {
        "text": "up",
        "meta": "@sys.ignore",
        "userDefined": true
      },
      {
        "text": " a ",
        "userDefined": false
      },
      {
        "text": "track",
        "meta": "@sys.ignore",
        "userDefined": true
      }
    ],
    "isTemplate": false,
    "count": 0,
    "lang": "en-in",
    "updated": 0
  },
  {
    "id": "d16059a7-e3a9-4c39-a692-58f09efc7e98",
    "data": [
      {
        "text": "back",
        "userDefined": false
      }
    ],
    "isTemplate": false,
    "count": 0,
    "lang": "en-in",
    "updated": 0
  },
  {
    "id": "b99613b8-cfce-4bcf-a8ee-2756b4f4d062",
    "data": [
      {
        "text": "skip to the back",
        "userDefined": false
      }
    ],
    "isTemplate": false,
    "count": 0,
    "lang": "en-in",
    "updated": 0
  },
  {
    "id": "ffa68e3c-fc49-4e1d-a617-6540eabd0321",
    "data": [
      {
        "text": "go back to previous song",
        "userDefined": false
      }
    ],
    "isTemplate": false,
    "count": 0,
    "lang": "en-in",
    "updated": 0
  }
]