[
  {
    "id": "3445925c-38f0-406b-b9f7-e912b7bebdf1",
    "data": [
      {
        "text": "I\u0027d like to download the album ",
        "userDefined": false
      },
      {
        "text": "Empty Sky",
        "meta": "@song",
        "alias": "song",
        "userDefined": true
      },
      {
        "text": " by ",
        "userDefined": false
      },
      {
        "text": "Elton John",
        "meta": "@sys.music-artist",
        "alias": "artist",
        "userDefined": true
      }
    ],
    "isTemplate": false,
    "count": 5,
    "lang": "en-gb",
    "updated": 0
  },
  {
    "id": "8629c494-b2ea-4941-9c3c-27437fe9c734",
    "data": [
      {
        "text": "download ",
        "userDefined": false
      },
      {
        "text": "Blackbird",
        "meta": "@song",
        "alias": "song",
        "userDefined": false
      },
      {
        "text": " ",
        "userDefined": false
      },
      {
        "text": "from",
        "meta": "@sys.ignore",
        "userDefined": false
      },
      {
        "text": " SD ",
        "userDefined": false
      },
      {
        "text": "card",
        "meta": "@sys.ignore",
        "userDefined": false
      }
    ],
    "isTemplate": false,
    "count": 0,
    "lang": "en-gb",
    "updated": 0
  },
  {
    "id": "a51d2ab6-2eec-420b-aa1d-bb3567189faf",
    "data": [
      {
        "text": "download",
        "meta": "@sys.ignore",
        "userDefined": true
      },
      {
        "text": " album by ",
        "userDefined": false
      },
      {
        "text": "Rihanna",
        "meta": "@sys.music-artist",
        "alias": "artist",
        "userDefined": true
      },
      {
        "text": " ",
        "userDefined": false
      },
      {
        "text": "year",
        "meta": "@sys.ignore",
        "userDefined": true
      },
      {
        "text": " ",
        "userDefined": false
      },
      {
        "text": "2016",
        "meta": "@sys.number",
        "alias": "start-year",
        "userDefined": true
      }
    ],
    "isTemplate": false,
    "count": 0,
    "lang": "en-gb",
    "updated": 0
  },
  {
    "id": "05d36e6d-11ce-4a83-bc27-0875a36d1b6c",
    "data": [
      {
        "text": "download a song from ",
        "userDefined": false
      },
      {
        "text": "Prince Royce",
        "meta": "@sys.music-artist",
        "alias": "artist",
        "userDefined": false
      }
    ],
    "isTemplate": false,
    "count": 0,
    "lang": "en-gb",
    "updated": 0
  },
  {
    "id": "d7ab24bb-51e9-4d44-a06a-bb5d89b5d9af",
    "data": [
      {
        "text": "download a song by ",
        "userDefined": false
      },
      {
        "text": "George Michael",
        "meta": "@sys.music-artist",
        "alias": "artist",
        "userDefined": false
      }
    ],
    "isTemplate": false,
    "count": 0,
    "lang": "en-gb",
    "updated": 0
  },
  {
    "id": "84c6d6b8-1d21-4b2d-93b4-fdef9bc674e7",
    "data": [
      {
        "text": "download some ",
        "userDefined": false
      },
      {
        "text": "rock n roll",
        "meta": "@sys.music-genre",
        "alias": "genre",
        "userDefined": false
      },
      {
        "text": " ",
        "userDefined": false
      },
      {
        "text": "music",
        "meta": "@sys.ignore",
        "userDefined": false
      }
    ],
    "isTemplate": false,
    "count": 0,
    "lang": "en-gb",
    "updated": 0
  },
  {
    "id": "bc6a1f17-216f-4af7-b90f-64431b1cfc05",
    "data": [
      {
        "text": "download ",
        "userDefined": false
      },
      {
        "text": "The Logical Song",
        "meta": "@song",
        "alias": "song",
        "userDefined": false
      }
    ],
    "isTemplate": false,
    "count": 0,
    "lang": "en-gb",
    "updated": 0
  },
  {
    "id": "6d78b3ff-bbdd-47b5-81d2-ac1bf70bfb83",
    "data": [
      {
        "text": "download me the song ",
        "userDefined": false
      },
      {
        "text": "Rap Call",
        "meta": "@song",
        "alias": "song",
        "userDefined": false
      },
      {
        "text": " by ",
        "userDefined": false
      },
      {
        "text": "Eminem",
        "meta": "@sys.music-artist",
        "alias": "artist",
        "userDefined": false
      }
    ],
    "isTemplate": false,
    "count": 0,
    "lang": "en-gb",
    "updated": 0
  },
  {
    "id": "bffb1bb0-01ee-4149-af38-ad070ec15e83",
    "data": [
      {
        "text": "download ",
        "userDefined": false
      },
      {
        "text": "The Beatles",
        "meta": "@sys.music-artist",
        "alias": "artist",
        "userDefined": false
      }
    ],
    "isTemplate": false,
    "count": 0,
    "lang": "en-gb",
    "updated": 0
  },
  {
    "id": "e6ab0bf7-9955-45d1-a52c-3ca57b5ea885",
    "data": [
      {
        "text": "download",
        "meta": "@sys.ignore",
        "userDefined": true
      },
      {
        "text": " the ",
        "userDefined": false
      },
      {
        "text": "newest",
        "meta": "@music-sort",
        "alias": "sort",
        "userDefined": true
      },
      {
        "text": " song by ",
        "userDefined": false
      },
      {
        "text": "Eminem",
        "meta": "@sys.music-artist",
        "alias": "artist",
        "userDefined": true
      }
    ],
    "isTemplate": false,
    "count": 0,
    "lang": "en-gb",
    "updated": 0
  },
  {
    "id": "6223574c-f97a-44fa-a48d-60f26ce3e161",
    "data": [
      {
        "text": "download a ",
        "userDefined": false
      },
      {
        "text": "country",
        "meta": "@sys.music-genre",
        "alias": "genre",
        "userDefined": false
      },
      {
        "text": " song",
        "userDefined": false
      }
    ],
    "isTemplate": false,
    "count": 0,
    "lang": "en-gb",
    "updated": 0
  },
  {
    "id": "49b10f05-f36a-468b-9e6e-3674c5ab479d",
    "data": [
      {
        "text": "download the songs",
        "userDefined": false
      }
    ],
    "isTemplate": false,
    "count": 0,
    "lang": "en-gb",
    "updated": 0
  },
  {
    "id": "2b95ef94-e5d2-4135-ba1d-b828e4c7e3b8",
    "data": [
      {
        "text": "now download ",
        "userDefined": false
      },
      {
        "text": "Cocktail",
        "meta": "@song",
        "alias": "song",
        "userDefined": false
      },
      {
        "text": " song",
        "userDefined": false
      }
    ],
    "isTemplate": false,
    "count": 5,
    "lang": "en-gb",
    "updated": 0
  },
  {
    "id": "9c9835d2-fc19-4b20-9244-d4f6e49682a0",
    "data": [
      {
        "text": "download the song ",
        "userDefined": false
      },
      {
        "text": "Timber",
        "meta": "@song",
        "alias": "song",
        "userDefined": false
      }
    ],
    "isTemplate": false,
    "count": 0,
    "lang": "en-gb",
    "updated": 0
  },
  {
    "id": "432fdcf1-f7b1-435d-89d7-d60460014402",
    "data": [
      {
        "text": "download song ",
        "userDefined": false
      },
      {
        "text": "Bottal Khol",
        "meta": "@song",
        "alias": "song",
        "userDefined": false
      }
    ],
    "isTemplate": false,
    "count": 0,
    "lang": "en-gb",
    "updated": 0
  },
  {
    "id": "394716a0-6daa-487e-9a1d-1cef1455bb1a",
    "data": [
      {
        "text": "download me a song from ",
        "userDefined": false
      },
      {
        "text": "the Beatles",
        "meta": "@sys.music-artist",
        "alias": "artist",
        "userDefined": false
      }
    ],
    "isTemplate": false,
    "count": 0,
    "lang": "en-gb",
    "updated": 0
  },
  {
    "id": "ee5670d6-251a-47f3-8542-8e8f0c411885",
    "data": [
      {
        "text": "download some ",
        "userDefined": false
      },
      {
        "text": "rock",
        "meta": "@sys.music-genre",
        "alias": "genre",
        "userDefined": true
      },
      {
        "text": " music from ",
        "userDefined": false
      },
      {
        "text": "Spotify",
        "meta": "@music-service",
        "alias": "service",
        "userDefined": true
      }
    ],
    "isTemplate": false,
    "count": 0,
    "lang": "en-gb",
    "updated": 0
  },
  {
    "id": "c90ab16f-404e-4f86-b1a0-b3017b9ca282",
    "data": [
      {
        "text": "start downloading the song",
        "userDefined": false
      }
    ],
    "isTemplate": false,
    "count": 0,
    "lang": "en-gb",
    "updated": 0
  },
  {
    "id": "092c9bd9-7f44-4d5e-8261-85556e23ddb4",
    "data": [
      {
        "text": "download me a song",
        "userDefined": false
      }
    ],
    "isTemplate": false,
    "count": 0,
    "lang": "en-gb",
    "updated": 0
  },
  {
    "id": "fb5b6200-512a-4b72-89f7-9097edeedf21",
    "data": [
      {
        "text": "download the song ",
        "userDefined": false
      },
      {
        "text": "Whip My Hair",
        "meta": "@song",
        "alias": "song",
        "userDefined": false
      },
      {
        "text": " by ",
        "userDefined": false
      },
      {
        "text": "Willow Smith",
        "meta": "@sys.music-artist",
        "alias": "artist",
        "userDefined": false
      }
    ],
    "isTemplate": false,
    "count": 0,
    "lang": "en-gb",
    "updated": 0
  },
  {
    "id": "85ac1136-357b-40c7-bb15-0c22bc099265",
    "data": [
      {
        "text": "download ",
        "userDefined": false
      },
      {
        "text": "Lean On",
        "meta": "@song",
        "alias": "song",
        "userDefined": true
      },
      {
        "text": " song",
        "userDefined": false
      }
    ],
    "isTemplate": false,
    "count": 0,
    "lang": "en-gb",
    "updated": 0
  },
  {
    "id": "5aecf477-6c19-4131-8e8e-bb06794b852f",
    "data": [
      {
        "text": "download ",
        "userDefined": false
      },
      {
        "text": "One Direction",
        "meta": "@sys.music-artist",
        "alias": "artist",
        "userDefined": true
      },
      {
        "text": " songs",
        "userDefined": false
      }
    ],
    "isTemplate": false,
    "count": 0,
    "lang": "en-gb",
    "updated": 0
  },
  {
    "id": "e1f94b0f-0d32-4102-8a8a-392979313706",
    "data": [
      {
        "text": "download a song",
        "userDefined": false
      }
    ],
    "isTemplate": false,
    "count": 0,
    "lang": "en-gb",
    "updated": 0
  },
  {
    "id": "85804faf-080e-4318-b9d3-08181f8cde8d",
    "data": [
      {
        "text": "download the ",
        "userDefined": false
      },
      {
        "text": "music",
        "meta": "@sys.ignore",
        "userDefined": true
      }
    ],
    "isTemplate": false,
    "count": 0,
    "lang": "en-gb",
    "updated": 0
  },
  {
    "id": "8d791379-91fd-42ab-837d-6f951e291643",
    "data": [
      {
        "text": "download the song ",
        "userDefined": false
      },
      {
        "text": "Chinta Ta Ta Chita Chita",
        "meta": "@song",
        "alias": "song",
        "userDefined": false
      },
      {
        "text": " to my download list",
        "userDefined": false
      }
    ],
    "isTemplate": false,
    "count": 3,
    "lang": "en-gb",
    "updated": 0
  },
  {
    "id": "3a86ba15-3315-40a5-9142-1fff7124a9dc",
    "data": [
      {
        "text": "download ",
        "userDefined": false
      },
      {
        "text": "ringtone",
        "meta": "@sys.ignore",
        "userDefined": true
      }
    ],
    "isTemplate": false,
    "count": 0,
    "lang": "en-gb",
    "updated": 0
  },
  {
    "id": "eb4cf733-b782-4499-8153-c4a0c15df4a8",
    "data": [
      {
        "text": "download song ",
        "userDefined": false
      },
      {
        "text": "Never Gone",
        "meta": "@song",
        "alias": "song",
        "userDefined": false
      }
    ],
    "isTemplate": false,
    "count": 0,
    "lang": "en-gb",
    "updated": 0
  },
  {
    "id": "b61bb874-197d-4967-afd4-3ccca3784cc3",
    "data": [
      {
        "text": "download ",
        "userDefined": false
      },
      {
        "text": "Kenny G",
        "meta": "@sys.music-artist",
        "alias": "artist",
        "userDefined": false
      },
      {
        "text": " song",
        "userDefined": false
      }
    ],
    "isTemplate": false,
    "count": 7,
    "lang": "en-gb",
    "updated": 0
  },
  {
    "id": "df68aae6-e7d4-4fbb-946b-4c85782ad639",
    "data": [
      {
        "text": "download the song from my ",
        "userDefined": false
      },
      {
        "text": "music",
        "meta": "@sys.ignore",
        "userDefined": false
      },
      {
        "text": " downloader",
        "userDefined": false
      }
    ],
    "isTemplate": false,
    "count": 0,
    "lang": "en-gb",
    "updated": 0
  },
  {
    "id": "621c6251-f69f-4b31-8476-aa6a2a27d04f",
    "data": [
      {
        "text": "download the ",
        "userDefined": false
      },
      {
        "text": "Mean Kitty",
        "meta": "@song",
        "alias": "song",
        "userDefined": false
      },
      {
        "text": " song",
        "userDefined": false
      }
    ],
    "isTemplate": false,
    "count": 0,
    "lang": "en-gb",
    "updated": 0
  },
  {
    "id": "6a15859e-2a8e-4f5c-bdfa-dbf8d1e219e4",
    "data": [
      {
        "text": "download the song ",
        "userDefined": false
      },
      {
        "text": "Brown Rang",
        "meta": "@song",
        "alias": "song",
        "userDefined": false
      }
    ],
    "isTemplate": false,
    "count": 0,
    "lang": "en-gb",
    "updated": 0
  },
  {
    "id": "cb468f6b-894e-43bd-8a62-1624f154e3e4",
    "data": [
      {
        "text": "download the song ",
        "userDefined": false
      },
      {
        "text": "Turn Down for a While",
        "meta": "@song",
        "alias": "song",
        "userDefined": false
      }
    ],
    "isTemplate": false,
    "count": 0,
    "lang": "en-gb",
    "updated": 0
  },
  {
    "id": "4fee5c56-afb5-4ac1-beb2-c3bc414cec53",
    "data": [
      {
        "text": "download a ",
        "userDefined": false
      },
      {
        "text": "pop",
        "meta": "@sys.music-genre",
        "alias": "genre",
        "userDefined": false
      },
      {
        "text": " song",
        "userDefined": false
      }
    ],
    "isTemplate": false,
    "count": 0,
    "lang": "en-gb",
    "updated": 0
  },
  {
    "id": "75ea771b-a08b-47a1-9a8b-c2396d88e1a8",
    "data": [
      {
        "text": "download ",
        "userDefined": false
      },
      {
        "text": "Skrillex",
        "meta": "@sys.music-artist",
        "alias": "artist",
        "userDefined": false
      }
    ],
    "isTemplate": false,
    "count": 0,
    "lang": "en-gb",
    "updated": 0
  },
  {
    "id": "1ab6a2bd-9de7-49c8-95ec-18aa75e3296c",
    "data": [
      {
        "text": "download song ",
        "userDefined": false
      },
      {
        "text": "Jesus Rise",
        "meta": "@song",
        "alias": "song",
        "userDefined": false
      },
      {
        "text": " ",
        "userDefined": false
      },
      {
        "text": "McClain",
        "meta": "@sys.music-artist",
        "alias": "artist",
        "userDefined": false
      }
    ],
    "isTemplate": false,
    "count": 0,
    "lang": "en-gb",
    "updated": 0
  },
  {
    "id": "b9c16c77-9df0-4014-80d5-71283f045d92",
    "data": [
      {
        "text": "download ",
        "userDefined": false
      },
      {
        "text": "Yesterday",
        "meta": "@song",
        "alias": "song",
        "userDefined": true
      },
      {
        "text": " song by ",
        "userDefined": false
      },
      {
        "text": "The Beatles",
        "meta": "@sys.music-artist",
        "alias": "artist",
        "userDefined": true
      }
    ],
    "isTemplate": false,
    "count": 0,
    "lang": "en-gb",
    "updated": 0
  },
  {
    "id": "5e697caf-c941-40be-bf6f-07fb973bc5bd",
    "data": [
      {
        "text": "download song ",
        "userDefined": false
      },
      {
        "text": "The Man",
        "meta": "@song",
        "alias": "song",
        "userDefined": false
      }
    ],
    "isTemplate": false,
    "count": 0,
    "lang": "en-gb",
    "updated": 0
  },
  {
    "id": "8e3f79a5-0cf4-4ea9-a359-ddefcc766a5d",
    "data": [
      {
        "text": "download",
        "meta": "@sys.ignore",
        "userDefined": true
      },
      {
        "text": " ",
        "userDefined": false
      },
      {
        "text": "Bowie",
        "meta": "@sys.music-artist",
        "alias": "artist",
        "userDefined": true
      },
      {
        "text": " before ",
        "userDefined": false
      },
      {
        "text": "1970",
        "meta": "@sys.number",
        "alias": "end-year",
        "userDefined": true
      }
    ],
    "isTemplate": false,
    "count": 0,
    "lang": "en-gb",
    "updated": 0
  },
  {
    "id": "b9c28035-bab1-4662-9173-1982a473e557",
    "data": [
      {
        "text": "you",
        "meta": "@sys.ignore",
        "userDefined": false
      },
      {
        "text": " should download ",
        "userDefined": false
      },
      {
        "text": "music",
        "meta": "@sys.ignore",
        "userDefined": false
      }
    ],
    "isTemplate": false,
    "count": 0,
    "lang": "en-gb",
    "updated": 0
  },
  {
    "id": "d158ea7c-2261-45ff-b570-bacb798daae7",
    "data": [
      {
        "text": "download some ",
        "userDefined": false
      },
      {
        "text": "music",
        "meta": "@sys.ignore",
        "userDefined": true
      },
      {
        "text": " for me",
        "userDefined": false
      }
    ],
    "isTemplate": false,
    "count": 0,
    "lang": "en-gb",
    "updated": 0
  },
  {
    "id": "479d64a0-59fb-4fa7-a31d-ec2d5a7901b4",
    "data": [
      {
        "text": "download song ",
        "userDefined": false
      },
      {
        "text": "Before June Gets Back",
        "meta": "@song",
        "alias": "song",
        "userDefined": false
      }
    ],
    "isTemplate": false,
    "count": 0,
    "lang": "en-gb",
    "updated": 0
  },
  {
    "id": "e7163183-2ca5-4591-981a-2e08f1f34ee1",
    "data": [
      {
        "text": "download song by ",
        "userDefined": false
      },
      {
        "text": "Hustle Gang",
        "meta": "@sys.music-artist",
        "alias": "artist",
        "userDefined": false
      }
    ],
    "isTemplate": false,
    "count": 0,
    "lang": "en-gb",
    "updated": 0
  },
  {
    "id": "4c44c7af-57d6-4cfb-8f52-b720f14b6fff",
    "data": [
      {
        "text": "download song by ",
        "userDefined": false
      },
      {
        "text": "Kanye West",
        "meta": "@sys.music-artist",
        "alias": "artist",
        "userDefined": false
      }
    ],
    "isTemplate": false,
    "count": 0,
    "lang": "en-gb",
    "updated": 0
  },
  {
    "id": "9e815860-5e5d-4a7b-98ab-30e1f658adce",
    "data": [
      {
        "text": "download ",
        "userDefined": false
      },
      {
        "text": "music",
        "meta": "@sys.ignore",
        "userDefined": false
      },
      {
        "text": " by ",
        "userDefined": false
      },
      {
        "text": "Rolling Stones",
        "meta": "@sys.music-artist",
        "alias": "artist",
        "userDefined": false
      }
    ],
    "isTemplate": false,
    "count": 0,
    "lang": "en-gb",
    "updated": 0
  },
  {
    "id": "c53e35ff-cf5e-483a-9cb8-b7eb0cc4c049",
    "data": [
      {
        "text": "download me a song by ",
        "userDefined": false
      },
      {
        "text": "Aventura",
        "meta": "@sys.music-artist",
        "alias": "artist",
        "userDefined": false
      }
    ],
    "isTemplate": false,
    "count": 0,
    "lang": "en-gb",
    "updated": 0
  },
  {
    "id": "edff6a93-6cc9-4843-8872-66d721303302",
    "data": [
      {
        "text": "download ",
        "userDefined": false
      },
      {
        "text": "Lisa Stansfield",
        "meta": "@sys.music-artist",
        "alias": "artist",
        "userDefined": true
      },
      {
        "text": " ",
        "userDefined": false
      },
      {
        "text": "house",
        "meta": "@sys.music-genre",
        "alias": "genre",
        "userDefined": true
      },
      {
        "text": " ",
        "userDefined": false
      },
      {
        "text": "music",
        "meta": "@sys.ignore",
        "userDefined": true
      }
    ],
    "isTemplate": false,
    "count": 0,
    "lang": "en-gb",
    "updated": 0
  },
  {
    "id": "b5026ce7-d127-440a-a81b-93c6b37f2ed4",
    "data": [
      {
        "text": "download ",
        "userDefined": false
      },
      {
        "text": "Maroon 5",
        "meta": "@sys.music-artist",
        "alias": "artist",
        "userDefined": false
      },
      {
        "text": " song",
        "userDefined": false
      }
    ],
    "isTemplate": false,
    "count": 0,
    "lang": "en-gb",
    "updated": 0
  },
  {
    "id": "36573676-37d9-4f84-b0bc-d4abd7876e3d",
    "data": [
      {
        "text": "music",
        "meta": "@sys.ignore",
        "userDefined": false
      },
      {
        "text": " download ",
        "userDefined": false
      },
      {
        "text": "Addicted to Love",
        "meta": "@song",
        "alias": "song",
        "userDefined": false
      }
    ],
    "isTemplate": false,
    "count": 0,
    "lang": "en-gb",
    "updated": 0
  },
  {
    "id": "18c1418b-bed2-4d92-96e9-1a279288d6b4",
    "data": [
      {
        "text": "download the song ",
        "userDefined": false
      },
      {
        "text": "Back in Time",
        "meta": "@song",
        "alias": "song",
        "userDefined": false
      },
      {
        "text": " by ",
        "userDefined": false
      },
      {
        "text": "Pitbull",
        "meta": "@sys.music-artist",
        "alias": "artist",
        "userDefined": false
      }
    ],
    "isTemplate": false,
    "count": 0,
    "lang": "en-gb",
    "updated": 0
  },
  {
    "id": "65e255ff-8951-4d39-b823-788a81490958",
    "data": [
      {
        "text": "download",
        "meta": "@sys.ignore",
        "userDefined": true
      },
      {
        "text": " ",
        "userDefined": false
      },
      {
        "text": "latest",
        "meta": "@music-sort",
        "alias": "sort",
        "userDefined": true
      },
      {
        "text": " ",
        "userDefined": false
      },
      {
        "text": "Metallica",
        "meta": "@sys.music-artist",
        "alias": "artist",
        "userDefined": true
      }
    ],
    "isTemplate": false,
    "count": 0,
    "lang": "en-gb",
    "updated": 0
  },
  {
    "id": "4e7d6be8-a718-4920-a54a-61fce42c2ff3",
    "data": [
      {
        "text": "download this song ",
        "userDefined": false
      },
      {
        "text": "thank you",
        "meta": "@sys.ignore",
        "userDefined": false
      }
    ],
    "isTemplate": false,
    "count": 0,
    "lang": "en-gb",
    "updated": 0
  },
  {
    "id": "8cb12cc3-f114-499d-adf0-a1ec3b37e470",
    "data": [
      {
        "text": "download ",
        "userDefined": false
      },
      {
        "text": "Love Me",
        "meta": "@song",
        "alias": "song",
        "userDefined": false
      },
      {
        "text": " song",
        "userDefined": false
      }
    ],
    "isTemplate": false,
    "count": 0,
    "lang": "en-gb",
    "updated": 0
  },
  {
    "id": "24844460-4c30-474f-a7ca-ae58d0df5c6c",
    "data": [
      {
        "text": "download the song ",
        "userDefined": false
      },
      {
        "text": "Sweater Weather",
        "meta": "@song",
        "alias": "song",
        "userDefined": false
      }
    ],
    "isTemplate": false,
    "count": 0,
    "lang": "en-gb",
    "updated": 0
  },
  {
    "id": "3979e437-b147-4da5-a01c-584f81c972d5",
    "data": [
      {
        "text": "download ",
        "userDefined": false
      },
      {
        "text": "Louis Armstrong",
        "meta": "@sys.music-artist",
        "alias": "artist",
        "userDefined": false
      }
    ],
    "isTemplate": false,
    "count": 0,
    "lang": "en-gb",
    "updated": 0
  },
  {
    "id": "9764d409-2eec-4fdc-940a-071104803cf2",
    "data": [
      {
        "text": "download a song from ",
        "userDefined": false
      },
      {
        "text": "YouTube",
        "meta": "@music-service",
        "alias": "service",
        "userDefined": true
      }
    ],
    "isTemplate": false,
    "count": 0,
    "lang": "en-gb",
    "updated": 0
  },
  {
    "id": "81daacd5-7ac2-4b6e-b778-2647820592c7",
    "data": [
      {
        "text": "download",
        "meta": "@sys.ignore",
        "userDefined": true
      },
      {
        "text": " ",
        "userDefined": false
      },
      {
        "text": "Telugu",
        "meta": "@sys.ignore",
        "userDefined": true
      },
      {
        "text": " songs",
        "userDefined": false
      }
    ],
    "isTemplate": false,
    "count": 0,
    "lang": "en-gb",
    "updated": 0
  },
  {
    "id": "d39aab71-7ca8-4868-a281-0b62d485ff8d",
    "data": [
      {
        "text": "can",
        "meta": "@sys.ignore",
        "userDefined": false
      },
      {
        "text": " ",
        "userDefined": false
      },
      {
        "text": "you",
        "meta": "@sys.ignore",
        "userDefined": false
      },
      {
        "text": " download a song for me",
        "userDefined": false
      }
    ],
    "isTemplate": false,
    "count": 0,
    "lang": "en-gb",
    "updated": 0
  },
  {
    "id": "d226d6a8-bdda-40f1-8abd-412652ce5cb2",
    "data": [
      {
        "text": "can",
        "meta": "@sys.ignore",
        "userDefined": true
      },
      {
        "text": " you ",
        "userDefined": false
      },
      {
        "text": "download",
        "meta": "@sys.ignore",
        "userDefined": true
      },
      {
        "text": " songs",
        "userDefined": false
      }
    ],
    "isTemplate": false,
    "count": 0,
    "lang": "en-gb",
    "updated": 0
  },
  {
    "id": "dbd66d5b-903e-44c7-90f3-60a8ebc942db",
    "data": [
      {
        "text": "download something from ",
        "userDefined": false
      },
      {
        "text": "Maroon 5",
        "meta": "@sys.music-artist",
        "alias": "artist",
        "userDefined": false
      }
    ],
    "isTemplate": false,
    "count": 0,
    "lang": "en-gb",
    "updated": 0
  },
  {
    "id": "2e09aa8e-ced9-4380-9b2f-f3f32399731c",
    "data": [
      {
        "text": "download the song",
        "userDefined": false
      }
    ],
    "isTemplate": false,
    "count": 0,
    "lang": "en-gb",
    "updated": 0
  },
  {
    "id": "b7e5ae8e-f471-4ea1-81b6-0c7ea38fbb91",
    "data": [
      {
        "text": "download song ",
        "userDefined": false
      },
      {
        "text": "Stairway to Heaven",
        "meta": "@song",
        "alias": "song",
        "userDefined": false
      }
    ],
    "isTemplate": false,
    "count": 0,
    "lang": "en-gb",
    "updated": 0
  },
  {
    "id": "4295956c-1654-4018-9418-6e176bebe214",
    "data": [
      {
        "text": "download ",
        "userDefined": false
      },
      {
        "text": "music",
        "meta": "@sys.ignore",
        "userDefined": true
      },
      {
        "text": " for me",
        "userDefined": false
      }
    ],
    "isTemplate": false,
    "count": 0,
    "lang": "en-gb",
    "updated": 0
  },
  {
    "id": "d0ecb4f2-0000-4590-93cc-6bf1bedeae9e",
    "data": [
      {
        "text": "download ",
        "userDefined": false
      },
      {
        "text": "Michael Jackson",
        "meta": "@sys.music-artist",
        "alias": "artist",
        "userDefined": true
      },
      {
        "text": "\u0027s songs from ",
        "userDefined": false
      },
      {
        "text": "1988",
        "meta": "@sys.number",
        "alias": "start-year",
        "userDefined": true
      },
      {
        "text": " till ",
        "userDefined": false
      },
      {
        "text": "1989",
        "meta": "@sys.number",
        "alias": "end-year",
        "userDefined": true
      }
    ],
    "isTemplate": false,
    "count": 0,
    "lang": "en-gb",
    "updated": 0
  },
  {
    "id": "92d4fc84-2bb0-44a5-8ff1-ded1b9aefc4a",
    "data": [
      {
        "text": "download a song ",
        "userDefined": false
      },
      {
        "text": "you",
        "meta": "@sys.ignore",
        "userDefined": false
      },
      {
        "text": " like",
        "userDefined": false
      }
    ],
    "isTemplate": false,
    "count": 0,
    "lang": "en-gb",
    "updated": 0
  },
  {
    "id": "d80d8d4e-92a5-49b6-930a-11d3eac5b6c2",
    "data": [
      {
        "text": "could you download ",
        "userDefined": false
      },
      {
        "text": "the",
        "meta": "@sys.ignore",
        "userDefined": true
      },
      {
        "text": " song ",
        "userDefined": false
      },
      {
        "text": "Umbrella",
        "meta": "@song",
        "alias": "song",
        "userDefined": true
      },
      {
        "text": " by ",
        "userDefined": false
      },
      {
        "text": "Rihanna",
        "meta": "@sys.music-artist",
        "alias": "artist",
        "userDefined": true
      }
    ],
    "isTemplate": false,
    "count": 5,
    "lang": "en-gb",
    "updated": 0
  },
  {
    "id": "5ac71159-038d-4bbf-8baa-313ed4489055",
    "data": [
      {
        "text": "can",
        "meta": "@sys.ignore",
        "userDefined": false
      },
      {
        "text": " ",
        "userDefined": false
      },
      {
        "text": "you",
        "meta": "@sys.ignore",
        "userDefined": false
      },
      {
        "text": " download a song",
        "userDefined": false
      }
    ],
    "isTemplate": false,
    "count": 0,
    "lang": "en-gb",
    "updated": 0
  },
  {
    "id": "e0aefd40-f938-4db9-8a29-cd488ff63d97",
    "data": [
      {
        "text": "download a song ",
        "userDefined": false
      },
      {
        "text": "On My Knees",
        "meta": "@song",
        "alias": "song",
        "userDefined": false
      }
    ],
    "isTemplate": false,
    "count": 0,
    "lang": "en-gb",
    "updated": 0
  },
  {
    "id": "bc4026d5-a12b-4921-865f-aff5f16bf298",
    "data": [
      {
        "text": "download the song ",
        "userDefined": false
      },
      {
        "text": "Green Grass and High Times",
        "meta": "@song",
        "alias": "song",
        "userDefined": false
      }
    ],
    "isTemplate": false,
    "count": 0,
    "lang": "en-gb",
    "updated": 0
  },
  {
    "id": "f1817c7e-72cc-4c2c-879a-167dbbc77b3b",
    "data": [
      {
        "text": "download some ",
        "userDefined": false
      },
      {
        "text": "music",
        "meta": "@sys.ignore",
        "userDefined": true
      }
    ],
    "isTemplate": false,
    "count": 8,
    "lang": "en-gb",
    "updated": 0
  },
  {
    "id": "d040d264-d208-4615-9e8c-cd26096b3481",
    "data": [
      {
        "text": "download song by ",
        "userDefined": false
      },
      {
        "text": "Nicki Minaj",
        "meta": "@sys.music-artist",
        "alias": "artist",
        "userDefined": false
      }
    ],
    "isTemplate": false,
    "count": 0,
    "lang": "en-gb",
    "updated": 0
  },
  {
    "id": "6268cacd-6972-418e-9f2a-c2957624fb99",
    "data": [
      {
        "text": "download song ",
        "userDefined": false
      },
      {
        "text": "Never",
        "meta": "@song",
        "alias": "song",
        "userDefined": false
      },
      {
        "text": " by ",
        "userDefined": false
      },
      {
        "text": "One Direction",
        "meta": "@sys.music-artist",
        "alias": "artist",
        "userDefined": true
      }
    ],
    "isTemplate": false,
    "count": 0,
    "lang": "en-gb",
    "updated": 0
  },
  {
    "id": "decb95ab-c44e-4cbe-ac1c-0be364812a65",
    "data": [
      {
        "text": "I need to download ",
        "userDefined": false
      },
      {
        "text": "Spanish",
        "meta": "@sys.ignore",
        "userDefined": true
      },
      {
        "text": " songs by ",
        "userDefined": false
      },
      {
        "text": "Enrique Iglesias",
        "meta": "@sys.music-artist",
        "alias": "artist",
        "userDefined": true
      }
    ],
    "isTemplate": false,
    "count": 0,
    "lang": "en-gb",
    "updated": 0
  },
  {
    "id": "575ee8c6-7d38-45cc-a43a-07c8597b1f82",
    "data": [
      {
        "text": "download some ",
        "userDefined": false
      },
      {
        "text": "music",
        "meta": "@sys.ignore",
        "userDefined": false
      },
      {
        "text": " ",
        "userDefined": false
      },
      {
        "text": "on",
        "meta": "@sys.ignore",
        "userDefined": false
      },
      {
        "text": " ",
        "userDefined": false
      },
      {
        "text": "iPod",
        "meta": "@sys.ignore",
        "userDefined": false
      },
      {
        "text": ".",
        "userDefined": false
      }
    ],
    "isTemplate": false,
    "count": 0,
    "lang": "en-gb",
    "updated": 0
  },
  {
    "id": "103e8605-3683-4f0c-84ed-9c2a21ea052d",
    "data": [
      {
        "text": "download this song ",
        "userDefined": false
      },
      {
        "text": "My Story",
        "meta": "@song",
        "alias": "song",
        "userDefined": false
      }
    ],
    "isTemplate": false,
    "count": 0,
    "lang": "en-gb",
    "updated": 0
  },
  {
    "id": "0cdf048d-9499-4220-a744-b74edadae0ba",
    "data": [
      {
        "text": "download song ",
        "userDefined": false
      },
      {
        "text": "Sunny Sunny",
        "meta": "@song",
        "alias": "song",
        "userDefined": false
      }
    ],
    "isTemplate": false,
    "count": 0,
    "lang": "en-gb",
    "updated": 0
  },
  {
    "id": "99a1805c-09b2-4d32-9a10-d4b80bb100b2",
    "data": [
      {
        "text": "download song ",
        "userDefined": false
      },
      {
        "text": "No New Friends",
        "meta": "@song",
        "alias": "song",
        "userDefined": false
      }
    ],
    "isTemplate": false,
    "count": 0,
    "lang": "en-gb",
    "updated": 0
  },
  {
    "id": "cbc56d8b-8a08-48dd-b587-efcd2a5b655f",
    "data": [
      {
        "text": "download for me a song",
        "userDefined": false
      }
    ],
    "isTemplate": false,
    "count": 0,
    "lang": "en-gb",
    "updated": 0
  },
  {
    "id": "516caf30-aec2-4b28-ab48-49782ed44783",
    "data": [
      {
        "text": "download ",
        "userDefined": false
      },
      {
        "text": "Barbie",
        "meta": "@song",
        "alias": "song",
        "userDefined": true
      },
      {
        "text": " song",
        "userDefined": false
      }
    ],
    "isTemplate": false,
    "count": 8,
    "lang": "en-gb",
    "updated": 0
  },
  {
    "id": "e77b7a78-7c31-4604-a6fe-31daefcbddb2",
    "data": [
      {
        "text": "how can I download ",
        "userDefined": false
      },
      {
        "text": "One Direction",
        "meta": "@sys.music-artist",
        "alias": "artist",
        "userDefined": true
      },
      {
        "text": " ",
        "userDefined": false
      },
      {
        "text": "Rock me",
        "meta": "@song",
        "alias": "song",
        "userDefined": true
      },
      {
        "text": " song",
        "userDefined": false
      }
    ],
    "isTemplate": false,
    "count": 0,
    "lang": "en-gb",
    "updated": 0
  },
  {
    "id": "80d46c45-71b2-41b7-a06a-ae1c3e69e335",
    "data": [
      {
        "text": "music",
        "meta": "@sys.ignore",
        "userDefined": false
      },
      {
        "text": " download",
        "userDefined": false
      }
    ],
    "isTemplate": false,
    "count": 0,
    "lang": "en-gb",
    "updated": 0
  },
  {
    "id": "3f116943-cf5c-4856-b1c5-083cdca1f1ba",
    "data": [
      {
        "text": "download ",
        "userDefined": false
      },
      {
        "text": "r n b",
        "meta": "@sys.music-genre",
        "alias": "genre",
        "userDefined": true
      },
      {
        "text": " ",
        "userDefined": false
      },
      {
        "text": "music",
        "meta": "@sys.ignore",
        "userDefined": false
      }
    ],
    "isTemplate": false,
    "count": 0,
    "lang": "en-gb",
    "updated": 0
  },
  {
    "id": "467eac53-923a-41d6-b016-76867e829dd7",
    "data": [
      {
        "text": "download the song ",
        "userDefined": false
      },
      {
        "text": "right now",
        "meta": "@sys.ignore",
        "userDefined": false
      }
    ],
    "isTemplate": false,
    "count": 0,
    "lang": "en-gb",
    "updated": 0
  },
  {
    "id": "4f4fce59-73fb-4d29-b1e0-b841f5c5b80a",
    "data": [
      {
        "text": "download ",
        "userDefined": false
      },
      {
        "text": "Sugar",
        "meta": "@song",
        "alias": "song",
        "userDefined": false
      },
      {
        "text": " by ",
        "userDefined": false
      },
      {
        "text": "Maroon five",
        "meta": "@sys.music-artist",
        "alias": "artist",
        "userDefined": false
      }
    ],
    "isTemplate": false,
    "count": 0,
    "lang": "en-gb",
    "updated": 0
  },
  {
    "id": "9ee13576-2395-425a-8d00-9307a2daa93e",
    "data": [
      {
        "text": "I want to download songs",
        "userDefined": false
      }
    ],
    "isTemplate": false,
    "count": 0,
    "lang": "en-gb",
    "updated": 0
  },
  {
    "id": "434d37df-86d4-47ca-b8eb-51ff98ffaff0",
    "data": [
      {
        "text": "download the song ",
        "userDefined": false
      },
      {
        "text": "Hero",
        "meta": "@song",
        "alias": "song",
        "userDefined": false
      }
    ],
    "isTemplate": false,
    "count": 0,
    "lang": "en-gb",
    "updated": 0
  },
  {
    "id": "12c5912c-f4b4-47be-aa7f-50a8d5a9a8d9",
    "data": [
      {
        "text": "download a song by ",
        "userDefined": false
      },
      {
        "text": "Aventura",
        "meta": "@sys.music-artist",
        "alias": "artist",
        "userDefined": false
      }
    ],
    "isTemplate": false,
    "count": 0,
    "lang": "en-gb",
    "updated": 0
  },
  {
    "id": "eb3e81a0-7b71-4418-b628-56b98814809a",
    "data": [
      {
        "text": "download the album ",
        "userDefined": false
      },
      {
        "text": "Starboy",
        "meta": "@music-album",
        "alias": "album",
        "userDefined": true
      }
    ],
    "isTemplate": false,
    "count": 0,
    "lang": "en-gb",
    "updated": 0
  },
  {
    "id": "17a76c36-6c1e-48de-ae85-2aa930a6ae07",
    "data": [
      {
        "text": "download ",
        "userDefined": false
      },
      {
        "text": "Home Sweet Home",
        "meta": "@song",
        "alias": "song",
        "userDefined": false
      }
    ],
    "isTemplate": false,
    "count": 0,
    "lang": "en-gb",
    "updated": 0
  },
  {
    "id": "11e44432-a4cd-477c-8fcf-6dd46e339748",
    "data": [
      {
        "text": "download some songs",
        "userDefined": false
      }
    ],
    "isTemplate": false,
    "count": 0,
    "lang": "en-gb",
    "updated": 0
  },
  {
    "id": "dc692f13-e89c-461d-adc3-ada271e57f73",
    "data": [
      {
        "text": "download the song ",
        "userDefined": false
      },
      {
        "text": "In Demand",
        "meta": "@song",
        "alias": "song",
        "userDefined": false
      }
    ],
    "isTemplate": false,
    "count": 0,
    "lang": "en-gb",
    "updated": 0
  },
  {
    "id": "ed729473-3a4d-4c66-a23f-9616fca91990",
    "data": [
      {
        "text": "download the song ",
        "userDefined": false
      },
      {
        "text": "Heal",
        "meta": "@song",
        "alias": "song",
        "userDefined": false
      }
    ],
    "isTemplate": false,
    "count": 0,
    "lang": "en-gb",
    "updated": 0
  },
  {
    "id": "95b7889f-0251-45c1-a2c3-e80fb4f00523",
    "data": [
      {
        "text": "download",
        "meta": "@sys.ignore",
        "userDefined": true
      },
      {
        "text": " some songs ",
        "userDefined": false
      },
      {
        "text": "in",
        "meta": "@sys.ignore",
        "userDefined": true
      },
      {
        "text": " ",
        "userDefined": false
      },
      {
        "text": "Hindi",
        "meta": "@sys.ignore",
        "userDefined": true
      }
    ],
    "isTemplate": false,
    "count": 0,
    "lang": "en-gb",
    "updated": 0
  },
  {
    "id": "6725551c-ffc6-4164-bb1a-80ae8dd219b7",
    "data": [
      {
        "text": "download ",
        "userDefined": false
      },
      {
        "text": "Rihanna",
        "meta": "@sys.music-artist",
        "alias": "artist",
        "userDefined": false
      },
      {
        "text": " ft ",
        "userDefined": false
      },
      {
        "text": "Drake",
        "meta": "@sys.music-artist",
        "alias": "artist",
        "userDefined": true
      },
      {
        "text": "  ",
        "userDefined": false
      },
      {
        "text": "Work",
        "meta": "@song",
        "alias": "song",
        "userDefined": true
      }
    ],
    "isTemplate": false,
    "count": 0,
    "lang": "en-gb",
    "updated": 0
  },
  {
    "id": "beaf33ff-6bc9-41ed-b212-ef02a3052405",
    "data": [
      {
        "text": "could you download the ",
        "userDefined": false
      },
      {
        "text": "best",
        "meta": "@music-sort",
        "alias": "sort",
        "userDefined": true
      },
      {
        "text": " songs of the year ",
        "userDefined": false
      },
      {
        "text": "2015",
        "meta": "@sys.number",
        "alias": "start-year",
        "userDefined": true
      }
    ],
    "isTemplate": false,
    "count": 0,
    "lang": "en-gb",
    "updated": 0
  },
  {
    "id": "cb142c5c-d0d1-41fa-9d8d-3c51e28be694",
    "data": [
      {
        "text": "free",
        "meta": "@sys.ignore",
        "userDefined": false
      },
      {
        "text": " ",
        "userDefined": false
      },
      {
        "text": "music",
        "meta": "@sys.ignore",
        "userDefined": false
      },
      {
        "text": " download",
        "userDefined": false
      }
    ],
    "isTemplate": false,
    "count": 0,
    "lang": "en-gb",
    "updated": 0
  },
  {
    "id": "74689b8d-2039-4340-b07c-1ddf79c3963c",
    "data": [
      {
        "text": "download a song by ",
        "userDefined": false
      },
      {
        "text": "Madonna",
        "meta": "@sys.music-artist",
        "alias": "artist",
        "userDefined": false
      },
      {
        "text": " for me",
        "userDefined": false
      }
    ],
    "isTemplate": false,
    "count": 0,
    "lang": "en-gb",
    "updated": 0
  },
  {
    "id": "4c0d81e7-e755-419a-94d0-34cdb0203d35",
    "data": [
      {
        "text": "download some ",
        "userDefined": false
      },
      {
        "text": "music",
        "meta": "@sys.ignore",
        "userDefined": false
      },
      {
        "text": " from my SD ",
        "userDefined": false
      },
      {
        "text": "card",
        "meta": "@sys.ignore",
        "userDefined": false
      }
    ],
    "isTemplate": false,
    "count": 0,
    "lang": "en-gb",
    "updated": 0
  },
  {
    "id": "50175cc9-5154-4e96-b858-0526d8b41fe9",
    "data": [
      {
        "text": "download a ",
        "userDefined": false
      },
      {
        "text": "Beyonce",
        "meta": "@sys.music-artist",
        "alias": "artist",
        "userDefined": false
      },
      {
        "text": " song",
        "userDefined": false
      }
    ],
    "isTemplate": false,
    "count": 0,
    "lang": "en-gb",
    "updated": 0
  },
  {
    "id": "7b22fe60-7ed8-4dd2-bcd5-fdd165a25272",
    "data": [
      {
        "text": "can",
        "meta": "@sys.ignore",
        "userDefined": false
      },
      {
        "text": " ",
        "userDefined": false
      },
      {
        "text": "you",
        "meta": "@sys.ignore",
        "userDefined": false
      },
      {
        "text": " download the song ",
        "userDefined": false
      },
      {
        "text": "Still into You",
        "meta": "@song",
        "alias": "song",
        "userDefined": false
      }
    ],
    "isTemplate": false,
    "count": 0,
    "lang": "en-gb",
    "updated": 0
  },
  {
    "id": "3188bd82-8f4c-4786-967f-56c772445419",
    "data": [
      {
        "text": "download the song ",
        "userDefined": false
      },
      {
        "text": "Bread",
        "meta": "@song",
        "alias": "song",
        "userDefined": false
      }
    ],
    "isTemplate": false,
    "count": 0,
    "lang": "en-gb",
    "updated": 0
  },
  {
    "id": "914134df-642b-4a6d-99bf-50c63d222b2b",
    "data": [
      {
        "text": "I want to download a song",
        "userDefined": false
      }
    ],
    "isTemplate": false,
    "count": 0,
    "lang": "en-gb",
    "updated": 0
  },
  {
    "id": "37ec8203-2434-4d91-8795-bc678686b154",
    "data": [
      {
        "text": "download",
        "meta": "@sys.ignore",
        "userDefined": true
      },
      {
        "text": " what ",
        "userDefined": false
      },
      {
        "text": "Prince",
        "meta": "@sys.music-artist",
        "alias": "artist",
        "userDefined": true
      },
      {
        "text": " wrote between ",
        "userDefined": false
      },
      {
        "text": "1980",
        "meta": "@sys.number",
        "alias": "start-year",
        "userDefined": true
      },
      {
        "text": " and ",
        "userDefined": false
      },
      {
        "text": "1999",
        "meta": "@sys.number",
        "alias": "end-year",
        "userDefined": true
      }
    ],
    "isTemplate": false,
    "count": 0,
    "lang": "en-gb",
    "updated": 0
  },
  {
    "id": "718e1157-95f4-4cee-b768-3a4bf488f890",
    "data": [
      {
        "text": "download the song ",
        "userDefined": false
      },
      {
        "text": "Radioactive",
        "meta": "@song",
        "alias": "song",
        "userDefined": false
      }
    ],
    "isTemplate": false,
    "count": 0,
    "lang": "en-gb",
    "updated": 0
  },
  {
    "id": "03faf6ab-3973-48f1-91e2-e5b478af2a96",
    "data": [
      {
        "text": "download ",
        "userDefined": false
      },
      {
        "text": "Madonna",
        "meta": "@sys.music-artist",
        "alias": "artist",
        "userDefined": true
      },
      {
        "text": "\u0027s album of ",
        "userDefined": false
      },
      {
        "text": "2016",
        "meta": "@sys.number",
        "alias": "start-year",
        "userDefined": true
      }
    ],
    "isTemplate": false,
    "count": 0,
    "lang": "en-gb",
    "updated": 0
  },
  {
    "id": "58796b14-89cf-4023-b995-3931d633efb0",
    "data": [
      {
        "text": "download a song for me",
        "userDefined": false
      }
    ],
    "isTemplate": false,
    "count": 0,
    "lang": "en-gb",
    "updated": 0
  },
  {
    "id": "44919f88-3a00-4a3f-9da3-6c0ca71f0440",
    "data": [
      {
        "text": "download ",
        "userDefined": false
      },
      {
        "text": "Kid Rock",
        "meta": "@sys.music-artist",
        "alias": "artist",
        "userDefined": false
      },
      {
        "text": " songs",
        "userDefined": false
      }
    ],
    "isTemplate": false,
    "count": 0,
    "lang": "en-gb",
    "updated": 0
  },
  {
    "id": "f0719c76-6ba1-4abf-ac01-e4bed6bd807a",
    "data": [
      {
        "text": "download song",
        "userDefined": false
      }
    ],
    "isTemplate": false,
    "count": 0,
    "lang": "en-gb",
    "updated": 0
  },
  {
    "id": "5b5fb43b-ec75-4381-bbe1-3a6c21b73176",
    "data": [
      {
        "text": "download ",
        "userDefined": false
      },
      {
        "text": "Hurricane",
        "meta": "@song",
        "alias": "song",
        "userDefined": false
      },
      {
        "text": " by ",
        "userDefined": false
      },
      {
        "text": "Bob Dylan",
        "meta": "@sys.music-artist",
        "alias": "artist",
        "userDefined": false
      }
    ],
    "isTemplate": false,
    "count": 0,
    "lang": "en-gb",
    "updated": 0
  },
  {
    "id": "2958c6f9-270e-41f6-892f-7aa8f131fea6",
    "data": [
      {
        "text": "download a song ",
        "userDefined": false
      },
      {
        "text": "Never Dreamed You\u0027d Leave in Summer",
        "meta": "@song",
        "alias": "song",
        "userDefined": false
      }
    ],
    "isTemplate": false,
    "count": 0,
    "lang": "en-gb",
    "updated": 0
  }
]