[
  {
    "id": "db899a9b-3515-4140-9cef-34d8365ce8a4",
    "data": [
      {
        "text": "now find ",
        "userDefined": false
      },
      {
        "text": "Britney Spears",
        "meta": "@sys.music-artist",
        "alias": "artist",
        "userDefined": true
      }
    ],
    "isTemplate": false,
    "count": 0,
    "lang": "en-ca",
    "updated": 0
  },
  {
    "id": "2c81d182-3d09-479b-9e54-fd1be14ba329",
    "data": [
      {
        "text": "search for ",
        "userDefined": false
      },
      {
        "text": "Rihanna",
        "meta": "@sys.music-artist",
        "alias": "artist",
        "userDefined": false
      }
    ],
    "isTemplate": false,
    "count": 0,
    "lang": "en-ca",
    "updated": 0
  },
  {
    "id": "68704889-88be-4e7e-be08-3a8faedee591",
    "data": [
      {
        "text": "search for ",
        "userDefined": false
      },
      {
        "text": "Adele",
        "meta": "@sys.music-artist",
        "alias": "artist",
        "userDefined": true
      },
      {
        "text": " now",
        "userDefined": false
      }
    ],
    "isTemplate": false,
    "count": 0,
    "lang": "en-ca",
    "updated": 0
  },
  {
    "id": "90a51ccd-0a9e-4a64-8445-a012fd2d7a91",
    "data": [
      {
        "text": "now find album ",
        "userDefined": false
      },
      {
        "text": "Burning up",
        "meta": "@music-album",
        "alias": "album",
        "userDefined": false
      }
    ],
    "isTemplate": false,
    "count": 0,
    "lang": "en-ca",
    "updated": 0
  },
  {
    "id": "25bb834c-5573-4297-aeda-dccdb6497a36",
    "data": [
      {
        "text": "now ",
        "userDefined": false
      },
      {
        "text": "YouTube",
        "meta": "@music-service",
        "alias": "service",
        "userDefined": true
      }
    ],
    "isTemplate": false,
    "count": 0,
    "lang": "en-ca",
    "updated": 0
  },
  {
    "id": "01c320b9-aed5-4237-9b48-0580b0d9d568",
    "data": [
      {
        "text": "now from ",
        "userDefined": false
      },
      {
        "text": "iTunes",
        "meta": "@music-service",
        "alias": "service",
        "userDefined": false
      }
    ],
    "isTemplate": false,
    "count": 0,
    "lang": "en-ca",
    "updated": 0
  },
  {
    "id": "0d141102-9457-4084-9a72-2df2e25404c0",
    "data": [
      {
        "text": "what about ",
        "userDefined": false
      },
      {
        "text": "Netflix",
        "meta": "@music-service",
        "alias": "service",
        "userDefined": false
      }
    ],
    "isTemplate": false,
    "count": 0,
    "lang": "en-ca",
    "updated": 0
  },
  {
    "id": "65e02a5d-aae0-4f3d-8c68-a30aaef592af",
    "data": [
      {
        "text": "now find ",
        "userDefined": false
      },
      {
        "text": "jazz",
        "meta": "@sys.music-genre",
        "alias": "genre",
        "userDefined": true
      }
    ],
    "isTemplate": false,
    "count": 1,
    "lang": "en-ca",
    "updated": 0
  },
  {
    "id": "c7e8dc56-1bd6-46d6-9ee3-81984ac5c627",
    "data": [
      {
        "text": "now search ",
        "userDefined": false
      },
      {
        "text": "Rihanna",
        "meta": "@sys.music-artist",
        "alias": "artist",
        "userDefined": true
      },
      {
        "text": " ft ",
        "userDefined": false
      },
      {
        "text": "Eminem",
        "meta": "@sys.music-artist",
        "alias": "artist",
        "userDefined": true
      }
    ],
    "isTemplate": false,
    "count": 0,
    "lang": "en-ca",
    "updated": 0
  },
  {
    "id": "6a6593c5-a2af-4d69-b4d0-dd4e87830f41",
    "data": [
      {
        "text": "now search for ",
        "userDefined": false
      },
      {
        "text": "Diamonds",
        "meta": "@song",
        "alias": "song",
        "userDefined": false
      }
    ],
    "isTemplate": false,
    "count": 0,
    "lang": "en-ca",
    "updated": 0
  },
  {
    "id": "18d8bf05-4b6d-4682-aaa4-d3bd36f15c74",
    "data": [
      {
        "text": "now search for album ",
        "userDefined": false
      },
      {
        "text": "Lucky Star",
        "meta": "@music-album",
        "alias": "album",
        "userDefined": true
      }
    ],
    "isTemplate": false,
    "count": 0,
    "lang": "en-ca",
    "updated": 0
  },
  {
    "id": "3ed44066-1d08-493c-83e8-72ee4b93d2fa",
    "data": [
      {
        "text": "now find ",
        "userDefined": false
      },
      {
        "text": "Monster",
        "meta": "@song",
        "alias": "song",
        "userDefined": false
      }
    ],
    "isTemplate": false,
    "count": 0,
    "lang": "en-ca",
    "updated": 0
  },
  {
    "id": "ec4d1248-7f0b-4852-849d-aa3659a3d903",
    "data": [
      {
        "text": "now find ",
        "userDefined": false
      },
      {
        "text": "Summer",
        "meta": "@music-album",
        "alias": "album",
        "userDefined": false
      },
      {
        "text": " album",
        "userDefined": false
      }
    ],
    "isTemplate": false,
    "count": 0,
    "lang": "en-ca",
    "updated": 0
  },
  {
    "id": "e71d7b6d-2ebf-4104-a8a8-97e3452233d3",
    "data": [
      {
        "text": "now find ",
        "userDefined": false
      },
      {
        "text": "jazz",
        "meta": "@sys.music-genre",
        "alias": "genre",
        "userDefined": true
      },
      {
        "text": " ",
        "userDefined": false
      },
      {
        "text": "music",
        "meta": "@sys.ignore",
        "userDefined": false
      }
    ],
    "isTemplate": false,
    "count": 0,
    "lang": "en-ca",
    "updated": 0
  },
  {
    "id": "a9b78659-d985-45ed-9a3e-6011d35f037c",
    "data": [
      {
        "text": "now find ",
        "userDefined": false
      },
      {
        "text": "winter",
        "meta": "@playlist",
        "alias": "playlist",
        "userDefined": true
      },
      {
        "text": " playlist",
        "userDefined": false
      }
    ],
    "isTemplate": false,
    "count": 0,
    "lang": "en-ca",
    "updated": 0
  },
  {
    "id": "d20bbe43-34fa-4e21-9a40-2141db3b2bca",
    "data": [
      {
        "text": "search ",
        "userDefined": false
      },
      {
        "text": "gym",
        "meta": "@playlist",
        "alias": "playlist",
        "userDefined": true
      },
      {
        "text": " playlist",
        "userDefined": false
      }
    ],
    "isTemplate": false,
    "count": 0,
    "lang": "en-ca",
    "updated": 0
  },
  {
    "id": "8b2c0b5e-5822-47b7-a40e-42e7f9f2c65e",
    "data": [
      {
        "text": "now songs about ",
        "userDefined": false
      },
      {
        "text": "love",
        "meta": "@song",
        "alias": "song",
        "userDefined": true
      }
    ],
    "isTemplate": false,
    "count": 0,
    "lang": "en-ca",
    "updated": 0
  },
  {
    "id": "3c627b02-b20b-4028-9d63-f8c0f4606bf1",
    "data": [
      {
        "text": "now search for ",
        "userDefined": false
      },
      {
        "text": "jazz",
        "meta": "@sys.music-genre",
        "alias": "genre",
        "userDefined": true
      }
    ],
    "isTemplate": false,
    "count": 1,
    "lang": "en-ca",
    "updated": 0
  },
  {
    "id": "f7fc5974-1125-4158-a381-32f1b017da86",
    "data": [
      {
        "text": "now find album called ",
        "userDefined": false
      },
      {
        "text": "Let it be",
        "meta": "@music-album",
        "alias": "album",
        "userDefined": false
      }
    ],
    "isTemplate": false,
    "count": 0,
    "lang": "en-ca",
    "updated": 0
  },
  {
    "id": "fc4ec604-8979-447d-b7bc-4b2ba941fbc9",
    "data": [
      {
        "text": "now find ",
        "userDefined": false
      },
      {
        "text": "Hello",
        "meta": "@song",
        "alias": "song",
        "userDefined": true
      }
    ],
    "isTemplate": false,
    "count": 0,
    "lang": "en-ca",
    "updated": 0
  },
  {
    "id": "0e1f3053-6fac-4778-8147-0d208341f037",
    "data": [
      {
        "text": "now ",
        "userDefined": false
      },
      {
        "text": "Elton John",
        "meta": "@sys.music-artist",
        "alias": "artist",
        "userDefined": false
      }
    ],
    "isTemplate": false,
    "count": 0,
    "lang": "en-ca",
    "updated": 0
  },
  {
    "id": "6b693087-79f7-42eb-8e12-2aa4f6913327",
    "data": [
      {
        "text": "now by ",
        "userDefined": false
      },
      {
        "text": "Madonna",
        "meta": "@sys.music-artist",
        "alias": "artist",
        "userDefined": false
      }
    ],
    "isTemplate": false,
    "count": 0,
    "lang": "en-ca",
    "updated": 0
  },
  {
    "id": "c23721fd-6a56-4f5f-87b9-499d14c53649",
    "data": [
      {
        "text": "now find ",
        "userDefined": false
      },
      {
        "text": "Hello",
        "meta": "@song",
        "alias": "song",
        "userDefined": true
      },
      {
        "text": " song",
        "userDefined": false
      }
    ],
    "isTemplate": false,
    "count": 0,
    "lang": "en-ca",
    "updated": 0
  },
  {
    "id": "0d2bb764-f903-4dbb-ae1c-1dc251f94f80",
    "data": [
      {
        "text": "now ",
        "userDefined": false
      },
      {
        "text": "jazz",
        "meta": "@sys.music-genre",
        "alias": "genre",
        "userDefined": true
      }
    ],
    "isTemplate": false,
    "count": 0,
    "lang": "en-ca",
    "updated": 0
  },
  {
    "id": "ddac6284-3a6d-41bb-a200-80d321fe3f6a",
    "data": [
      {
        "text": "now search for ",
        "userDefined": false
      },
      {
        "text": "Eminem",
        "meta": "@sys.music-artist",
        "alias": "artist",
        "userDefined": false
      }
    ],
    "isTemplate": false,
    "count": 0,
    "lang": "en-ca",
    "updated": 0
  },
  {
    "id": "63b66959-537c-4d8a-9a1b-200ab00a0cd5",
    "data": [
      {
        "text": "now search for ",
        "userDefined": false
      },
      {
        "text": "work",
        "meta": "@playlist",
        "alias": "playlist",
        "userDefined": true
      },
      {
        "text": " playlist",
        "userDefined": false
      }
    ],
    "isTemplate": false,
    "count": 0,
    "lang": "en-ca",
    "updated": 0
  },
  {
    "id": "74c89e56-99a5-4552-8614-635e3e58a337",
    "data": [
      {
        "text": "now ",
        "userDefined": false
      },
      {
        "text": "on",
        "meta": "@sys.ignore",
        "userDefined": false
      },
      {
        "text": " ",
        "userDefined": false
      },
      {
        "text": "Spotify",
        "meta": "@music-service",
        "alias": "service",
        "userDefined": true
      }
    ],
    "isTemplate": false,
    "count": 0,
    "lang": "en-ca",
    "updated": 0
  },
  {
    "id": "c1d40988-d1d0-4e05-a3e6-755fedb55f65",
    "data": [
      {
        "text": "how about ",
        "userDefined": false
      },
      {
        "text": "Pandora",
        "meta": "@music-service",
        "alias": "service",
        "userDefined": true
      }
    ],
    "isTemplate": false,
    "count": 0,
    "lang": "en-ca",
    "updated": 0
  },
  {
    "id": "f40602e4-e18f-4009-b01f-85f102e3c98c",
    "data": [
      {
        "text": "find another ",
        "userDefined": false
      },
      {
        "text": "one",
        "meta": "@sys.ignore",
        "userDefined": false
      }
    ],
    "isTemplate": false,
    "count": 0,
    "lang": "en-ca",
    "updated": 0
  },
  {
    "id": "7874c758-6981-4d1f-9291-79d687fd6bfc",
    "data": [
      {
        "text": "find ",
        "userDefined": false
      },
      {
        "text": "Take 5",
        "meta": "@song",
        "alias": "song",
        "userDefined": false
      }
    ],
    "isTemplate": false,
    "count": 0,
    "lang": "en-ca",
    "updated": 0
  }
]