[
  {
    "id": "b558d5c4-b0f7-4159-b0b6-fa2883c71009",
    "data": [
      {
        "text": "put this track into my favourites",
        "userDefined": false
      }
    ],
    "isTemplate": false,
    "count": 0,
    "lang": "en",
    "updated": 0
  },
  {
    "id": "d81b1167-7d52-47d6-ad9f-202d48e76312",
    "data": [
      {
        "text": "add this song to my ",
        "userDefined": false
      },
      {
        "text": "favourites",
        "meta": "@sys.ignore",
        "userDefined": false
      }
    ],
    "isTemplate": false,
    "count": 0,
    "lang": "en",
    "updated": 0
  },
  {
    "id": "03fac6e2-bf0d-4580-9486-77a75c2baed5",
    "data": [
      {
        "text": "add this song to ",
        "userDefined": false
      },
      {
        "text": "favorite",
        "meta": "@sys.ignore",
        "userDefined": false
      }
    ],
    "isTemplate": false,
    "count": 0,
    "lang": "en",
    "updated": 0
  },
  {
    "id": "66b66590-91a4-424d-8ad0-4e7921b5eefe",
    "data": [
      {
        "text": "favourite",
        "meta": "@sys.ignore",
        "userDefined": false
      },
      {
        "text": " this song",
        "userDefined": false
      }
    ],
    "isTemplate": false,
    "count": 0,
    "lang": "en",
    "updated": 0
  },
  {
    "id": "e12887c3-ad5c-4269-84ee-e8bf42c1c966",
    "data": [
      {
        "text": "fave",
        "meta": "@sys.ignore",
        "userDefined": false
      },
      {
        "text": " this song",
        "userDefined": false
      }
    ],
    "isTemplate": false,
    "count": 0,
    "lang": "en",
    "updated": 0
  },
  {
    "id": "a6571dc2-bf67-4e6a-8277-cf0d5dc4e578",
    "data": [
      {
        "text": "add it to ",
        "userDefined": false
      },
      {
        "text": "my favourites",
        "meta": "@sys.ignore",
        "userDefined": false
      }
    ],
    "isTemplate": false,
    "count": 0,
    "lang": "en",
    "updated": 0
  },
  {
    "id": "22cd1624-6634-4314-aac2-f85d5b48dea7",
    "data": [
      {
        "text": "remember this song",
        "userDefined": false
      }
    ],
    "isTemplate": false,
    "count": 0,
    "lang": "en",
    "updated": 0
  },
  {
    "id": "2256e503-56e3-492b-b5da-16348946cd22",
    "data": [
      {
        "text": "could you mark it as favourite",
        "userDefined": false
      }
    ],
    "isTemplate": false,
    "count": 0,
    "lang": "en",
    "updated": 0
  },
  {
    "id": "d0fb2733-079a-4c00-8900-f11b93a9a6bf",
    "data": [
      {
        "text": "add to ",
        "userDefined": false
      },
      {
        "text": "faves",
        "meta": "@sys.ignore",
        "userDefined": false
      }
    ],
    "isTemplate": false,
    "count": 0,
    "lang": "en",
    "updated": 0
  },
  {
    "id": "903f5bcb-ab9f-419c-b79b-7b01a638d4aa",
    "data": [
      {
        "text": "I",
        "meta": "@sys.ignore",
        "userDefined": false
      },
      {
        "text": " ",
        "userDefined": false
      },
      {
        "text": "love",
        "meta": "@sys.ignore",
        "userDefined": false
      },
      {
        "text": " this song",
        "userDefined": false
      }
    ],
    "isTemplate": false,
    "count": 0,
    "lang": "en",
    "updated": 0
  },
  {
    "id": "771b130b-c5da-4a89-b8a0-5a503b1acc7c",
    "data": [
      {
        "text": "it\u0027s my favourite",
        "userDefined": false
      }
    ],
    "isTemplate": false,
    "count": 0,
    "lang": "en",
    "updated": 0
  }
]