[
  {
    "id": "832b9dc4-a76c-47e4-8079-6c3f3b3723bc",
    "data": [
      {
        "text": "what is this song playing ",
        "userDefined": false
      },
      {
        "text": "right now",
        "meta": "@news-sort",
        "alias": "news-sort",
        "userDefined": false
      }
    ],
    "isTemplate": false,
    "count": 0,
    "lang": "en",
    "updated": 0
  },
  {
    "id": "c56d4ba2-c0b0-4a2a-bb74-e8cccfa73987",
    "data": [
      {
        "text": "what is the song playing now",
        "userDefined": false
      }
    ],
    "isTemplate": false,
    "count": 0,
    "lang": "en",
    "updated": 0
  },
  {
    "id": "e744b8d3-6dd7-4898-85f6-65b5265964d0",
    "data": [
      {
        "text": "what is the song playing",
        "userDefined": false
      }
    ],
    "isTemplate": false,
    "count": 0,
    "lang": "en",
    "updated": 0
  },
  {
    "id": "fd3398c6-988a-4767-9c39-166edc15fa65",
    "data": [
      {
        "text": "what is this",
        "meta": "@sys.ignore",
        "userDefined": false
      },
      {
        "text": " playing ",
        "userDefined": false
      },
      {
        "text": "right now",
        "meta": "@sys.ignore",
        "userDefined": false
      }
    ],
    "isTemplate": false,
    "count": 0,
    "lang": "en",
    "updated": 0
  },
  {
    "id": "52525fc0-c845-43f2-8513-e539c79faa8d",
    "data": [
      {
        "text": "what is this ",
        "userDefined": false
      },
      {
        "text": "music",
        "meta": "@topic",
        "alias": "topic",
        "userDefined": false
      }
    ],
    "isTemplate": false,
    "count": 0,
    "lang": "en",
    "updated": 0
  },
  {
    "id": "81f63b73-2714-47ab-9e36-b42ed47ef92c",
    "data": [
      {
        "text": "what is this",
        "meta": "@sys.ignore",
        "userDefined": false
      },
      {
        "text": " ",
        "userDefined": false
      },
      {
        "text": "nice",
        "meta": "@sys.ignore",
        "userDefined": false
      },
      {
        "text": " song playing",
        "userDefined": false
      }
    ],
    "isTemplate": false,
    "count": 0,
    "lang": "en",
    "updated": 0
  },
  {
    "id": "78c61748-146f-4309-8dbe-2fdfca7c4324",
    "data": [
      {
        "text": "what is this song",
        "userDefined": false
      }
    ],
    "isTemplate": false,
    "count": 0,
    "lang": "en",
    "updated": 0
  }
]