[
  {
    "id": "4ed69804-7e84-440d-a206-1afac9ddaf06",
    "data": [
      {
        "text": "put this track into my favourites",
        "userDefined": false
      }
    ],
    "isTemplate": false,
    "count": 0,
    "lang": "en-in",
    "updated": 0
  },
  {
    "id": "1d1aa414-272b-4f28-94e6-cccbf7376298",
    "data": [
      {
        "text": "add this song to my ",
        "userDefined": false
      },
      {
        "text": "favourites",
        "meta": "@sys.ignore",
        "userDefined": false
      }
    ],
    "isTemplate": false,
    "count": 0,
    "lang": "en-in",
    "updated": 0
  },
  {
    "id": "aeaac1d8-cb88-45ec-a682-9cf86ad0714d",
    "data": [
      {
        "text": "add this song to ",
        "userDefined": false
      },
      {
        "text": "favorite",
        "meta": "@sys.ignore",
        "userDefined": false
      }
    ],
    "isTemplate": false,
    "count": 0,
    "lang": "en-in",
    "updated": 0
  },
  {
    "id": "27ad2383-c097-468d-ae77-ba0f7284c14e",
    "data": [
      {
        "text": "favourite",
        "meta": "@sys.ignore",
        "userDefined": false
      },
      {
        "text": " this song",
        "userDefined": false
      }
    ],
    "isTemplate": false,
    "count": 0,
    "lang": "en-in",
    "updated": 0
  },
  {
    "id": "252e86cd-b3e3-470e-96e6-e5295985c9e2",
    "data": [
      {
        "text": "fave",
        "meta": "@sys.ignore",
        "userDefined": false
      },
      {
        "text": " this song",
        "userDefined": false
      }
    ],
    "isTemplate": false,
    "count": 0,
    "lang": "en-in",
    "updated": 0
  },
  {
    "id": "9c26e9cd-491b-4cf6-a6ba-07eab8ead861",
    "data": [
      {
        "text": "add it to ",
        "userDefined": false
      },
      {
        "text": "my favourites",
        "meta": "@sys.ignore",
        "userDefined": false
      }
    ],
    "isTemplate": false,
    "count": 0,
    "lang": "en-in",
    "updated": 0
  },
  {
    "id": "f69b3c6b-821c-4323-b9d2-4a108dd1ffef",
    "data": [
      {
        "text": "remember this song",
        "userDefined": false
      }
    ],
    "isTemplate": false,
    "count": 0,
    "lang": "en-in",
    "updated": 0
  },
  {
    "id": "e1fa7a48-fc40-4801-88ce-592ecb07969a",
    "data": [
      {
        "text": "could you mark it as favourite",
        "userDefined": false
      }
    ],
    "isTemplate": false,
    "count": 0,
    "lang": "en-in",
    "updated": 0
  },
  {
    "id": "240f0899-f815-41ae-b012-f572e1840331",
    "data": [
      {
        "text": "add to ",
        "userDefined": false
      },
      {
        "text": "faves",
        "meta": "@sys.ignore",
        "userDefined": false
      }
    ],
    "isTemplate": false,
    "count": 0,
    "lang": "en-in",
    "updated": 0
  },
  {
    "id": "c37cc689-06cd-44b9-89f9-00c3b15d27f3",
    "data": [
      {
        "text": "I",
        "meta": "@sys.ignore",
        "userDefined": false
      },
      {
        "text": " ",
        "userDefined": false
      },
      {
        "text": "love",
        "meta": "@sys.ignore",
        "userDefined": false
      },
      {
        "text": " this song",
        "userDefined": false
      }
    ],
    "isTemplate": false,
    "count": 0,
    "lang": "en-in",
    "updated": 0
  },
  {
    "id": "463cd215-c6c9-4820-99ce-5d585e8a5e45",
    "data": [
      {
        "text": "it\u0027s my favourite",
        "userDefined": false
      }
    ],
    "isTemplate": false,
    "count": 0,
    "lang": "en-in",
    "updated": 0
  }
]