[
  {
    "id": "ea25408e-f4ed-45ae-b6e2-0404668160e5",
    "data": [
      {
        "text": "I\u0027d like to download the album ",
        "userDefined": false
      },
      {
        "text": "Empty Sky",
        "meta": "@song",
        "alias": "song",
        "userDefined": true
      },
      {
        "text": " by ",
        "userDefined": false
      },
      {
        "text": "Elton John",
        "meta": "@sys.music-artist",
        "alias": "artist",
        "userDefined": true
      }
    ],
    "isTemplate": false,
    "count": 5,
    "lang": "en",
    "updated": 0
  },
  {
    "id": "f31c17f0-648c-4a88-be21-26d4b2dc1f79",
    "data": [
      {
        "text": "download ",
        "userDefined": false
      },
      {
        "text": "Blackbird",
        "meta": "@song",
        "alias": "song",
        "userDefined": false
      },
      {
        "text": " ",
        "userDefined": false
      },
      {
        "text": "from",
        "meta": "@sys.ignore",
        "userDefined": false
      },
      {
        "text": " SD ",
        "userDefined": false
      },
      {
        "text": "card",
        "meta": "@sys.ignore",
        "userDefined": false
      }
    ],
    "isTemplate": false,
    "count": 0,
    "lang": "en",
    "updated": 0
  },
  {
    "id": "ae3dbf8c-4746-4f5a-91cc-127cae2adf0d",
    "data": [
      {
        "text": "download",
        "meta": "@sys.ignore",
        "userDefined": true
      },
      {
        "text": " album by ",
        "userDefined": false
      },
      {
        "text": "Rihanna",
        "meta": "@sys.music-artist",
        "alias": "artist",
        "userDefined": true
      },
      {
        "text": " ",
        "userDefined": false
      },
      {
        "text": "year",
        "meta": "@sys.ignore",
        "userDefined": true
      },
      {
        "text": " ",
        "userDefined": false
      },
      {
        "text": "2016",
        "meta": "@sys.number",
        "alias": "start-year",
        "userDefined": true
      }
    ],
    "isTemplate": false,
    "count": 0,
    "lang": "en",
    "updated": 0
  },
  {
    "id": "5a1b446c-377c-4190-b33f-2a89b3dfbcaf",
    "data": [
      {
        "text": "download a song from ",
        "userDefined": false
      },
      {
        "text": "Prince Royce",
        "meta": "@sys.music-artist",
        "alias": "artist",
        "userDefined": false
      }
    ],
    "isTemplate": false,
    "count": 0,
    "lang": "en",
    "updated": 0
  },
  {
    "id": "805a3127-6b42-460e-a817-6c75d343b72a",
    "data": [
      {
        "text": "download a song by ",
        "userDefined": false
      },
      {
        "text": "George Michael",
        "meta": "@sys.music-artist",
        "alias": "artist",
        "userDefined": false
      }
    ],
    "isTemplate": false,
    "count": 0,
    "lang": "en",
    "updated": 0
  },
  {
    "id": "0c17c03e-6438-49c1-a0bb-853c8671f642",
    "data": [
      {
        "text": "download some ",
        "userDefined": false
      },
      {
        "text": "rock n roll",
        "meta": "@sys.music-genre",
        "alias": "genre",
        "userDefined": false
      },
      {
        "text": " ",
        "userDefined": false
      },
      {
        "text": "music",
        "meta": "@sys.ignore",
        "userDefined": false
      }
    ],
    "isTemplate": false,
    "count": 0,
    "lang": "en",
    "updated": 0
  },
  {
    "id": "144e1d09-28b1-47e4-86bc-d16438256fe3",
    "data": [
      {
        "text": "download ",
        "userDefined": false
      },
      {
        "text": "The Logical Song",
        "meta": "@song",
        "alias": "song",
        "userDefined": false
      }
    ],
    "isTemplate": false,
    "count": 0,
    "lang": "en",
    "updated": 0
  },
  {
    "id": "e2ecf031-29f9-4f6d-ace1-ee26816999ad",
    "data": [
      {
        "text": "download me the song ",
        "userDefined": false
      },
      {
        "text": "Rap Call",
        "meta": "@song",
        "alias": "song",
        "userDefined": false
      },
      {
        "text": " by ",
        "userDefined": false
      },
      {
        "text": "Eminem",
        "meta": "@sys.music-artist",
        "alias": "artist",
        "userDefined": false
      }
    ],
    "isTemplate": false,
    "count": 0,
    "lang": "en",
    "updated": 0
  },
  {
    "id": "8ad0a36c-3dfa-4bf5-a963-34cded032299",
    "data": [
      {
        "text": "download ",
        "userDefined": false
      },
      {
        "text": "The Beatles",
        "meta": "@sys.music-artist",
        "alias": "artist",
        "userDefined": false
      }
    ],
    "isTemplate": false,
    "count": 0,
    "lang": "en",
    "updated": 0
  },
  {
    "id": "0c77312a-58c4-42b0-9f10-c67a17848961",
    "data": [
      {
        "text": "download",
        "meta": "@sys.ignore",
        "userDefined": true
      },
      {
        "text": " the ",
        "userDefined": false
      },
      {
        "text": "newest",
        "meta": "@music-sort",
        "alias": "sort",
        "userDefined": true
      },
      {
        "text": " song by ",
        "userDefined": false
      },
      {
        "text": "Eminem",
        "meta": "@sys.music-artist",
        "alias": "artist",
        "userDefined": true
      }
    ],
    "isTemplate": false,
    "count": 0,
    "lang": "en",
    "updated": 0
  },
  {
    "id": "55a42a9f-f0ef-446f-8423-6bb8bb2074de",
    "data": [
      {
        "text": "download a ",
        "userDefined": false
      },
      {
        "text": "country",
        "meta": "@sys.music-genre",
        "alias": "genre",
        "userDefined": false
      },
      {
        "text": " song",
        "userDefined": false
      }
    ],
    "isTemplate": false,
    "count": 0,
    "lang": "en",
    "updated": 0
  },
  {
    "id": "226ecd6d-c586-427f-af3e-3b29f5789179",
    "data": [
      {
        "text": "download the songs",
        "userDefined": false
      }
    ],
    "isTemplate": false,
    "count": 0,
    "lang": "en",
    "updated": 0
  },
  {
    "id": "90695917-3abc-481d-bee2-ffee692334f9",
    "data": [
      {
        "text": "now download ",
        "userDefined": false
      },
      {
        "text": "Cocktail",
        "meta": "@song",
        "alias": "song",
        "userDefined": false
      },
      {
        "text": " song",
        "userDefined": false
      }
    ],
    "isTemplate": false,
    "count": 5,
    "lang": "en",
    "updated": 0
  },
  {
    "id": "922b60e2-d16f-493e-b45c-29ef58c7ba69",
    "data": [
      {
        "text": "download the song ",
        "userDefined": false
      },
      {
        "text": "Timber",
        "meta": "@song",
        "alias": "song",
        "userDefined": false
      }
    ],
    "isTemplate": false,
    "count": 0,
    "lang": "en",
    "updated": 0
  },
  {
    "id": "88702e97-a9e1-47f1-b9f6-480e2810d305",
    "data": [
      {
        "text": "download song ",
        "userDefined": false
      },
      {
        "text": "Bottal Khol",
        "meta": "@song",
        "alias": "song",
        "userDefined": false
      }
    ],
    "isTemplate": false,
    "count": 0,
    "lang": "en",
    "updated": 0
  },
  {
    "id": "bf656c67-1119-4105-8366-14e3e6222464",
    "data": [
      {
        "text": "download me a song from ",
        "userDefined": false
      },
      {
        "text": "the Beatles",
        "meta": "@sys.music-artist",
        "alias": "artist",
        "userDefined": false
      }
    ],
    "isTemplate": false,
    "count": 0,
    "lang": "en",
    "updated": 0
  },
  {
    "id": "8c2325ce-9828-4955-a916-5b3e6acf4d73",
    "data": [
      {
        "text": "download some ",
        "userDefined": false
      },
      {
        "text": "rock",
        "meta": "@sys.music-genre",
        "alias": "genre",
        "userDefined": true
      },
      {
        "text": " music from ",
        "userDefined": false
      },
      {
        "text": "Spotify",
        "meta": "@music-service",
        "alias": "service",
        "userDefined": true
      }
    ],
    "isTemplate": false,
    "count": 0,
    "lang": "en",
    "updated": 0
  },
  {
    "id": "585912c8-806c-48bb-84f9-32887e5540dc",
    "data": [
      {
        "text": "start downloading the song",
        "userDefined": false
      }
    ],
    "isTemplate": false,
    "count": 0,
    "lang": "en",
    "updated": 0
  },
  {
    "id": "65020cfa-ce6e-441b-ad27-8d3af584f85c",
    "data": [
      {
        "text": "download me a song",
        "userDefined": false
      }
    ],
    "isTemplate": false,
    "count": 0,
    "lang": "en",
    "updated": 0
  },
  {
    "id": "037c50f9-d783-4668-834b-611b6c216c8a",
    "data": [
      {
        "text": "download the song ",
        "userDefined": false
      },
      {
        "text": "Whip My Hair",
        "meta": "@song",
        "alias": "song",
        "userDefined": false
      },
      {
        "text": " by ",
        "userDefined": false
      },
      {
        "text": "Willow Smith",
        "meta": "@sys.music-artist",
        "alias": "artist",
        "userDefined": false
      }
    ],
    "isTemplate": false,
    "count": 0,
    "lang": "en",
    "updated": 0
  },
  {
    "id": "ed8c1d53-a52b-4fc2-a19d-9b03e2cca2e3",
    "data": [
      {
        "text": "download ",
        "userDefined": false
      },
      {
        "text": "Lean On",
        "meta": "@song",
        "alias": "song",
        "userDefined": true
      },
      {
        "text": " song",
        "userDefined": false
      }
    ],
    "isTemplate": false,
    "count": 0,
    "lang": "en",
    "updated": 0
  },
  {
    "id": "06ff0be1-e99a-4d0f-94e4-cc3aca15a0c4",
    "data": [
      {
        "text": "download ",
        "userDefined": false
      },
      {
        "text": "One Direction",
        "meta": "@sys.music-artist",
        "alias": "artist",
        "userDefined": true
      },
      {
        "text": " songs",
        "userDefined": false
      }
    ],
    "isTemplate": false,
    "count": 0,
    "lang": "en",
    "updated": 0
  },
  {
    "id": "7fb0fcd4-0d11-4df4-91ad-298ad68a6f61",
    "data": [
      {
        "text": "download a song",
        "userDefined": false
      }
    ],
    "isTemplate": false,
    "count": 0,
    "lang": "en",
    "updated": 0
  },
  {
    "id": "3cf9d517-e577-456f-80e2-9b331298a17c",
    "data": [
      {
        "text": "download the ",
        "userDefined": false
      },
      {
        "text": "music",
        "meta": "@sys.ignore",
        "userDefined": true
      }
    ],
    "isTemplate": false,
    "count": 0,
    "lang": "en",
    "updated": 0
  },
  {
    "id": "58b1033c-9e73-42e8-ac17-bad8be883ae0",
    "data": [
      {
        "text": "download the song ",
        "userDefined": false
      },
      {
        "text": "Chinta Ta Ta Chita Chita",
        "meta": "@song",
        "alias": "song",
        "userDefined": false
      },
      {
        "text": " to my download list",
        "userDefined": false
      }
    ],
    "isTemplate": false,
    "count": 3,
    "lang": "en",
    "updated": 0
  },
  {
    "id": "1988f85b-025c-4cf4-86a7-747862bdcc29",
    "data": [
      {
        "text": "download ",
        "userDefined": false
      },
      {
        "text": "ringtone",
        "meta": "@sys.ignore",
        "userDefined": true
      }
    ],
    "isTemplate": false,
    "count": 0,
    "lang": "en",
    "updated": 0
  },
  {
    "id": "a55cde0a-4b3d-4659-a54f-65b26ea4bef4",
    "data": [
      {
        "text": "download song ",
        "userDefined": false
      },
      {
        "text": "Never Gone",
        "meta": "@song",
        "alias": "song",
        "userDefined": false
      }
    ],
    "isTemplate": false,
    "count": 0,
    "lang": "en",
    "updated": 0
  },
  {
    "id": "2ca1d915-8d35-4ee6-9aa0-6b85110dba6b",
    "data": [
      {
        "text": "download ",
        "userDefined": false
      },
      {
        "text": "Kenny G",
        "meta": "@sys.music-artist",
        "alias": "artist",
        "userDefined": false
      },
      {
        "text": " song",
        "userDefined": false
      }
    ],
    "isTemplate": false,
    "count": 7,
    "lang": "en",
    "updated": 0
  },
  {
    "id": "5c997dc8-74bc-4b60-b7ea-290da6e0d445",
    "data": [
      {
        "text": "download the song from my ",
        "userDefined": false
      },
      {
        "text": "music",
        "meta": "@sys.ignore",
        "userDefined": false
      },
      {
        "text": " downloader",
        "userDefined": false
      }
    ],
    "isTemplate": false,
    "count": 0,
    "lang": "en",
    "updated": 0
  },
  {
    "id": "0a4af225-3ecb-49a2-87f0-538ba67c4b38",
    "data": [
      {
        "text": "download the ",
        "userDefined": false
      },
      {
        "text": "Mean Kitty",
        "meta": "@song",
        "alias": "song",
        "userDefined": false
      },
      {
        "text": " song",
        "userDefined": false
      }
    ],
    "isTemplate": false,
    "count": 0,
    "lang": "en",
    "updated": 0
  },
  {
    "id": "e993b32a-c04f-4846-9e1e-85f432d02107",
    "data": [
      {
        "text": "download the song ",
        "userDefined": false
      },
      {
        "text": "Brown Rang",
        "meta": "@song",
        "alias": "song",
        "userDefined": false
      }
    ],
    "isTemplate": false,
    "count": 0,
    "lang": "en",
    "updated": 0
  },
  {
    "id": "0ca80275-9342-4eb0-8734-39cebdf6f07e",
    "data": [
      {
        "text": "download the song ",
        "userDefined": false
      },
      {
        "text": "Turn Down for a While",
        "meta": "@song",
        "alias": "song",
        "userDefined": false
      }
    ],
    "isTemplate": false,
    "count": 0,
    "lang": "en",
    "updated": 0
  },
  {
    "id": "5d4f3209-a5b4-4af7-a01e-e9bf131998b6",
    "data": [
      {
        "text": "download a ",
        "userDefined": false
      },
      {
        "text": "pop",
        "meta": "@sys.music-genre",
        "alias": "genre",
        "userDefined": false
      },
      {
        "text": " song",
        "userDefined": false
      }
    ],
    "isTemplate": false,
    "count": 0,
    "lang": "en",
    "updated": 0
  },
  {
    "id": "2bbbb105-d2c8-49e6-bbd7-3f56deaf3b63",
    "data": [
      {
        "text": "download ",
        "userDefined": false
      },
      {
        "text": "Skrillex",
        "meta": "@sys.music-artist",
        "alias": "artist",
        "userDefined": false
      }
    ],
    "isTemplate": false,
    "count": 0,
    "lang": "en",
    "updated": 0
  },
  {
    "id": "c05d6934-2177-44a9-a689-16222203819a",
    "data": [
      {
        "text": "download song ",
        "userDefined": false
      },
      {
        "text": "Jesus Rise",
        "meta": "@song",
        "alias": "song",
        "userDefined": false
      },
      {
        "text": " ",
        "userDefined": false
      },
      {
        "text": "McClain",
        "meta": "@sys.music-artist",
        "alias": "artist",
        "userDefined": false
      }
    ],
    "isTemplate": false,
    "count": 0,
    "lang": "en",
    "updated": 0
  },
  {
    "id": "f91c4159-d9fa-42a2-a1cc-8e986aa1a0a3",
    "data": [
      {
        "text": "download ",
        "userDefined": false
      },
      {
        "text": "Yesterday",
        "meta": "@song",
        "alias": "song",
        "userDefined": true
      },
      {
        "text": " song by ",
        "userDefined": false
      },
      {
        "text": "The Beatles",
        "meta": "@sys.music-artist",
        "alias": "artist",
        "userDefined": true
      }
    ],
    "isTemplate": false,
    "count": 0,
    "lang": "en",
    "updated": 0
  },
  {
    "id": "91adde00-baac-4c8a-8a61-8a269a2b960a",
    "data": [
      {
        "text": "download song ",
        "userDefined": false
      },
      {
        "text": "The Man",
        "meta": "@song",
        "alias": "song",
        "userDefined": false
      }
    ],
    "isTemplate": false,
    "count": 0,
    "lang": "en",
    "updated": 0
  },
  {
    "id": "a8fa4aa9-3dd7-464f-86c7-8ebfe4b230d9",
    "data": [
      {
        "text": "download",
        "meta": "@sys.ignore",
        "userDefined": true
      },
      {
        "text": " ",
        "userDefined": false
      },
      {
        "text": "Bowie",
        "meta": "@sys.music-artist",
        "alias": "artist",
        "userDefined": true
      },
      {
        "text": " before ",
        "userDefined": false
      },
      {
        "text": "1970",
        "meta": "@sys.number",
        "alias": "end-year",
        "userDefined": true
      }
    ],
    "isTemplate": false,
    "count": 0,
    "lang": "en",
    "updated": 0
  },
  {
    "id": "ec285cb9-1c9a-4f82-9779-66c517fd3741",
    "data": [
      {
        "text": "you",
        "meta": "@sys.ignore",
        "userDefined": false
      },
      {
        "text": " should download ",
        "userDefined": false
      },
      {
        "text": "music",
        "meta": "@sys.ignore",
        "userDefined": false
      }
    ],
    "isTemplate": false,
    "count": 0,
    "lang": "en",
    "updated": 0
  },
  {
    "id": "2c817fa0-1b02-4f7c-9cd2-c3ea3599b3a7",
    "data": [
      {
        "text": "download some ",
        "userDefined": false
      },
      {
        "text": "music",
        "meta": "@sys.ignore",
        "userDefined": true
      },
      {
        "text": " for me",
        "userDefined": false
      }
    ],
    "isTemplate": false,
    "count": 0,
    "lang": "en",
    "updated": 0
  },
  {
    "id": "3a9be644-c0b1-4343-bacf-9c1b2d0fd370",
    "data": [
      {
        "text": "download song ",
        "userDefined": false
      },
      {
        "text": "Before June Gets Back",
        "meta": "@song",
        "alias": "song",
        "userDefined": false
      }
    ],
    "isTemplate": false,
    "count": 0,
    "lang": "en",
    "updated": 0
  },
  {
    "id": "afc14dbf-f87f-482d-a78d-f57b52f957b4",
    "data": [
      {
        "text": "download song by ",
        "userDefined": false
      },
      {
        "text": "Hustle Gang",
        "meta": "@sys.music-artist",
        "alias": "artist",
        "userDefined": false
      }
    ],
    "isTemplate": false,
    "count": 0,
    "lang": "en",
    "updated": 0
  },
  {
    "id": "49032313-8c2e-4eb0-97fb-85abc8e4b292",
    "data": [
      {
        "text": "download song by ",
        "userDefined": false
      },
      {
        "text": "Kanye West",
        "meta": "@sys.music-artist",
        "alias": "artist",
        "userDefined": false
      }
    ],
    "isTemplate": false,
    "count": 0,
    "lang": "en",
    "updated": 0
  },
  {
    "id": "7e134bd2-d71a-4609-9f08-714c5da6128d",
    "data": [
      {
        "text": "download ",
        "userDefined": false
      },
      {
        "text": "music",
        "meta": "@sys.ignore",
        "userDefined": false
      },
      {
        "text": " by ",
        "userDefined": false
      },
      {
        "text": "Rolling Stones",
        "meta": "@sys.music-artist",
        "alias": "artist",
        "userDefined": false
      }
    ],
    "isTemplate": false,
    "count": 0,
    "lang": "en",
    "updated": 0
  },
  {
    "id": "2fbce4d9-8356-43ef-ba29-0083692c9348",
    "data": [
      {
        "text": "download me a song by ",
        "userDefined": false
      },
      {
        "text": "Aventura",
        "meta": "@sys.music-artist",
        "alias": "artist",
        "userDefined": false
      }
    ],
    "isTemplate": false,
    "count": 0,
    "lang": "en",
    "updated": 0
  },
  {
    "id": "1406e21f-9ff5-40ef-8722-b08973e7566e",
    "data": [
      {
        "text": "download ",
        "userDefined": false
      },
      {
        "text": "Lisa Stansfield",
        "meta": "@sys.music-artist",
        "alias": "artist",
        "userDefined": true
      },
      {
        "text": " ",
        "userDefined": false
      },
      {
        "text": "house",
        "meta": "@sys.music-genre",
        "alias": "genre",
        "userDefined": true
      },
      {
        "text": " ",
        "userDefined": false
      },
      {
        "text": "music",
        "meta": "@sys.ignore",
        "userDefined": true
      }
    ],
    "isTemplate": false,
    "count": 0,
    "lang": "en",
    "updated": 0
  },
  {
    "id": "a2bfe135-99e7-45e6-8ba8-5c8b6e3dbfc2",
    "data": [
      {
        "text": "download ",
        "userDefined": false
      },
      {
        "text": "Maroon 5",
        "meta": "@sys.music-artist",
        "alias": "artist",
        "userDefined": false
      },
      {
        "text": " song",
        "userDefined": false
      }
    ],
    "isTemplate": false,
    "count": 0,
    "lang": "en",
    "updated": 0
  },
  {
    "id": "11e5c549-ad8e-46cc-a0b2-04e3eff14be3",
    "data": [
      {
        "text": "music",
        "meta": "@sys.ignore",
        "userDefined": false
      },
      {
        "text": " download ",
        "userDefined": false
      },
      {
        "text": "Addicted to Love",
        "meta": "@song",
        "alias": "song",
        "userDefined": false
      }
    ],
    "isTemplate": false,
    "count": 0,
    "lang": "en",
    "updated": 0
  },
  {
    "id": "6a9209ff-4c0c-4db5-bc58-67782724a537",
    "data": [
      {
        "text": "download the song ",
        "userDefined": false
      },
      {
        "text": "Back in Time",
        "meta": "@song",
        "alias": "song",
        "userDefined": false
      },
      {
        "text": " by ",
        "userDefined": false
      },
      {
        "text": "Pitbull",
        "meta": "@sys.music-artist",
        "alias": "artist",
        "userDefined": false
      }
    ],
    "isTemplate": false,
    "count": 0,
    "lang": "en",
    "updated": 0
  },
  {
    "id": "f90d8eae-1b56-4047-bf43-1d4b5322ae9d",
    "data": [
      {
        "text": "download",
        "meta": "@sys.ignore",
        "userDefined": true
      },
      {
        "text": " ",
        "userDefined": false
      },
      {
        "text": "latest",
        "meta": "@music-sort",
        "alias": "sort",
        "userDefined": true
      },
      {
        "text": " ",
        "userDefined": false
      },
      {
        "text": "Metallica",
        "meta": "@sys.music-artist",
        "alias": "artist",
        "userDefined": true
      }
    ],
    "isTemplate": false,
    "count": 0,
    "lang": "en",
    "updated": 0
  },
  {
    "id": "3ad564cc-afe6-4fa9-86b0-578f0f2b51dd",
    "data": [
      {
        "text": "download this song ",
        "userDefined": false
      },
      {
        "text": "thank you",
        "meta": "@sys.ignore",
        "userDefined": false
      }
    ],
    "isTemplate": false,
    "count": 0,
    "lang": "en",
    "updated": 0
  },
  {
    "id": "9cda29af-3b99-4f88-9640-24a4f5e4ba3e",
    "data": [
      {
        "text": "download ",
        "userDefined": false
      },
      {
        "text": "Love Me",
        "meta": "@song",
        "alias": "song",
        "userDefined": false
      },
      {
        "text": " song",
        "userDefined": false
      }
    ],
    "isTemplate": false,
    "count": 0,
    "lang": "en",
    "updated": 0
  },
  {
    "id": "608d7cc8-6f53-436d-beca-8407eaaa5d40",
    "data": [
      {
        "text": "download the song ",
        "userDefined": false
      },
      {
        "text": "Sweater Weather",
        "meta": "@song",
        "alias": "song",
        "userDefined": false
      }
    ],
    "isTemplate": false,
    "count": 0,
    "lang": "en",
    "updated": 0
  },
  {
    "id": "b39358ee-fbcf-4c44-822d-a54a3d4ef829",
    "data": [
      {
        "text": "download ",
        "userDefined": false
      },
      {
        "text": "Louis Armstrong",
        "meta": "@sys.music-artist",
        "alias": "artist",
        "userDefined": false
      }
    ],
    "isTemplate": false,
    "count": 0,
    "lang": "en",
    "updated": 0
  },
  {
    "id": "9a834a2c-97e3-4273-b5fa-86e82ad6cbc4",
    "data": [
      {
        "text": "download a song from ",
        "userDefined": false
      },
      {
        "text": "YouTube",
        "meta": "@music-service",
        "alias": "service",
        "userDefined": true
      }
    ],
    "isTemplate": false,
    "count": 0,
    "lang": "en",
    "updated": 0
  },
  {
    "id": "cb9fa72c-3229-4a36-9fea-b123356789af",
    "data": [
      {
        "text": "download",
        "meta": "@sys.ignore",
        "userDefined": true
      },
      {
        "text": " ",
        "userDefined": false
      },
      {
        "text": "Telugu",
        "meta": "@sys.ignore",
        "userDefined": true
      },
      {
        "text": " songs",
        "userDefined": false
      }
    ],
    "isTemplate": false,
    "count": 0,
    "lang": "en",
    "updated": 0
  },
  {
    "id": "bb0408f4-69fc-4a7b-8914-054137dd5c22",
    "data": [
      {
        "text": "can",
        "meta": "@sys.ignore",
        "userDefined": false
      },
      {
        "text": " ",
        "userDefined": false
      },
      {
        "text": "you",
        "meta": "@sys.ignore",
        "userDefined": false
      },
      {
        "text": " download a song for me",
        "userDefined": false
      }
    ],
    "isTemplate": false,
    "count": 0,
    "lang": "en",
    "updated": 0
  },
  {
    "id": "ee9a2c2f-d983-4f4a-9185-403a773c99d5",
    "data": [
      {
        "text": "can",
        "meta": "@sys.ignore",
        "userDefined": true
      },
      {
        "text": " you ",
        "userDefined": false
      },
      {
        "text": "download",
        "meta": "@sys.ignore",
        "userDefined": true
      },
      {
        "text": " songs",
        "userDefined": false
      }
    ],
    "isTemplate": false,
    "count": 0,
    "lang": "en",
    "updated": 0
  },
  {
    "id": "e5b45d72-816f-4da3-9d09-3ba21d767ed3",
    "data": [
      {
        "text": "download something from ",
        "userDefined": false
      },
      {
        "text": "Maroon 5",
        "meta": "@sys.music-artist",
        "alias": "artist",
        "userDefined": false
      }
    ],
    "isTemplate": false,
    "count": 0,
    "lang": "en",
    "updated": 0
  },
  {
    "id": "5ae9a220-e20d-4c99-b1ea-5b3ab169cb6e",
    "data": [
      {
        "text": "download the song",
        "userDefined": false
      }
    ],
    "isTemplate": false,
    "count": 0,
    "lang": "en",
    "updated": 0
  },
  {
    "id": "80e8bcc7-a3f3-472f-a707-f68e58d2674a",
    "data": [
      {
        "text": "download song ",
        "userDefined": false
      },
      {
        "text": "Stairway to Heaven",
        "meta": "@song",
        "alias": "song",
        "userDefined": false
      }
    ],
    "isTemplate": false,
    "count": 0,
    "lang": "en",
    "updated": 0
  },
  {
    "id": "fd1c5bef-f3e8-4035-a6bd-1c2c0e22bbe7",
    "data": [
      {
        "text": "download ",
        "userDefined": false
      },
      {
        "text": "music",
        "meta": "@sys.ignore",
        "userDefined": true
      },
      {
        "text": " for me",
        "userDefined": false
      }
    ],
    "isTemplate": false,
    "count": 0,
    "lang": "en",
    "updated": 0
  },
  {
    "id": "25364ae5-f977-4922-b341-5421347c377b",
    "data": [
      {
        "text": "download ",
        "userDefined": false
      },
      {
        "text": "Michael Jackson",
        "meta": "@sys.music-artist",
        "alias": "artist",
        "userDefined": true
      },
      {
        "text": "\u0027s songs from ",
        "userDefined": false
      },
      {
        "text": "1988",
        "meta": "@sys.number",
        "alias": "start-year",
        "userDefined": true
      },
      {
        "text": " till ",
        "userDefined": false
      },
      {
        "text": "1989",
        "meta": "@sys.number",
        "alias": "end-year",
        "userDefined": true
      }
    ],
    "isTemplate": false,
    "count": 0,
    "lang": "en",
    "updated": 0
  },
  {
    "id": "79aa0752-dde4-49ab-b039-b9abcb3991b6",
    "data": [
      {
        "text": "download a song ",
        "userDefined": false
      },
      {
        "text": "you",
        "meta": "@sys.ignore",
        "userDefined": false
      },
      {
        "text": " like",
        "userDefined": false
      }
    ],
    "isTemplate": false,
    "count": 0,
    "lang": "en",
    "updated": 0
  },
  {
    "id": "d38ddbc1-fd21-4d04-808a-0c2488a15e1a",
    "data": [
      {
        "text": "could you download ",
        "userDefined": false
      },
      {
        "text": "the",
        "meta": "@sys.ignore",
        "userDefined": true
      },
      {
        "text": " song ",
        "userDefined": false
      },
      {
        "text": "Umbrella",
        "meta": "@song",
        "alias": "song",
        "userDefined": true
      },
      {
        "text": " by ",
        "userDefined": false
      },
      {
        "text": "Rihanna",
        "meta": "@sys.music-artist",
        "alias": "artist",
        "userDefined": true
      }
    ],
    "isTemplate": false,
    "count": 5,
    "lang": "en",
    "updated": 0
  },
  {
    "id": "236a6489-1f93-4396-aa6b-3328d7e5c944",
    "data": [
      {
        "text": "can",
        "meta": "@sys.ignore",
        "userDefined": false
      },
      {
        "text": " ",
        "userDefined": false
      },
      {
        "text": "you",
        "meta": "@sys.ignore",
        "userDefined": false
      },
      {
        "text": " download a song",
        "userDefined": false
      }
    ],
    "isTemplate": false,
    "count": 0,
    "lang": "en",
    "updated": 0
  },
  {
    "id": "8df2e630-1c51-4aad-8564-2b98d3c9637d",
    "data": [
      {
        "text": "download a song ",
        "userDefined": false
      },
      {
        "text": "On My Knees",
        "meta": "@song",
        "alias": "song",
        "userDefined": false
      }
    ],
    "isTemplate": false,
    "count": 0,
    "lang": "en",
    "updated": 0
  },
  {
    "id": "4b375d37-b898-41a0-8355-f22d870d1662",
    "data": [
      {
        "text": "download the song ",
        "userDefined": false
      },
      {
        "text": "Green Grass and High Times",
        "meta": "@song",
        "alias": "song",
        "userDefined": false
      }
    ],
    "isTemplate": false,
    "count": 0,
    "lang": "en",
    "updated": 0
  },
  {
    "id": "1c5586e4-db09-4e9c-8f39-505212e3779f",
    "data": [
      {
        "text": "download some ",
        "userDefined": false
      },
      {
        "text": "music",
        "meta": "@sys.ignore",
        "userDefined": true
      }
    ],
    "isTemplate": false,
    "count": 8,
    "lang": "en",
    "updated": 0
  },
  {
    "id": "879f0603-eb8d-426f-954e-c9e13cadc180",
    "data": [
      {
        "text": "download song by ",
        "userDefined": false
      },
      {
        "text": "Nicki Minaj",
        "meta": "@sys.music-artist",
        "alias": "artist",
        "userDefined": false
      }
    ],
    "isTemplate": false,
    "count": 0,
    "lang": "en",
    "updated": 0
  },
  {
    "id": "2a035dd9-d8a0-4c94-9832-34a21807ad82",
    "data": [
      {
        "text": "download song ",
        "userDefined": false
      },
      {
        "text": "Never",
        "meta": "@song",
        "alias": "song",
        "userDefined": false
      },
      {
        "text": " by ",
        "userDefined": false
      },
      {
        "text": "One Direction",
        "meta": "@sys.music-artist",
        "alias": "artist",
        "userDefined": true
      }
    ],
    "isTemplate": false,
    "count": 0,
    "lang": "en",
    "updated": 0
  },
  {
    "id": "7ed5e7c4-0edd-426f-a17d-b48af489bfed",
    "data": [
      {
        "text": "I need to download ",
        "userDefined": false
      },
      {
        "text": "Spanish",
        "meta": "@sys.ignore",
        "userDefined": true
      },
      {
        "text": " songs by ",
        "userDefined": false
      },
      {
        "text": "Enrique Iglesias",
        "meta": "@sys.music-artist",
        "alias": "artist",
        "userDefined": true
      }
    ],
    "isTemplate": false,
    "count": 0,
    "lang": "en",
    "updated": 0
  },
  {
    "id": "d81bdd86-1e9b-49d5-b1c2-c714f4acd369",
    "data": [
      {
        "text": "download some ",
        "userDefined": false
      },
      {
        "text": "music",
        "meta": "@sys.ignore",
        "userDefined": false
      },
      {
        "text": " ",
        "userDefined": false
      },
      {
        "text": "on",
        "meta": "@sys.ignore",
        "userDefined": false
      },
      {
        "text": " ",
        "userDefined": false
      },
      {
        "text": "iPod",
        "meta": "@sys.ignore",
        "userDefined": false
      },
      {
        "text": ".",
        "userDefined": false
      }
    ],
    "isTemplate": false,
    "count": 0,
    "lang": "en",
    "updated": 0
  },
  {
    "id": "4ff23652-9037-4135-9303-55f64060cb74",
    "data": [
      {
        "text": "download this song ",
        "userDefined": false
      },
      {
        "text": "My Story",
        "meta": "@song",
        "alias": "song",
        "userDefined": false
      }
    ],
    "isTemplate": false,
    "count": 0,
    "lang": "en",
    "updated": 0
  },
  {
    "id": "8fd8c855-4761-4309-8f36-6d9b4f5fa6e3",
    "data": [
      {
        "text": "download song ",
        "userDefined": false
      },
      {
        "text": "Sunny Sunny",
        "meta": "@song",
        "alias": "song",
        "userDefined": false
      }
    ],
    "isTemplate": false,
    "count": 0,
    "lang": "en",
    "updated": 0
  },
  {
    "id": "58ff5575-ade7-40d5-821d-ace0e648a766",
    "data": [
      {
        "text": "download song ",
        "userDefined": false
      },
      {
        "text": "No New Friends",
        "meta": "@song",
        "alias": "song",
        "userDefined": false
      }
    ],
    "isTemplate": false,
    "count": 0,
    "lang": "en",
    "updated": 0
  },
  {
    "id": "0aa05c3b-32e1-423e-8cd6-2345b3019996",
    "data": [
      {
        "text": "download for me a song",
        "userDefined": false
      }
    ],
    "isTemplate": false,
    "count": 0,
    "lang": "en",
    "updated": 0
  },
  {
    "id": "fa40b159-4e20-40ee-86f2-7c0962978422",
    "data": [
      {
        "text": "download ",
        "userDefined": false
      },
      {
        "text": "Barbie",
        "meta": "@song",
        "alias": "song",
        "userDefined": true
      },
      {
        "text": " song",
        "userDefined": false
      }
    ],
    "isTemplate": false,
    "count": 8,
    "lang": "en",
    "updated": 0
  },
  {
    "id": "64d42181-6e60-4163-98b8-98ef50dec85f",
    "data": [
      {
        "text": "how can I download ",
        "userDefined": false
      },
      {
        "text": "One Direction",
        "meta": "@sys.music-artist",
        "alias": "artist",
        "userDefined": true
      },
      {
        "text": " ",
        "userDefined": false
      },
      {
        "text": "Rock me",
        "meta": "@song",
        "alias": "song",
        "userDefined": true
      },
      {
        "text": " song",
        "userDefined": false
      }
    ],
    "isTemplate": false,
    "count": 0,
    "lang": "en",
    "updated": 0
  },
  {
    "id": "f3bb442c-2967-4e25-abe4-64c09ef51e71",
    "data": [
      {
        "text": "music",
        "meta": "@sys.ignore",
        "userDefined": false
      },
      {
        "text": " download",
        "userDefined": false
      }
    ],
    "isTemplate": false,
    "count": 0,
    "lang": "en",
    "updated": 0
  },
  {
    "id": "b87af0d7-cc3d-40e3-a029-e28fc6e2a373",
    "data": [
      {
        "text": "download ",
        "userDefined": false
      },
      {
        "text": "r n b",
        "meta": "@sys.music-genre",
        "alias": "genre",
        "userDefined": true
      },
      {
        "text": " ",
        "userDefined": false
      },
      {
        "text": "music",
        "meta": "@sys.ignore",
        "userDefined": false
      }
    ],
    "isTemplate": false,
    "count": 0,
    "lang": "en",
    "updated": 0
  },
  {
    "id": "6434403e-b783-4c49-8c52-51b4684e8026",
    "data": [
      {
        "text": "download the song ",
        "userDefined": false
      },
      {
        "text": "right now",
        "meta": "@sys.ignore",
        "userDefined": false
      }
    ],
    "isTemplate": false,
    "count": 0,
    "lang": "en",
    "updated": 0
  },
  {
    "id": "e51e6183-39de-4093-9333-f08544016c3d",
    "data": [
      {
        "text": "download ",
        "userDefined": false
      },
      {
        "text": "Sugar",
        "meta": "@song",
        "alias": "song",
        "userDefined": false
      },
      {
        "text": " by ",
        "userDefined": false
      },
      {
        "text": "Maroon five",
        "meta": "@sys.music-artist",
        "alias": "artist",
        "userDefined": false
      }
    ],
    "isTemplate": false,
    "count": 0,
    "lang": "en",
    "updated": 0
  },
  {
    "id": "ac07597e-eebf-4fa3-9b4a-e8b6c03421da",
    "data": [
      {
        "text": "I want to download songs",
        "userDefined": false
      }
    ],
    "isTemplate": false,
    "count": 0,
    "lang": "en",
    "updated": 0
  },
  {
    "id": "1d302c39-67cf-4610-a9b3-a7e5a2269e1c",
    "data": [
      {
        "text": "download the song ",
        "userDefined": false
      },
      {
        "text": "Hero",
        "meta": "@song",
        "alias": "song",
        "userDefined": false
      }
    ],
    "isTemplate": false,
    "count": 0,
    "lang": "en",
    "updated": 0
  },
  {
    "id": "3629cbe9-7a22-4524-a889-9de4cf8c434d",
    "data": [
      {
        "text": "download a song by ",
        "userDefined": false
      },
      {
        "text": "Aventura",
        "meta": "@sys.music-artist",
        "alias": "artist",
        "userDefined": false
      }
    ],
    "isTemplate": false,
    "count": 0,
    "lang": "en",
    "updated": 0
  },
  {
    "id": "87f07687-30db-4c29-9c89-20a70a7711ff",
    "data": [
      {
        "text": "download the album ",
        "userDefined": false
      },
      {
        "text": "Starboy",
        "meta": "@music-album",
        "alias": "album",
        "userDefined": true
      }
    ],
    "isTemplate": false,
    "count": 0,
    "lang": "en",
    "updated": 0
  },
  {
    "id": "e2a09edf-44fd-44e8-8f36-35bcadbe6cd0",
    "data": [
      {
        "text": "download ",
        "userDefined": false
      },
      {
        "text": "Home Sweet Home",
        "meta": "@song",
        "alias": "song",
        "userDefined": false
      }
    ],
    "isTemplate": false,
    "count": 0,
    "lang": "en",
    "updated": 0
  },
  {
    "id": "227ff94c-16ed-41b4-83b4-34431e18a945",
    "data": [
      {
        "text": "download some songs",
        "userDefined": false
      }
    ],
    "isTemplate": false,
    "count": 0,
    "lang": "en",
    "updated": 0
  },
  {
    "id": "b9c4ac3f-3f08-4141-8702-8d61dcd17005",
    "data": [
      {
        "text": "download the song ",
        "userDefined": false
      },
      {
        "text": "In Demand",
        "meta": "@song",
        "alias": "song",
        "userDefined": false
      }
    ],
    "isTemplate": false,
    "count": 0,
    "lang": "en",
    "updated": 0
  },
  {
    "id": "5ec9f3ba-319e-47be-8da8-4f35baaf019a",
    "data": [
      {
        "text": "download the song ",
        "userDefined": false
      },
      {
        "text": "Heal",
        "meta": "@song",
        "alias": "song",
        "userDefined": false
      }
    ],
    "isTemplate": false,
    "count": 0,
    "lang": "en",
    "updated": 0
  },
  {
    "id": "a2fd466c-a36a-4df8-a2e3-8c077847bc62",
    "data": [
      {
        "text": "download",
        "meta": "@sys.ignore",
        "userDefined": true
      },
      {
        "text": " some songs ",
        "userDefined": false
      },
      {
        "text": "in",
        "meta": "@sys.ignore",
        "userDefined": true
      },
      {
        "text": " ",
        "userDefined": false
      },
      {
        "text": "Hindi",
        "meta": "@sys.ignore",
        "userDefined": true
      }
    ],
    "isTemplate": false,
    "count": 0,
    "lang": "en",
    "updated": 0
  },
  {
    "id": "225c9195-b44f-4e72-93c5-ee9806ec5647",
    "data": [
      {
        "text": "download ",
        "userDefined": false
      },
      {
        "text": "Rihanna",
        "meta": "@sys.music-artist",
        "alias": "artist",
        "userDefined": false
      },
      {
        "text": " ft ",
        "userDefined": false
      },
      {
        "text": "Drake",
        "meta": "@sys.music-artist",
        "alias": "artist",
        "userDefined": true
      },
      {
        "text": "  ",
        "userDefined": false
      },
      {
        "text": "Work",
        "meta": "@song",
        "alias": "song",
        "userDefined": true
      }
    ],
    "isTemplate": false,
    "count": 0,
    "lang": "en",
    "updated": 0
  },
  {
    "id": "53769a6c-7490-4110-afa8-968b6b22e13b",
    "data": [
      {
        "text": "could you download the ",
        "userDefined": false
      },
      {
        "text": "best",
        "meta": "@music-sort",
        "alias": "sort",
        "userDefined": true
      },
      {
        "text": " songs of the year ",
        "userDefined": false
      },
      {
        "text": "2015",
        "meta": "@sys.number",
        "alias": "start-year",
        "userDefined": true
      }
    ],
    "isTemplate": false,
    "count": 0,
    "lang": "en",
    "updated": 0
  },
  {
    "id": "c166b4ca-4c50-4a6d-ae85-8433313a6e42",
    "data": [
      {
        "text": "free",
        "meta": "@sys.ignore",
        "userDefined": false
      },
      {
        "text": " ",
        "userDefined": false
      },
      {
        "text": "music",
        "meta": "@sys.ignore",
        "userDefined": false
      },
      {
        "text": " download",
        "userDefined": false
      }
    ],
    "isTemplate": false,
    "count": 0,
    "lang": "en",
    "updated": 0
  },
  {
    "id": "b0de54c7-0de9-40d1-805c-9c4543f282f3",
    "data": [
      {
        "text": "download a song by ",
        "userDefined": false
      },
      {
        "text": "Madonna",
        "meta": "@sys.music-artist",
        "alias": "artist",
        "userDefined": false
      },
      {
        "text": " for me",
        "userDefined": false
      }
    ],
    "isTemplate": false,
    "count": 0,
    "lang": "en",
    "updated": 0
  },
  {
    "id": "4048875d-5486-46bb-8815-1440618edf61",
    "data": [
      {
        "text": "download some ",
        "userDefined": false
      },
      {
        "text": "music",
        "meta": "@sys.ignore",
        "userDefined": false
      },
      {
        "text": " from my SD ",
        "userDefined": false
      },
      {
        "text": "card",
        "meta": "@sys.ignore",
        "userDefined": false
      }
    ],
    "isTemplate": false,
    "count": 0,
    "lang": "en",
    "updated": 0
  },
  {
    "id": "4b904920-530c-4b8c-86ca-0ce400f10a97",
    "data": [
      {
        "text": "download a ",
        "userDefined": false
      },
      {
        "text": "Beyonce",
        "meta": "@sys.music-artist",
        "alias": "artist",
        "userDefined": false
      },
      {
        "text": " song",
        "userDefined": false
      }
    ],
    "isTemplate": false,
    "count": 0,
    "lang": "en",
    "updated": 0
  },
  {
    "id": "96af990d-b9d6-4556-892d-c894c9449e7d",
    "data": [
      {
        "text": "can",
        "meta": "@sys.ignore",
        "userDefined": false
      },
      {
        "text": " ",
        "userDefined": false
      },
      {
        "text": "you",
        "meta": "@sys.ignore",
        "userDefined": false
      },
      {
        "text": " download the song ",
        "userDefined": false
      },
      {
        "text": "Still into You",
        "meta": "@song",
        "alias": "song",
        "userDefined": false
      }
    ],
    "isTemplate": false,
    "count": 0,
    "lang": "en",
    "updated": 0
  },
  {
    "id": "867efb97-441c-4ff7-bf6e-68c2149bbb18",
    "data": [
      {
        "text": "download the song ",
        "userDefined": false
      },
      {
        "text": "Bread",
        "meta": "@song",
        "alias": "song",
        "userDefined": false
      }
    ],
    "isTemplate": false,
    "count": 0,
    "lang": "en",
    "updated": 0
  },
  {
    "id": "104df9c9-13b9-4d73-ab83-7657ee532f1b",
    "data": [
      {
        "text": "I want to download a song",
        "userDefined": false
      }
    ],
    "isTemplate": false,
    "count": 0,
    "lang": "en",
    "updated": 0
  },
  {
    "id": "e67ee3c7-fa3d-4717-a61c-360af9cb84ea",
    "data": [
      {
        "text": "download",
        "meta": "@sys.ignore",
        "userDefined": true
      },
      {
        "text": " what ",
        "userDefined": false
      },
      {
        "text": "Prince",
        "meta": "@sys.music-artist",
        "alias": "artist",
        "userDefined": true
      },
      {
        "text": " wrote between ",
        "userDefined": false
      },
      {
        "text": "1980",
        "meta": "@sys.number",
        "alias": "start-year",
        "userDefined": true
      },
      {
        "text": " and ",
        "userDefined": false
      },
      {
        "text": "1999",
        "meta": "@sys.number",
        "alias": "end-year",
        "userDefined": true
      }
    ],
    "isTemplate": false,
    "count": 0,
    "lang": "en",
    "updated": 0
  },
  {
    "id": "47ab0bad-2491-443e-8756-62e4b648e1d2",
    "data": [
      {
        "text": "download the song ",
        "userDefined": false
      },
      {
        "text": "Radioactive",
        "meta": "@song",
        "alias": "song",
        "userDefined": false
      }
    ],
    "isTemplate": false,
    "count": 0,
    "lang": "en",
    "updated": 0
  },
  {
    "id": "fa2bb501-f2bd-4bec-b4e2-2c8490181b1f",
    "data": [
      {
        "text": "download ",
        "userDefined": false
      },
      {
        "text": "Madonna",
        "meta": "@sys.music-artist",
        "alias": "artist",
        "userDefined": true
      },
      {
        "text": "\u0027s album of ",
        "userDefined": false
      },
      {
        "text": "2016",
        "meta": "@sys.number",
        "alias": "start-year",
        "userDefined": true
      }
    ],
    "isTemplate": false,
    "count": 0,
    "lang": "en",
    "updated": 0
  },
  {
    "id": "daa449a8-4c2a-458f-a2d5-8dcf157e63ab",
    "data": [
      {
        "text": "download a song for me",
        "userDefined": false
      }
    ],
    "isTemplate": false,
    "count": 0,
    "lang": "en",
    "updated": 0
  },
  {
    "id": "56ac6025-9894-4a08-9270-6b5fbece3f59",
    "data": [
      {
        "text": "download ",
        "userDefined": false
      },
      {
        "text": "Kid Rock",
        "meta": "@sys.music-artist",
        "alias": "artist",
        "userDefined": false
      },
      {
        "text": " songs",
        "userDefined": false
      }
    ],
    "isTemplate": false,
    "count": 0,
    "lang": "en",
    "updated": 0
  },
  {
    "id": "22192634-5483-47c2-beef-264ebc1af357",
    "data": [
      {
        "text": "download song",
        "userDefined": false
      }
    ],
    "isTemplate": false,
    "count": 0,
    "lang": "en",
    "updated": 0
  },
  {
    "id": "c94899b9-65f7-4d9e-9de2-184162ce2bf4",
    "data": [
      {
        "text": "download ",
        "userDefined": false
      },
      {
        "text": "Hurricane",
        "meta": "@song",
        "alias": "song",
        "userDefined": false
      },
      {
        "text": " by ",
        "userDefined": false
      },
      {
        "text": "Bob Dylan",
        "meta": "@sys.music-artist",
        "alias": "artist",
        "userDefined": false
      }
    ],
    "isTemplate": false,
    "count": 0,
    "lang": "en",
    "updated": 0
  },
  {
    "id": "47fb404b-61a3-4bff-a2f1-3676ccc1bb61",
    "data": [
      {
        "text": "download a song ",
        "userDefined": false
      },
      {
        "text": "Never Dreamed You\u0027d Leave in Summer",
        "meta": "@song",
        "alias": "song",
        "userDefined": false
      }
    ],
    "isTemplate": false,
    "count": 0,
    "lang": "en",
    "updated": 0
  }
]