[
  {
    "id": "262581a8-8f25-4876-98bd-56018bf4ca16",
    "data": [
      {
        "text": "save ",
        "userDefined": false
      },
      {
        "text": "this",
        "meta": "@sys.ignore",
        "userDefined": true
      },
      {
        "text": " song to my ",
        "userDefined": false
      },
      {
        "text": "Workout",
        "meta": "@sys.any",
        "alias": "playlist",
        "userDefined": true
      },
      {
        "text": " playlist",
        "userDefined": false
      }
    ],
    "isTemplate": false,
    "count": 0,
    "lang": "en",
    "updated": 0
  },
  {
    "id": "1ecb906b-dea6-4362-aa39-88267e4e491d",
    "data": [
      {
        "text": "move it to the ",
        "userDefined": false
      },
      {
        "text": "Gym",
        "meta": "@sys.any",
        "alias": "playlist",
        "userDefined": true
      },
      {
        "text": " playlist",
        "userDefined": false
      }
    ],
    "isTemplate": false,
    "count": 0,
    "lang": "en",
    "updated": 0
  },
  {
    "id": "4afead16-d64a-4814-9c11-37f49a1ed77a",
    "data": [
      {
        "text": "put it on my ",
        "userDefined": false
      },
      {
        "text": "Late Night",
        "meta": "@sys.any",
        "alias": "playlist",
        "userDefined": true
      },
      {
        "text": " playlist",
        "userDefined": false
      }
    ],
    "isTemplate": false,
    "count": 0,
    "lang": "en",
    "updated": 0
  },
  {
    "id": "f6f7aa4f-a5db-4530-9521-93f4dc6b9a01",
    "data": [
      {
        "text": "put it into the playlist ",
        "userDefined": false
      },
      {
        "text": "Running",
        "meta": "@sys.any",
        "alias": "playlist",
        "userDefined": true
      }
    ],
    "isTemplate": false,
    "count": 0,
    "lang": "en",
    "updated": 0
  },
  {
    "id": "b33c3eaa-263f-4a1d-8e13-c46bd8216664",
    "data": [
      {
        "text": "save ",
        "userDefined": false
      },
      {
        "text": "this",
        "meta": "@sys.ignore",
        "userDefined": false
      },
      {
        "text": " track in my playlist",
        "userDefined": false
      }
    ],
    "isTemplate": false,
    "count": 0,
    "lang": "en",
    "updated": 0
  },
  {
    "id": "4b80cf18-9207-4213-83d8-29b6b70acec4",
    "data": [
      {
        "text": "add it to the playlist ",
        "userDefined": false
      },
      {
        "text": "Yoga",
        "meta": "@sys.any",
        "alias": "playlist",
        "userDefined": false
      }
    ],
    "isTemplate": false,
    "count": 0,
    "lang": "en",
    "updated": 0
  },
  {
    "id": "0feadb75-f3a1-4fe4-8077-42ff27e3fc32",
    "data": [
      {
        "text": "add ",
        "userDefined": false
      },
      {
        "text": "this",
        "meta": "@sys.ignore",
        "userDefined": true
      },
      {
        "text": " song to my playlist",
        "userDefined": false
      }
    ],
    "isTemplate": false,
    "count": 0,
    "lang": "en",
    "updated": 0
  }
]