[
  {
    "id": "19e317a9-c455-4048-add5-215e7bbd1cab",
    "data": [
      {
        "text": "now find ",
        "userDefined": false
      },
      {
        "text": "Britney Spears",
        "meta": "@sys.music-artist",
        "alias": "artist",
        "userDefined": true
      }
    ],
    "isTemplate": false,
    "count": 0,
    "lang": "en-au",
    "updated": 0
  },
  {
    "id": "af7a29a1-0477-4c9d-a5a1-6babe39e36f0",
    "data": [
      {
        "text": "search for ",
        "userDefined": false
      },
      {
        "text": "Rihanna",
        "meta": "@sys.music-artist",
        "alias": "artist",
        "userDefined": false
      }
    ],
    "isTemplate": false,
    "count": 0,
    "lang": "en-au",
    "updated": 0
  },
  {
    "id": "7f8919b3-baea-4315-b06a-17d3d9626858",
    "data": [
      {
        "text": "search for ",
        "userDefined": false
      },
      {
        "text": "Adele",
        "meta": "@sys.music-artist",
        "alias": "artist",
        "userDefined": true
      },
      {
        "text": " now",
        "userDefined": false
      }
    ],
    "isTemplate": false,
    "count": 0,
    "lang": "en-au",
    "updated": 0
  },
  {
    "id": "0478c7f9-c042-4413-8bd1-6d55d69f87fd",
    "data": [
      {
        "text": "now find album ",
        "userDefined": false
      },
      {
        "text": "Burning up",
        "meta": "@music-album",
        "alias": "album",
        "userDefined": false
      }
    ],
    "isTemplate": false,
    "count": 0,
    "lang": "en-au",
    "updated": 0
  },
  {
    "id": "6d1367ce-18ea-4688-91f2-61097e85bc80",
    "data": [
      {
        "text": "now ",
        "userDefined": false
      },
      {
        "text": "YouTube",
        "meta": "@music-service",
        "alias": "service",
        "userDefined": true
      }
    ],
    "isTemplate": false,
    "count": 0,
    "lang": "en-au",
    "updated": 0
  },
  {
    "id": "cf9893b3-6cb1-4b83-a01b-2c74de894336",
    "data": [
      {
        "text": "now from ",
        "userDefined": false
      },
      {
        "text": "iTunes",
        "meta": "@music-service",
        "alias": "service",
        "userDefined": false
      }
    ],
    "isTemplate": false,
    "count": 0,
    "lang": "en-au",
    "updated": 0
  },
  {
    "id": "b541f718-b952-477f-8176-9b999061dbde",
    "data": [
      {
        "text": "what about ",
        "userDefined": false
      },
      {
        "text": "Netflix",
        "meta": "@music-service",
        "alias": "service",
        "userDefined": false
      }
    ],
    "isTemplate": false,
    "count": 0,
    "lang": "en-au",
    "updated": 0
  },
  {
    "id": "8f5da431-ef5a-4826-9c0a-e0ca166f74a9",
    "data": [
      {
        "text": "now find ",
        "userDefined": false
      },
      {
        "text": "jazz",
        "meta": "@sys.music-genre",
        "alias": "genre",
        "userDefined": true
      }
    ],
    "isTemplate": false,
    "count": 1,
    "lang": "en-au",
    "updated": 0
  },
  {
    "id": "4047d6c6-11d7-4335-8b45-1f07cab81e94",
    "data": [
      {
        "text": "now search ",
        "userDefined": false
      },
      {
        "text": "Rihanna",
        "meta": "@sys.music-artist",
        "alias": "artist",
        "userDefined": true
      },
      {
        "text": " ft ",
        "userDefined": false
      },
      {
        "text": "Eminem",
        "meta": "@sys.music-artist",
        "alias": "artist",
        "userDefined": true
      }
    ],
    "isTemplate": false,
    "count": 0,
    "lang": "en-au",
    "updated": 0
  },
  {
    "id": "cd8811d6-df46-4dc9-946b-c4a57d04ad9c",
    "data": [
      {
        "text": "now search for ",
        "userDefined": false
      },
      {
        "text": "Diamonds",
        "meta": "@song",
        "alias": "song",
        "userDefined": false
      }
    ],
    "isTemplate": false,
    "count": 0,
    "lang": "en-au",
    "updated": 0
  },
  {
    "id": "7ee78344-d094-43b1-a4d4-686aa172a71a",
    "data": [
      {
        "text": "now search for album ",
        "userDefined": false
      },
      {
        "text": "Lucky Star",
        "meta": "@music-album",
        "alias": "album",
        "userDefined": true
      }
    ],
    "isTemplate": false,
    "count": 0,
    "lang": "en-au",
    "updated": 0
  },
  {
    "id": "f2469953-efef-48f1-ac25-8487b360dfa5",
    "data": [
      {
        "text": "now find ",
        "userDefined": false
      },
      {
        "text": "Monster",
        "meta": "@song",
        "alias": "song",
        "userDefined": false
      }
    ],
    "isTemplate": false,
    "count": 0,
    "lang": "en-au",
    "updated": 0
  },
  {
    "id": "dc6d45e8-7717-4606-954f-92309492dbf5",
    "data": [
      {
        "text": "now find ",
        "userDefined": false
      },
      {
        "text": "Summer",
        "meta": "@music-album",
        "alias": "album",
        "userDefined": false
      },
      {
        "text": " album",
        "userDefined": false
      }
    ],
    "isTemplate": false,
    "count": 0,
    "lang": "en-au",
    "updated": 0
  },
  {
    "id": "a0b7390f-f6d6-424c-b21a-ade06103c916",
    "data": [
      {
        "text": "now find ",
        "userDefined": false
      },
      {
        "text": "jazz",
        "meta": "@sys.music-genre",
        "alias": "genre",
        "userDefined": true
      },
      {
        "text": " ",
        "userDefined": false
      },
      {
        "text": "music",
        "meta": "@sys.ignore",
        "userDefined": false
      }
    ],
    "isTemplate": false,
    "count": 0,
    "lang": "en-au",
    "updated": 0
  },
  {
    "id": "f9828079-8eaa-483a-99c1-e537fe85df73",
    "data": [
      {
        "text": "now find ",
        "userDefined": false
      },
      {
        "text": "winter",
        "meta": "@playlist",
        "alias": "playlist",
        "userDefined": true
      },
      {
        "text": " playlist",
        "userDefined": false
      }
    ],
    "isTemplate": false,
    "count": 0,
    "lang": "en-au",
    "updated": 0
  },
  {
    "id": "cc1fa568-c263-4db8-b72f-44cb13f7b74e",
    "data": [
      {
        "text": "search ",
        "userDefined": false
      },
      {
        "text": "gym",
        "meta": "@playlist",
        "alias": "playlist",
        "userDefined": true
      },
      {
        "text": " playlist",
        "userDefined": false
      }
    ],
    "isTemplate": false,
    "count": 0,
    "lang": "en-au",
    "updated": 0
  },
  {
    "id": "c614d615-0ade-4b9d-be31-68cfe56b5627",
    "data": [
      {
        "text": "now songs about ",
        "userDefined": false
      },
      {
        "text": "love",
        "meta": "@song",
        "alias": "song",
        "userDefined": true
      }
    ],
    "isTemplate": false,
    "count": 0,
    "lang": "en-au",
    "updated": 0
  },
  {
    "id": "8ef3b56f-81e6-4909-9e55-9f9436a85a25",
    "data": [
      {
        "text": "now search for ",
        "userDefined": false
      },
      {
        "text": "jazz",
        "meta": "@sys.music-genre",
        "alias": "genre",
        "userDefined": true
      }
    ],
    "isTemplate": false,
    "count": 1,
    "lang": "en-au",
    "updated": 0
  },
  {
    "id": "5886d077-7de4-4836-8dd1-1913dd4fe538",
    "data": [
      {
        "text": "now find album called ",
        "userDefined": false
      },
      {
        "text": "Let it be",
        "meta": "@music-album",
        "alias": "album",
        "userDefined": false
      }
    ],
    "isTemplate": false,
    "count": 0,
    "lang": "en-au",
    "updated": 0
  },
  {
    "id": "ac0280bc-4751-4458-a488-67eb254797a2",
    "data": [
      {
        "text": "now find ",
        "userDefined": false
      },
      {
        "text": "Hello",
        "meta": "@song",
        "alias": "song",
        "userDefined": true
      }
    ],
    "isTemplate": false,
    "count": 0,
    "lang": "en-au",
    "updated": 0
  },
  {
    "id": "53c80c55-a53a-40a4-ab9b-f68dd95478f8",
    "data": [
      {
        "text": "now ",
        "userDefined": false
      },
      {
        "text": "Elton John",
        "meta": "@sys.music-artist",
        "alias": "artist",
        "userDefined": false
      }
    ],
    "isTemplate": false,
    "count": 0,
    "lang": "en-au",
    "updated": 0
  },
  {
    "id": "fb427e61-3c67-4530-b03f-6ca15bc4f096",
    "data": [
      {
        "text": "now by ",
        "userDefined": false
      },
      {
        "text": "Madonna",
        "meta": "@sys.music-artist",
        "alias": "artist",
        "userDefined": false
      }
    ],
    "isTemplate": false,
    "count": 0,
    "lang": "en-au",
    "updated": 0
  },
  {
    "id": "66440be2-078d-4efd-9875-f5a0d30bc3e1",
    "data": [
      {
        "text": "now find ",
        "userDefined": false
      },
      {
        "text": "Hello",
        "meta": "@song",
        "alias": "song",
        "userDefined": true
      },
      {
        "text": " song",
        "userDefined": false
      }
    ],
    "isTemplate": false,
    "count": 0,
    "lang": "en-au",
    "updated": 0
  },
  {
    "id": "132c4d13-6c25-4ac6-8732-22f80d9d96ca",
    "data": [
      {
        "text": "now ",
        "userDefined": false
      },
      {
        "text": "jazz",
        "meta": "@sys.music-genre",
        "alias": "genre",
        "userDefined": true
      }
    ],
    "isTemplate": false,
    "count": 0,
    "lang": "en-au",
    "updated": 0
  },
  {
    "id": "3d3ec0d4-e955-43fd-a2ac-5d8eb3e58b30",
    "data": [
      {
        "text": "now search for ",
        "userDefined": false
      },
      {
        "text": "Eminem",
        "meta": "@sys.music-artist",
        "alias": "artist",
        "userDefined": false
      }
    ],
    "isTemplate": false,
    "count": 0,
    "lang": "en-au",
    "updated": 0
  },
  {
    "id": "b510c164-c514-4ce8-8568-7e446cbe674a",
    "data": [
      {
        "text": "now search for ",
        "userDefined": false
      },
      {
        "text": "work",
        "meta": "@playlist",
        "alias": "playlist",
        "userDefined": true
      },
      {
        "text": " playlist",
        "userDefined": false
      }
    ],
    "isTemplate": false,
    "count": 0,
    "lang": "en-au",
    "updated": 0
  },
  {
    "id": "4c7da780-4499-4e86-bf73-f8db20a13f56",
    "data": [
      {
        "text": "now ",
        "userDefined": false
      },
      {
        "text": "on",
        "meta": "@sys.ignore",
        "userDefined": false
      },
      {
        "text": " ",
        "userDefined": false
      },
      {
        "text": "Spotify",
        "meta": "@music-service",
        "alias": "service",
        "userDefined": true
      }
    ],
    "isTemplate": false,
    "count": 0,
    "lang": "en-au",
    "updated": 0
  },
  {
    "id": "26d683f3-f550-46c0-b2bc-2e4be1fcda78",
    "data": [
      {
        "text": "how about ",
        "userDefined": false
      },
      {
        "text": "Pandora",
        "meta": "@music-service",
        "alias": "service",
        "userDefined": true
      }
    ],
    "isTemplate": false,
    "count": 0,
    "lang": "en-au",
    "updated": 0
  },
  {
    "id": "16024130-c19c-4fd7-b523-e9a45132d954",
    "data": [
      {
        "text": "find another ",
        "userDefined": false
      },
      {
        "text": "one",
        "meta": "@sys.ignore",
        "userDefined": false
      }
    ],
    "isTemplate": false,
    "count": 0,
    "lang": "en-au",
    "updated": 0
  },
  {
    "id": "4956e890-ae81-457b-aa39-2af79d85ba85",
    "data": [
      {
        "text": "find ",
        "userDefined": false
      },
      {
        "text": "Take 5",
        "meta": "@song",
        "alias": "song",
        "userDefined": false
      }
    ],
    "isTemplate": false,
    "count": 0,
    "lang": "en-au",
    "updated": 0
  }
]