[
  {
    "id": "8b427eed-f6ec-4005-834c-cbc57fce6c87",
    "data": [
      {
        "text": "now find ",
        "userDefined": false
      },
      {
        "text": "Britney Spears",
        "meta": "@sys.music-artist",
        "alias": "artist",
        "userDefined": true
      }
    ],
    "isTemplate": false,
    "count": 0,
    "lang": "en",
    "updated": 0
  },
  {
    "id": "742b3720-06f4-4c3d-951d-2d4793dd1753",
    "data": [
      {
        "text": "search for ",
        "userDefined": false
      },
      {
        "text": "Rihanna",
        "meta": "@sys.music-artist",
        "alias": "artist",
        "userDefined": false
      }
    ],
    "isTemplate": false,
    "count": 0,
    "lang": "en",
    "updated": 0
  },
  {
    "id": "a8c5d35e-37ee-4d37-ba21-d295e9c68df0",
    "data": [
      {
        "text": "search for ",
        "userDefined": false
      },
      {
        "text": "Adele",
        "meta": "@sys.music-artist",
        "alias": "artist",
        "userDefined": true
      },
      {
        "text": " now",
        "userDefined": false
      }
    ],
    "isTemplate": false,
    "count": 0,
    "lang": "en",
    "updated": 0
  },
  {
    "id": "87482d31-6fb2-4357-99e3-1c55ebd38fd4",
    "data": [
      {
        "text": "now find album ",
        "userDefined": false
      },
      {
        "text": "Burning up",
        "meta": "@music-album",
        "alias": "album",
        "userDefined": false
      }
    ],
    "isTemplate": false,
    "count": 0,
    "lang": "en",
    "updated": 0
  },
  {
    "id": "870bf030-96ef-41f0-a032-9baf87ebb9fe",
    "data": [
      {
        "text": "now ",
        "userDefined": false
      },
      {
        "text": "YouTube",
        "meta": "@music-service",
        "alias": "service",
        "userDefined": true
      }
    ],
    "isTemplate": false,
    "count": 0,
    "lang": "en",
    "updated": 0
  },
  {
    "id": "f908c686-941a-4e65-9b2d-f7472094c1bd",
    "data": [
      {
        "text": "now from ",
        "userDefined": false
      },
      {
        "text": "iTunes",
        "meta": "@music-service",
        "alias": "service",
        "userDefined": false
      }
    ],
    "isTemplate": false,
    "count": 0,
    "lang": "en",
    "updated": 0
  },
  {
    "id": "0d75418b-6045-4152-9eec-963f361d58ff",
    "data": [
      {
        "text": "what about ",
        "userDefined": false
      },
      {
        "text": "Netflix",
        "meta": "@music-service",
        "alias": "service",
        "userDefined": false
      }
    ],
    "isTemplate": false,
    "count": 0,
    "lang": "en",
    "updated": 0
  },
  {
    "id": "7ef67d6b-623a-431f-8bc4-6e92e83ff9da",
    "data": [
      {
        "text": "now find ",
        "userDefined": false
      },
      {
        "text": "jazz",
        "meta": "@sys.music-genre",
        "alias": "genre",
        "userDefined": true
      }
    ],
    "isTemplate": false,
    "count": 1,
    "lang": "en",
    "updated": 0
  },
  {
    "id": "ccb6a9a0-910c-401c-8cd1-b1a65397c365",
    "data": [
      {
        "text": "now search ",
        "userDefined": false
      },
      {
        "text": "Rihanna",
        "meta": "@sys.music-artist",
        "alias": "artist",
        "userDefined": true
      },
      {
        "text": " ft ",
        "userDefined": false
      },
      {
        "text": "Eminem",
        "meta": "@sys.music-artist",
        "alias": "artist",
        "userDefined": true
      }
    ],
    "isTemplate": false,
    "count": 0,
    "lang": "en",
    "updated": 0
  },
  {
    "id": "3dead90e-b97b-4bb9-b6af-d627833570a4",
    "data": [
      {
        "text": "now search for ",
        "userDefined": false
      },
      {
        "text": "Diamonds",
        "meta": "@song",
        "alias": "song",
        "userDefined": false
      }
    ],
    "isTemplate": false,
    "count": 0,
    "lang": "en",
    "updated": 0
  },
  {
    "id": "ec11bdd1-4b36-4a57-8329-fa22d0d178e3",
    "data": [
      {
        "text": "now search for album ",
        "userDefined": false
      },
      {
        "text": "Lucky Star",
        "meta": "@music-album",
        "alias": "album",
        "userDefined": true
      }
    ],
    "isTemplate": false,
    "count": 0,
    "lang": "en",
    "updated": 0
  },
  {
    "id": "98f1abce-5845-4c35-9e08-83a6e46b690e",
    "data": [
      {
        "text": "now find ",
        "userDefined": false
      },
      {
        "text": "Monster",
        "meta": "@song",
        "alias": "song",
        "userDefined": false
      }
    ],
    "isTemplate": false,
    "count": 0,
    "lang": "en",
    "updated": 0
  },
  {
    "id": "fe4019b7-c731-4590-b84c-405cd63972d4",
    "data": [
      {
        "text": "now find ",
        "userDefined": false
      },
      {
        "text": "Summer",
        "meta": "@music-album",
        "alias": "album",
        "userDefined": false
      },
      {
        "text": " album",
        "userDefined": false
      }
    ],
    "isTemplate": false,
    "count": 0,
    "lang": "en",
    "updated": 0
  },
  {
    "id": "091faae2-d719-4a71-8a6d-7839b8d1733f",
    "data": [
      {
        "text": "now find ",
        "userDefined": false
      },
      {
        "text": "jazz",
        "meta": "@sys.music-genre",
        "alias": "genre",
        "userDefined": true
      },
      {
        "text": " ",
        "userDefined": false
      },
      {
        "text": "music",
        "meta": "@sys.ignore",
        "userDefined": false
      }
    ],
    "isTemplate": false,
    "count": 0,
    "lang": "en",
    "updated": 0
  },
  {
    "id": "1b06d31b-7175-4ccf-a3d9-051c4da7e547",
    "data": [
      {
        "text": "now find ",
        "userDefined": false
      },
      {
        "text": "winter",
        "meta": "@playlist",
        "alias": "playlist",
        "userDefined": true
      },
      {
        "text": " playlist",
        "userDefined": false
      }
    ],
    "isTemplate": false,
    "count": 0,
    "lang": "en",
    "updated": 0
  },
  {
    "id": "e62786cd-f7e5-45aa-96a2-50f687a6aad9",
    "data": [
      {
        "text": "search ",
        "userDefined": false
      },
      {
        "text": "gym",
        "meta": "@playlist",
        "alias": "playlist",
        "userDefined": true
      },
      {
        "text": " playlist",
        "userDefined": false
      }
    ],
    "isTemplate": false,
    "count": 0,
    "lang": "en",
    "updated": 0
  },
  {
    "id": "64b2deb6-d68e-4f48-a553-26810c499e10",
    "data": [
      {
        "text": "now songs about ",
        "userDefined": false
      },
      {
        "text": "love",
        "meta": "@song",
        "alias": "song",
        "userDefined": true
      }
    ],
    "isTemplate": false,
    "count": 0,
    "lang": "en",
    "updated": 0
  },
  {
    "id": "f3898e73-c5f2-461a-acd8-0769bb72b0a0",
    "data": [
      {
        "text": "now search for ",
        "userDefined": false
      },
      {
        "text": "jazz",
        "meta": "@sys.music-genre",
        "alias": "genre",
        "userDefined": true
      }
    ],
    "isTemplate": false,
    "count": 1,
    "lang": "en",
    "updated": 0
  },
  {
    "id": "577f4407-8701-4dae-b925-1d18095386a8",
    "data": [
      {
        "text": "now find album called ",
        "userDefined": false
      },
      {
        "text": "Let it be",
        "meta": "@music-album",
        "alias": "album",
        "userDefined": false
      }
    ],
    "isTemplate": false,
    "count": 0,
    "lang": "en",
    "updated": 0
  },
  {
    "id": "d98ab0c7-a2b2-44aa-9bc8-37e455b9849e",
    "data": [
      {
        "text": "now find ",
        "userDefined": false
      },
      {
        "text": "Hello",
        "meta": "@song",
        "alias": "song",
        "userDefined": true
      }
    ],
    "isTemplate": false,
    "count": 0,
    "lang": "en",
    "updated": 0
  },
  {
    "id": "7633789e-da18-49b2-85ea-9195f8d5c343",
    "data": [
      {
        "text": "now ",
        "userDefined": false
      },
      {
        "text": "Elton John",
        "meta": "@sys.music-artist",
        "alias": "artist",
        "userDefined": false
      }
    ],
    "isTemplate": false,
    "count": 0,
    "lang": "en",
    "updated": 0
  },
  {
    "id": "2ba7c710-3c73-49f3-a1ab-4054c630557a",
    "data": [
      {
        "text": "now by ",
        "userDefined": false
      },
      {
        "text": "Madonna",
        "meta": "@sys.music-artist",
        "alias": "artist",
        "userDefined": false
      }
    ],
    "isTemplate": false,
    "count": 0,
    "lang": "en",
    "updated": 0
  },
  {
    "id": "e34cec11-2f27-4368-9b9b-bb77e74e7637",
    "data": [
      {
        "text": "now find ",
        "userDefined": false
      },
      {
        "text": "Hello",
        "meta": "@song",
        "alias": "song",
        "userDefined": true
      },
      {
        "text": " song",
        "userDefined": false
      }
    ],
    "isTemplate": false,
    "count": 0,
    "lang": "en",
    "updated": 0
  },
  {
    "id": "bbf9a502-ca8c-4de0-85e5-bb172a5f2590",
    "data": [
      {
        "text": "now ",
        "userDefined": false
      },
      {
        "text": "jazz",
        "meta": "@sys.music-genre",
        "alias": "genre",
        "userDefined": true
      }
    ],
    "isTemplate": false,
    "count": 0,
    "lang": "en",
    "updated": 0
  },
  {
    "id": "fc3436a9-041d-42d7-b4a4-9f64418960d5",
    "data": [
      {
        "text": "now search for ",
        "userDefined": false
      },
      {
        "text": "Eminem",
        "meta": "@sys.music-artist",
        "alias": "artist",
        "userDefined": false
      }
    ],
    "isTemplate": false,
    "count": 0,
    "lang": "en",
    "updated": 0
  },
  {
    "id": "f603fe0b-72a3-4aaf-8fc5-9e55c4f90bed",
    "data": [
      {
        "text": "now search for ",
        "userDefined": false
      },
      {
        "text": "work",
        "meta": "@playlist",
        "alias": "playlist",
        "userDefined": true
      },
      {
        "text": " playlist",
        "userDefined": false
      }
    ],
    "isTemplate": false,
    "count": 0,
    "lang": "en",
    "updated": 0
  },
  {
    "id": "0241694e-3f83-48dc-8393-8528fbf04e95",
    "data": [
      {
        "text": "now ",
        "userDefined": false
      },
      {
        "text": "on",
        "meta": "@sys.ignore",
        "userDefined": false
      },
      {
        "text": " ",
        "userDefined": false
      },
      {
        "text": "Spotify",
        "meta": "@music-service",
        "alias": "service",
        "userDefined": true
      }
    ],
    "isTemplate": false,
    "count": 0,
    "lang": "en",
    "updated": 0
  },
  {
    "id": "9eb6b4e5-7256-4329-a815-82f4c1084c21",
    "data": [
      {
        "text": "how about ",
        "userDefined": false
      },
      {
        "text": "Pandora",
        "meta": "@music-service",
        "alias": "service",
        "userDefined": true
      }
    ],
    "isTemplate": false,
    "count": 0,
    "lang": "en",
    "updated": 0
  },
  {
    "id": "4db1d804-3fd8-4232-b3ab-0ade992b6903",
    "data": [
      {
        "text": "find another ",
        "userDefined": false
      },
      {
        "text": "one",
        "meta": "@sys.ignore",
        "userDefined": false
      }
    ],
    "isTemplate": false,
    "count": 0,
    "lang": "en",
    "updated": 0
  },
  {
    "id": "dca0c4e2-01e6-4402-b5c4-190132396130",
    "data": [
      {
        "text": "find ",
        "userDefined": false
      },
      {
        "text": "Take 5",
        "meta": "@song",
        "alias": "song",
        "userDefined": false
      }
    ],
    "isTemplate": false,
    "count": 0,
    "lang": "en",
    "updated": 0
  }
]