[
  {
    "id": "c07a82ed-4435-4da1-b87c-66ab2f620885",
    "data": [
      {
        "text": "save ",
        "userDefined": false
      },
      {
        "text": "this",
        "meta": "@sys.ignore",
        "userDefined": true
      },
      {
        "text": " song to my ",
        "userDefined": false
      },
      {
        "text": "Workout",
        "meta": "@sys.any",
        "alias": "playlist",
        "userDefined": true
      },
      {
        "text": " playlist",
        "userDefined": false
      }
    ],
    "isTemplate": false,
    "count": 0,
    "lang": "en-gb",
    "updated": 0
  },
  {
    "id": "84342ff7-a2fe-4f3f-bd05-ba8177ab3307",
    "data": [
      {
        "text": "move it to the ",
        "userDefined": false
      },
      {
        "text": "Gym",
        "meta": "@sys.any",
        "alias": "playlist",
        "userDefined": true
      },
      {
        "text": " playlist",
        "userDefined": false
      }
    ],
    "isTemplate": false,
    "count": 0,
    "lang": "en-gb",
    "updated": 0
  },
  {
    "id": "0af24574-50da-4ab3-82d3-e5212570ed41",
    "data": [
      {
        "text": "put it on my ",
        "userDefined": false
      },
      {
        "text": "Late Night",
        "meta": "@sys.any",
        "alias": "playlist",
        "userDefined": true
      },
      {
        "text": " playlist",
        "userDefined": false
      }
    ],
    "isTemplate": false,
    "count": 0,
    "lang": "en-gb",
    "updated": 0
  },
  {
    "id": "34412730-3a93-442b-b4e7-937f7829a030",
    "data": [
      {
        "text": "put it into the playlist ",
        "userDefined": false
      },
      {
        "text": "Running",
        "meta": "@sys.any",
        "alias": "playlist",
        "userDefined": true
      }
    ],
    "isTemplate": false,
    "count": 0,
    "lang": "en-gb",
    "updated": 0
  },
  {
    "id": "05de859e-0ca7-4615-9d6f-4e8c62dac173",
    "data": [
      {
        "text": "save ",
        "userDefined": false
      },
      {
        "text": "this",
        "meta": "@sys.ignore",
        "userDefined": false
      },
      {
        "text": " track in my playlist",
        "userDefined": false
      }
    ],
    "isTemplate": false,
    "count": 0,
    "lang": "en-gb",
    "updated": 0
  },
  {
    "id": "c83b3fad-df55-4d99-a8c8-0a8501b38863",
    "data": [
      {
        "text": "add it to the playlist ",
        "userDefined": false
      },
      {
        "text": "Yoga",
        "meta": "@sys.any",
        "alias": "playlist",
        "userDefined": false
      }
    ],
    "isTemplate": false,
    "count": 0,
    "lang": "en-gb",
    "updated": 0
  },
  {
    "id": "ed4162ee-e013-49c3-8dfd-80a0430e6da1",
    "data": [
      {
        "text": "add ",
        "userDefined": false
      },
      {
        "text": "this",
        "meta": "@sys.ignore",
        "userDefined": true
      },
      {
        "text": " song to my playlist",
        "userDefined": false
      }
    ],
    "isTemplate": false,
    "count": 0,
    "lang": "en-gb",
    "updated": 0
  }
]