[
  {
    "id": "7c17236a-edec-41cc-8359-41c1dace33b1",
    "data": [
      {
        "text": "play the song you played before",
        "userDefined": false
      }
    ],
    "isTemplate": false,
    "count": 0,
    "lang": "en-ca",
    "updated": 0
  },
  {
    "id": "a44ba9d2-526b-4db7-95d5-2b914126d653",
    "data": [
      {
        "text": "play the song before this",
        "userDefined": false
      }
    ],
    "isTemplate": false,
    "count": 0,
    "lang": "en-ca",
    "updated": 0
  },
  {
    "id": "299e349c-444c-4953-87d2-3dce0050621e",
    "data": [
      {
        "text": "play the previous song",
        "userDefined": false
      }
    ],
    "isTemplate": false,
    "count": 0,
    "lang": "en-ca",
    "updated": 0
  },
  {
    "id": "a32d2cc6-f846-4ee2-9bb9-e0715aac27f6",
    "data": [
      {
        "text": "previous song",
        "userDefined": false
      }
    ],
    "isTemplate": false,
    "count": 1,
    "lang": "en-ca",
    "updated": 0
  },
  {
    "id": "6afc96fa-b71d-4536-ae41-1b1d731f5988",
    "data": [
      {
        "text": "skip ",
        "userDefined": false
      },
      {
        "text": "to",
        "meta": "@sys.ignore",
        "userDefined": true
      },
      {
        "text": " previous",
        "userDefined": false
      }
    ],
    "isTemplate": false,
    "count": 0,
    "lang": "en-ca",
    "updated": 0
  },
  {
    "id": "974bde66-edde-42c2-b128-e6fa0d4d0921",
    "data": [
      {
        "text": "previous station",
        "userDefined": false
      }
    ],
    "isTemplate": false,
    "count": 0,
    "lang": "en-ca",
    "updated": 0
  },
  {
    "id": "186f033a-15b4-461d-9806-2851d8017dfa",
    "data": [
      {
        "text": "skip back",
        "userDefined": false
      }
    ],
    "isTemplate": false,
    "count": 0,
    "lang": "en-ca",
    "updated": 0
  },
  {
    "id": "40e35a11-fb67-420a-b533-702f20e79686",
    "data": [
      {
        "text": "previous",
        "userDefined": false
      }
    ],
    "isTemplate": false,
    "count": 0,
    "lang": "en-ca",
    "updated": 0
  },
  {
    "id": "f7418dd5-d894-4f4c-a229-9902560e6514",
    "data": [
      {
        "text": "go back to previous",
        "userDefined": false
      }
    ],
    "isTemplate": false,
    "count": 0,
    "lang": "en-ca",
    "updated": 0
  },
  {
    "id": "70666b85-22a2-4255-a8fc-bdc108d12138",
    "data": [
      {
        "text": "go back to previous station",
        "userDefined": false
      }
    ],
    "isTemplate": false,
    "count": 0,
    "lang": "en-ca",
    "updated": 0
  },
  {
    "id": "31b2780f-08e7-4846-a308-b3029ba353b6",
    "data": [
      {
        "text": "go to previous",
        "userDefined": false
      }
    ],
    "isTemplate": false,
    "count": 0,
    "lang": "en-ca",
    "updated": 0
  },
  {
    "id": "a8ef9609-de36-47d3-a905-25ae269c9fd9",
    "data": [
      {
        "text": "skip backward",
        "userDefined": false
      }
    ],
    "isTemplate": false,
    "count": 0,
    "lang": "en-ca",
    "updated": 0
  },
  {
    "id": "c0220982-0ef0-4c90-82f5-ff20b82722c3",
    "data": [
      {
        "text": "skip to the previous song",
        "userDefined": false
      }
    ],
    "isTemplate": false,
    "count": 0,
    "lang": "en-ca",
    "updated": 0
  },
  {
    "id": "f061b81f-6e40-4f61-8134-f4c18c608562",
    "data": [
      {
        "text": "go back",
        "userDefined": false
      }
    ],
    "isTemplate": false,
    "count": 0,
    "lang": "en-ca",
    "updated": 0
  },
  {
    "id": "44648ca6-802e-4893-97ab-ea356b78dc3d",
    "data": [
      {
        "text": "back",
        "meta": "@sys.ignore",
        "userDefined": true
      },
      {
        "text": " ",
        "userDefined": false
      },
      {
        "text": "up",
        "meta": "@sys.ignore",
        "userDefined": true
      },
      {
        "text": " a ",
        "userDefined": false
      },
      {
        "text": "track",
        "meta": "@sys.ignore",
        "userDefined": true
      }
    ],
    "isTemplate": false,
    "count": 0,
    "lang": "en-ca",
    "updated": 0
  },
  {
    "id": "b0969162-7aeb-44af-a563-34c1749d519a",
    "data": [
      {
        "text": "back",
        "userDefined": false
      }
    ],
    "isTemplate": false,
    "count": 0,
    "lang": "en-ca",
    "updated": 0
  },
  {
    "id": "46f0e9a6-fa9b-4916-94b4-d2380f6f99cd",
    "data": [
      {
        "text": "skip to the back",
        "userDefined": false
      }
    ],
    "isTemplate": false,
    "count": 0,
    "lang": "en-ca",
    "updated": 0
  },
  {
    "id": "6e5c73a9-800d-450e-b4d8-4a0bd913bae8",
    "data": [
      {
        "text": "go back to previous song",
        "userDefined": false
      }
    ],
    "isTemplate": false,
    "count": 0,
    "lang": "en-ca",
    "updated": 0
  }
]