[
  {
    "id": "e460ac97-4218-4acf-99aa-1d85abf5b184",
    "data": [
      {
        "text": "stop it right there",
        "userDefined": false
      }
    ],
    "isTemplate": false,
    "count": 0,
    "lang": "en-ca",
    "updated": 0
  },
  {
    "id": "609dbfc8-7eb8-4d42-bb6b-88dd159c35d6",
    "data": [
      {
        "text": "stop the song right there",
        "userDefined": false
      }
    ],
    "isTemplate": false,
    "count": 0,
    "lang": "en-ca",
    "updated": 0
  },
  {
    "id": "1ace7b83-28cf-4069-96dd-adae49d76c82",
    "data": [
      {
        "text": "pause playing",
        "userDefined": false
      }
    ],
    "isTemplate": false,
    "count": 0,
    "lang": "en-ca",
    "updated": 0
  },
  {
    "id": "4fe02fe9-e661-4442-b877-acf2d0191ca1",
    "data": [
      {
        "text": "pause this song",
        "userDefined": false
      }
    ],
    "isTemplate": false,
    "count": 0,
    "lang": "en-ca",
    "updated": 0
  },
  {
    "id": "bfcdd060-d98e-46a2-a269-8288a56bed80",
    "data": [
      {
        "text": "pause song",
        "userDefined": false
      }
    ],
    "isTemplate": false,
    "count": 0,
    "lang": "en-ca",
    "updated": 0
  },
  {
    "id": "9ccbef20-3882-448b-be9e-7804f689321e",
    "data": [
      {
        "text": "pause",
        "userDefined": false
      }
    ],
    "isTemplate": false,
    "count": 0,
    "lang": "en-ca",
    "updated": 0
  },
  {
    "id": "ce055f37-f664-4879-8150-09356690b825",
    "data": [
      {
        "text": "can you pause ",
        "userDefined": false
      },
      {
        "text": "it",
        "meta": "@sys.ignore",
        "userDefined": false
      }
    ],
    "isTemplate": false,
    "count": 0,
    "lang": "en-ca",
    "updated": 0
  },
  {
    "id": "b91eae1a-f40a-41bb-abf7-8ca9d7eb5817",
    "data": [
      {
        "text": "put it on pause",
        "userDefined": false
      }
    ],
    "isTemplate": false,
    "count": 0,
    "lang": "en-ca",
    "updated": 0
  },
  {
    "id": "e37a1633-e800-48ed-a758-c8993ab2e89f",
    "data": [
      {
        "text": "please pause",
        "userDefined": false
      }
    ],
    "isTemplate": false,
    "count": 0,
    "lang": "en-ca",
    "updated": 0
  },
  {
    "id": "fdc69193-0b2b-452d-86f3-558722183003",
    "data": [
      {
        "text": "pause ",
        "userDefined": false
      },
      {
        "text": "it",
        "meta": "@sys.ignore",
        "userDefined": false
      }
    ],
    "isTemplate": false,
    "count": 0,
    "lang": "en-ca",
    "updated": 0
  }
]