[
  {
    "id": "4a2a4e7b-3597-480b-a6fa-41ee8b1ade6a",
    "data": [
      {
        "text": "I\u0027d like to download the album ",
        "userDefined": false
      },
      {
        "text": "Empty Sky",
        "meta": "@song",
        "alias": "song",
        "userDefined": true
      },
      {
        "text": " by ",
        "userDefined": false
      },
      {
        "text": "Elton John",
        "meta": "@sys.music-artist",
        "alias": "artist",
        "userDefined": true
      }
    ],
    "isTemplate": false,
    "count": 5,
    "lang": "en-ca",
    "updated": 0
  },
  {
    "id": "456046fe-a09e-4a1a-bede-c0b14e24390b",
    "data": [
      {
        "text": "download ",
        "userDefined": false
      },
      {
        "text": "Blackbird",
        "meta": "@song",
        "alias": "song",
        "userDefined": false
      },
      {
        "text": " ",
        "userDefined": false
      },
      {
        "text": "from",
        "meta": "@sys.ignore",
        "userDefined": false
      },
      {
        "text": " SD ",
        "userDefined": false
      },
      {
        "text": "card",
        "meta": "@sys.ignore",
        "userDefined": false
      }
    ],
    "isTemplate": false,
    "count": 0,
    "lang": "en-ca",
    "updated": 0
  },
  {
    "id": "82db9b0f-573c-4955-84f7-4478f1efea7a",
    "data": [
      {
        "text": "download",
        "meta": "@sys.ignore",
        "userDefined": true
      },
      {
        "text": " album by ",
        "userDefined": false
      },
      {
        "text": "Rihanna",
        "meta": "@sys.music-artist",
        "alias": "artist",
        "userDefined": true
      },
      {
        "text": " ",
        "userDefined": false
      },
      {
        "text": "year",
        "meta": "@sys.ignore",
        "userDefined": true
      },
      {
        "text": " ",
        "userDefined": false
      },
      {
        "text": "2016",
        "meta": "@sys.number",
        "alias": "start-year",
        "userDefined": true
      }
    ],
    "isTemplate": false,
    "count": 0,
    "lang": "en-ca",
    "updated": 0
  },
  {
    "id": "3448526a-a7e8-41de-b61b-996ae64253f5",
    "data": [
      {
        "text": "download a song from ",
        "userDefined": false
      },
      {
        "text": "Prince Royce",
        "meta": "@sys.music-artist",
        "alias": "artist",
        "userDefined": false
      }
    ],
    "isTemplate": false,
    "count": 0,
    "lang": "en-ca",
    "updated": 0
  },
  {
    "id": "32fb7ba4-a088-46bf-8d4c-d5a11475b4d8",
    "data": [
      {
        "text": "download a song by ",
        "userDefined": false
      },
      {
        "text": "George Michael",
        "meta": "@sys.music-artist",
        "alias": "artist",
        "userDefined": false
      }
    ],
    "isTemplate": false,
    "count": 0,
    "lang": "en-ca",
    "updated": 0
  },
  {
    "id": "97b9bee3-bd56-42be-9c38-c4fd0c4a4be0",
    "data": [
      {
        "text": "download some ",
        "userDefined": false
      },
      {
        "text": "rock n roll",
        "meta": "@sys.music-genre",
        "alias": "genre",
        "userDefined": false
      },
      {
        "text": " ",
        "userDefined": false
      },
      {
        "text": "music",
        "meta": "@sys.ignore",
        "userDefined": false
      }
    ],
    "isTemplate": false,
    "count": 0,
    "lang": "en-ca",
    "updated": 0
  },
  {
    "id": "02306ffb-4c03-4caf-9d08-74485deb9c41",
    "data": [
      {
        "text": "download ",
        "userDefined": false
      },
      {
        "text": "The Logical Song",
        "meta": "@song",
        "alias": "song",
        "userDefined": false
      }
    ],
    "isTemplate": false,
    "count": 0,
    "lang": "en-ca",
    "updated": 0
  },
  {
    "id": "2210288c-0534-4750-82fd-665b2d3ef25c",
    "data": [
      {
        "text": "download me the song ",
        "userDefined": false
      },
      {
        "text": "Rap Call",
        "meta": "@song",
        "alias": "song",
        "userDefined": false
      },
      {
        "text": " by ",
        "userDefined": false
      },
      {
        "text": "Eminem",
        "meta": "@sys.music-artist",
        "alias": "artist",
        "userDefined": false
      }
    ],
    "isTemplate": false,
    "count": 0,
    "lang": "en-ca",
    "updated": 0
  },
  {
    "id": "0f03354a-3d46-4062-bc05-781dc18b66de",
    "data": [
      {
        "text": "download ",
        "userDefined": false
      },
      {
        "text": "The Beatles",
        "meta": "@sys.music-artist",
        "alias": "artist",
        "userDefined": false
      }
    ],
    "isTemplate": false,
    "count": 0,
    "lang": "en-ca",
    "updated": 0
  },
  {
    "id": "fc217acd-bb2c-48a9-9536-3973be31536a",
    "data": [
      {
        "text": "download",
        "meta": "@sys.ignore",
        "userDefined": true
      },
      {
        "text": " the ",
        "userDefined": false
      },
      {
        "text": "newest",
        "meta": "@music-sort",
        "alias": "sort",
        "userDefined": true
      },
      {
        "text": " song by ",
        "userDefined": false
      },
      {
        "text": "Eminem",
        "meta": "@sys.music-artist",
        "alias": "artist",
        "userDefined": true
      }
    ],
    "isTemplate": false,
    "count": 0,
    "lang": "en-ca",
    "updated": 0
  },
  {
    "id": "a5d5f81f-fb22-4c01-842f-55fde8ecfe8b",
    "data": [
      {
        "text": "download a ",
        "userDefined": false
      },
      {
        "text": "country",
        "meta": "@sys.music-genre",
        "alias": "genre",
        "userDefined": false
      },
      {
        "text": " song",
        "userDefined": false
      }
    ],
    "isTemplate": false,
    "count": 0,
    "lang": "en-ca",
    "updated": 0
  },
  {
    "id": "63fc6065-080a-44aa-9a59-13caaa215d93",
    "data": [
      {
        "text": "download the songs",
        "userDefined": false
      }
    ],
    "isTemplate": false,
    "count": 0,
    "lang": "en-ca",
    "updated": 0
  },
  {
    "id": "06c6d4a4-b7b8-48d9-bd67-1db83547a100",
    "data": [
      {
        "text": "now download ",
        "userDefined": false
      },
      {
        "text": "Cocktail",
        "meta": "@song",
        "alias": "song",
        "userDefined": false
      },
      {
        "text": " song",
        "userDefined": false
      }
    ],
    "isTemplate": false,
    "count": 5,
    "lang": "en-ca",
    "updated": 0
  },
  {
    "id": "fc491a4d-029c-4383-9c83-c72c294e3487",
    "data": [
      {
        "text": "download the song ",
        "userDefined": false
      },
      {
        "text": "Timber",
        "meta": "@song",
        "alias": "song",
        "userDefined": false
      }
    ],
    "isTemplate": false,
    "count": 0,
    "lang": "en-ca",
    "updated": 0
  },
  {
    "id": "3bd9541f-71ea-4c06-89be-757bfbb72e28",
    "data": [
      {
        "text": "download song ",
        "userDefined": false
      },
      {
        "text": "Bottal Khol",
        "meta": "@song",
        "alias": "song",
        "userDefined": false
      }
    ],
    "isTemplate": false,
    "count": 0,
    "lang": "en-ca",
    "updated": 0
  },
  {
    "id": "009b9e51-6a22-4bae-a11b-e89622a539a6",
    "data": [
      {
        "text": "download me a song from ",
        "userDefined": false
      },
      {
        "text": "the Beatles",
        "meta": "@sys.music-artist",
        "alias": "artist",
        "userDefined": false
      }
    ],
    "isTemplate": false,
    "count": 0,
    "lang": "en-ca",
    "updated": 0
  },
  {
    "id": "550cb495-5a24-4611-9b9d-ab1fe69f7117",
    "data": [
      {
        "text": "download some ",
        "userDefined": false
      },
      {
        "text": "rock",
        "meta": "@sys.music-genre",
        "alias": "genre",
        "userDefined": true
      },
      {
        "text": " music from ",
        "userDefined": false
      },
      {
        "text": "Spotify",
        "meta": "@music-service",
        "alias": "service",
        "userDefined": true
      }
    ],
    "isTemplate": false,
    "count": 0,
    "lang": "en-ca",
    "updated": 0
  },
  {
    "id": "7b4bf5ee-698d-497b-8d2c-b0d6c38c7137",
    "data": [
      {
        "text": "start downloading the song",
        "userDefined": false
      }
    ],
    "isTemplate": false,
    "count": 0,
    "lang": "en-ca",
    "updated": 0
  },
  {
    "id": "9ca0cad7-db1f-47cd-aeb8-edee8ddac3c9",
    "data": [
      {
        "text": "download me a song",
        "userDefined": false
      }
    ],
    "isTemplate": false,
    "count": 0,
    "lang": "en-ca",
    "updated": 0
  },
  {
    "id": "a0967396-40c4-45d7-b735-71369d1c01d5",
    "data": [
      {
        "text": "download the song ",
        "userDefined": false
      },
      {
        "text": "Whip My Hair",
        "meta": "@song",
        "alias": "song",
        "userDefined": false
      },
      {
        "text": " by ",
        "userDefined": false
      },
      {
        "text": "Willow Smith",
        "meta": "@sys.music-artist",
        "alias": "artist",
        "userDefined": false
      }
    ],
    "isTemplate": false,
    "count": 0,
    "lang": "en-ca",
    "updated": 0
  },
  {
    "id": "b5a927b5-4e7f-45a4-84df-505a0c5009ae",
    "data": [
      {
        "text": "download ",
        "userDefined": false
      },
      {
        "text": "Lean On",
        "meta": "@song",
        "alias": "song",
        "userDefined": true
      },
      {
        "text": " song",
        "userDefined": false
      }
    ],
    "isTemplate": false,
    "count": 0,
    "lang": "en-ca",
    "updated": 0
  },
  {
    "id": "a990da7e-f423-4ed6-9234-d30be06b5de8",
    "data": [
      {
        "text": "download ",
        "userDefined": false
      },
      {
        "text": "One Direction",
        "meta": "@sys.music-artist",
        "alias": "artist",
        "userDefined": true
      },
      {
        "text": " songs",
        "userDefined": false
      }
    ],
    "isTemplate": false,
    "count": 0,
    "lang": "en-ca",
    "updated": 0
  },
  {
    "id": "fe673bb4-2c18-4049-a8ac-cb54749e042e",
    "data": [
      {
        "text": "download a song",
        "userDefined": false
      }
    ],
    "isTemplate": false,
    "count": 0,
    "lang": "en-ca",
    "updated": 0
  },
  {
    "id": "7ea5ea04-113a-4eca-a22d-94363696f9a3",
    "data": [
      {
        "text": "download the ",
        "userDefined": false
      },
      {
        "text": "music",
        "meta": "@sys.ignore",
        "userDefined": true
      }
    ],
    "isTemplate": false,
    "count": 0,
    "lang": "en-ca",
    "updated": 0
  },
  {
    "id": "4e5e5f9a-3b0a-476b-88ba-ce59c5566d1d",
    "data": [
      {
        "text": "download the song ",
        "userDefined": false
      },
      {
        "text": "Chinta Ta Ta Chita Chita",
        "meta": "@song",
        "alias": "song",
        "userDefined": false
      },
      {
        "text": " to my download list",
        "userDefined": false
      }
    ],
    "isTemplate": false,
    "count": 3,
    "lang": "en-ca",
    "updated": 0
  },
  {
    "id": "58661bba-9b49-4edb-97e4-7ff80403fcf1",
    "data": [
      {
        "text": "download ",
        "userDefined": false
      },
      {
        "text": "ringtone",
        "meta": "@sys.ignore",
        "userDefined": true
      }
    ],
    "isTemplate": false,
    "count": 0,
    "lang": "en-ca",
    "updated": 0
  },
  {
    "id": "15729689-7dac-413a-91f3-8fc82ba2bd7f",
    "data": [
      {
        "text": "download song ",
        "userDefined": false
      },
      {
        "text": "Never Gone",
        "meta": "@song",
        "alias": "song",
        "userDefined": false
      }
    ],
    "isTemplate": false,
    "count": 0,
    "lang": "en-ca",
    "updated": 0
  },
  {
    "id": "a4aea1e9-2539-4ac6-a845-4d42be193d6c",
    "data": [
      {
        "text": "download ",
        "userDefined": false
      },
      {
        "text": "Kenny G",
        "meta": "@sys.music-artist",
        "alias": "artist",
        "userDefined": false
      },
      {
        "text": " song",
        "userDefined": false
      }
    ],
    "isTemplate": false,
    "count": 7,
    "lang": "en-ca",
    "updated": 0
  },
  {
    "id": "c82c85a2-d1d3-4617-b4d9-d783d75c8bbd",
    "data": [
      {
        "text": "download the song from my ",
        "userDefined": false
      },
      {
        "text": "music",
        "meta": "@sys.ignore",
        "userDefined": false
      },
      {
        "text": " downloader",
        "userDefined": false
      }
    ],
    "isTemplate": false,
    "count": 0,
    "lang": "en-ca",
    "updated": 0
  },
  {
    "id": "edeab295-120d-4a77-ae36-a684163d2f9c",
    "data": [
      {
        "text": "download the ",
        "userDefined": false
      },
      {
        "text": "Mean Kitty",
        "meta": "@song",
        "alias": "song",
        "userDefined": false
      },
      {
        "text": " song",
        "userDefined": false
      }
    ],
    "isTemplate": false,
    "count": 0,
    "lang": "en-ca",
    "updated": 0
  },
  {
    "id": "ca40581d-ac6a-413d-bc7e-10515ba72832",
    "data": [
      {
        "text": "download the song ",
        "userDefined": false
      },
      {
        "text": "Brown Rang",
        "meta": "@song",
        "alias": "song",
        "userDefined": false
      }
    ],
    "isTemplate": false,
    "count": 0,
    "lang": "en-ca",
    "updated": 0
  },
  {
    "id": "c49513ef-9a8e-425e-8a87-14bd75cab2f2",
    "data": [
      {
        "text": "download the song ",
        "userDefined": false
      },
      {
        "text": "Turn Down for a While",
        "meta": "@song",
        "alias": "song",
        "userDefined": false
      }
    ],
    "isTemplate": false,
    "count": 0,
    "lang": "en-ca",
    "updated": 0
  },
  {
    "id": "07ddc3e1-0550-4c11-984e-75f931104190",
    "data": [
      {
        "text": "download a ",
        "userDefined": false
      },
      {
        "text": "pop",
        "meta": "@sys.music-genre",
        "alias": "genre",
        "userDefined": false
      },
      {
        "text": " song",
        "userDefined": false
      }
    ],
    "isTemplate": false,
    "count": 0,
    "lang": "en-ca",
    "updated": 0
  },
  {
    "id": "5b5b4bb4-4026-40ae-93e2-7e4bba695ba0",
    "data": [
      {
        "text": "download ",
        "userDefined": false
      },
      {
        "text": "Skrillex",
        "meta": "@sys.music-artist",
        "alias": "artist",
        "userDefined": false
      }
    ],
    "isTemplate": false,
    "count": 0,
    "lang": "en-ca",
    "updated": 0
  },
  {
    "id": "8e1130ff-0f19-44f1-9150-dac59d7e8456",
    "data": [
      {
        "text": "download song ",
        "userDefined": false
      },
      {
        "text": "Jesus Rise",
        "meta": "@song",
        "alias": "song",
        "userDefined": false
      },
      {
        "text": " ",
        "userDefined": false
      },
      {
        "text": "McClain",
        "meta": "@sys.music-artist",
        "alias": "artist",
        "userDefined": false
      }
    ],
    "isTemplate": false,
    "count": 0,
    "lang": "en-ca",
    "updated": 0
  },
  {
    "id": "fb9a2245-967a-4ca1-a2d6-6f57ae4d9a21",
    "data": [
      {
        "text": "download ",
        "userDefined": false
      },
      {
        "text": "Yesterday",
        "meta": "@song",
        "alias": "song",
        "userDefined": true
      },
      {
        "text": " song by ",
        "userDefined": false
      },
      {
        "text": "The Beatles",
        "meta": "@sys.music-artist",
        "alias": "artist",
        "userDefined": true
      }
    ],
    "isTemplate": false,
    "count": 0,
    "lang": "en-ca",
    "updated": 0
  },
  {
    "id": "62699662-0c2b-49aa-b8fa-39da83cf53f5",
    "data": [
      {
        "text": "download song ",
        "userDefined": false
      },
      {
        "text": "The Man",
        "meta": "@song",
        "alias": "song",
        "userDefined": false
      }
    ],
    "isTemplate": false,
    "count": 0,
    "lang": "en-ca",
    "updated": 0
  },
  {
    "id": "d3138c68-f715-4d2f-a584-6792586b2ccc",
    "data": [
      {
        "text": "download",
        "meta": "@sys.ignore",
        "userDefined": true
      },
      {
        "text": " ",
        "userDefined": false
      },
      {
        "text": "Bowie",
        "meta": "@sys.music-artist",
        "alias": "artist",
        "userDefined": true
      },
      {
        "text": " before ",
        "userDefined": false
      },
      {
        "text": "1970",
        "meta": "@sys.number",
        "alias": "end-year",
        "userDefined": true
      }
    ],
    "isTemplate": false,
    "count": 0,
    "lang": "en-ca",
    "updated": 0
  },
  {
    "id": "f4373825-82ff-4f5e-9948-a5c604275818",
    "data": [
      {
        "text": "you",
        "meta": "@sys.ignore",
        "userDefined": false
      },
      {
        "text": " should download ",
        "userDefined": false
      },
      {
        "text": "music",
        "meta": "@sys.ignore",
        "userDefined": false
      }
    ],
    "isTemplate": false,
    "count": 0,
    "lang": "en-ca",
    "updated": 0
  },
  {
    "id": "550455cd-80a3-4dbb-a6ec-f7896f751eba",
    "data": [
      {
        "text": "download some ",
        "userDefined": false
      },
      {
        "text": "music",
        "meta": "@sys.ignore",
        "userDefined": true
      },
      {
        "text": " for me",
        "userDefined": false
      }
    ],
    "isTemplate": false,
    "count": 0,
    "lang": "en-ca",
    "updated": 0
  },
  {
    "id": "45cc69e5-14b2-478d-8bf9-f846a71154bd",
    "data": [
      {
        "text": "download song ",
        "userDefined": false
      },
      {
        "text": "Before June Gets Back",
        "meta": "@song",
        "alias": "song",
        "userDefined": false
      }
    ],
    "isTemplate": false,
    "count": 0,
    "lang": "en-ca",
    "updated": 0
  },
  {
    "id": "091a911f-5ae2-47c1-9ff3-47b4f0ff465a",
    "data": [
      {
        "text": "download song by ",
        "userDefined": false
      },
      {
        "text": "Hustle Gang",
        "meta": "@sys.music-artist",
        "alias": "artist",
        "userDefined": false
      }
    ],
    "isTemplate": false,
    "count": 0,
    "lang": "en-ca",
    "updated": 0
  },
  {
    "id": "b2fcb725-2318-40cf-ac8f-d4faf9edfa6c",
    "data": [
      {
        "text": "download song by ",
        "userDefined": false
      },
      {
        "text": "Kanye West",
        "meta": "@sys.music-artist",
        "alias": "artist",
        "userDefined": false
      }
    ],
    "isTemplate": false,
    "count": 0,
    "lang": "en-ca",
    "updated": 0
  },
  {
    "id": "11cf0741-6241-4e59-a919-a4a3d6cbfbe3",
    "data": [
      {
        "text": "download ",
        "userDefined": false
      },
      {
        "text": "music",
        "meta": "@sys.ignore",
        "userDefined": false
      },
      {
        "text": " by ",
        "userDefined": false
      },
      {
        "text": "Rolling Stones",
        "meta": "@sys.music-artist",
        "alias": "artist",
        "userDefined": false
      }
    ],
    "isTemplate": false,
    "count": 0,
    "lang": "en-ca",
    "updated": 0
  },
  {
    "id": "6c98fed7-2434-4765-bfef-eb7958ebed65",
    "data": [
      {
        "text": "download me a song by ",
        "userDefined": false
      },
      {
        "text": "Aventura",
        "meta": "@sys.music-artist",
        "alias": "artist",
        "userDefined": false
      }
    ],
    "isTemplate": false,
    "count": 0,
    "lang": "en-ca",
    "updated": 0
  },
  {
    "id": "c91ffa5b-a991-4d68-999d-b6838d98c5b3",
    "data": [
      {
        "text": "download ",
        "userDefined": false
      },
      {
        "text": "Lisa Stansfield",
        "meta": "@sys.music-artist",
        "alias": "artist",
        "userDefined": true
      },
      {
        "text": " ",
        "userDefined": false
      },
      {
        "text": "house",
        "meta": "@sys.music-genre",
        "alias": "genre",
        "userDefined": true
      },
      {
        "text": " ",
        "userDefined": false
      },
      {
        "text": "music",
        "meta": "@sys.ignore",
        "userDefined": true
      }
    ],
    "isTemplate": false,
    "count": 0,
    "lang": "en-ca",
    "updated": 0
  },
  {
    "id": "38090b7e-d098-4031-aac6-d75f0208b1b1",
    "data": [
      {
        "text": "download ",
        "userDefined": false
      },
      {
        "text": "Maroon 5",
        "meta": "@sys.music-artist",
        "alias": "artist",
        "userDefined": false
      },
      {
        "text": " song",
        "userDefined": false
      }
    ],
    "isTemplate": false,
    "count": 0,
    "lang": "en-ca",
    "updated": 0
  },
  {
    "id": "f8d28320-4993-4e63-a4a7-050774e4f3a6",
    "data": [
      {
        "text": "music",
        "meta": "@sys.ignore",
        "userDefined": false
      },
      {
        "text": " download ",
        "userDefined": false
      },
      {
        "text": "Addicted to Love",
        "meta": "@song",
        "alias": "song",
        "userDefined": false
      }
    ],
    "isTemplate": false,
    "count": 0,
    "lang": "en-ca",
    "updated": 0
  },
  {
    "id": "666df975-5739-4593-a25b-99b1767db380",
    "data": [
      {
        "text": "download the song ",
        "userDefined": false
      },
      {
        "text": "Back in Time",
        "meta": "@song",
        "alias": "song",
        "userDefined": false
      },
      {
        "text": " by ",
        "userDefined": false
      },
      {
        "text": "Pitbull",
        "meta": "@sys.music-artist",
        "alias": "artist",
        "userDefined": false
      }
    ],
    "isTemplate": false,
    "count": 0,
    "lang": "en-ca",
    "updated": 0
  },
  {
    "id": "e10be67d-15fd-4af8-a2d9-db554e341d34",
    "data": [
      {
        "text": "download",
        "meta": "@sys.ignore",
        "userDefined": true
      },
      {
        "text": " ",
        "userDefined": false
      },
      {
        "text": "latest",
        "meta": "@music-sort",
        "alias": "sort",
        "userDefined": true
      },
      {
        "text": " ",
        "userDefined": false
      },
      {
        "text": "Metallica",
        "meta": "@sys.music-artist",
        "alias": "artist",
        "userDefined": true
      }
    ],
    "isTemplate": false,
    "count": 0,
    "lang": "en-ca",
    "updated": 0
  },
  {
    "id": "fcdb81a9-5a4a-41a0-b92f-676a4ba82ba8",
    "data": [
      {
        "text": "download this song ",
        "userDefined": false
      },
      {
        "text": "thank you",
        "meta": "@sys.ignore",
        "userDefined": false
      }
    ],
    "isTemplate": false,
    "count": 0,
    "lang": "en-ca",
    "updated": 0
  },
  {
    "id": "d233dcf2-7b3a-475c-abdb-d10fe4c5dcb2",
    "data": [
      {
        "text": "download ",
        "userDefined": false
      },
      {
        "text": "Love Me",
        "meta": "@song",
        "alias": "song",
        "userDefined": false
      },
      {
        "text": " song",
        "userDefined": false
      }
    ],
    "isTemplate": false,
    "count": 0,
    "lang": "en-ca",
    "updated": 0
  },
  {
    "id": "0d03412c-8334-4be7-a83d-513838c99418",
    "data": [
      {
        "text": "download the song ",
        "userDefined": false
      },
      {
        "text": "Sweater Weather",
        "meta": "@song",
        "alias": "song",
        "userDefined": false
      }
    ],
    "isTemplate": false,
    "count": 0,
    "lang": "en-ca",
    "updated": 0
  },
  {
    "id": "25d72764-d3fd-414e-a6da-4c9e09e69686",
    "data": [
      {
        "text": "download ",
        "userDefined": false
      },
      {
        "text": "Louis Armstrong",
        "meta": "@sys.music-artist",
        "alias": "artist",
        "userDefined": false
      }
    ],
    "isTemplate": false,
    "count": 0,
    "lang": "en-ca",
    "updated": 0
  },
  {
    "id": "57be837e-748c-45d6-8d85-e1de3c45ee04",
    "data": [
      {
        "text": "download a song from ",
        "userDefined": false
      },
      {
        "text": "YouTube",
        "meta": "@music-service",
        "alias": "service",
        "userDefined": true
      }
    ],
    "isTemplate": false,
    "count": 0,
    "lang": "en-ca",
    "updated": 0
  },
  {
    "id": "258f8a92-393d-4884-86d2-f36fb28f43f6",
    "data": [
      {
        "text": "download",
        "meta": "@sys.ignore",
        "userDefined": true
      },
      {
        "text": " ",
        "userDefined": false
      },
      {
        "text": "Telugu",
        "meta": "@sys.ignore",
        "userDefined": true
      },
      {
        "text": " songs",
        "userDefined": false
      }
    ],
    "isTemplate": false,
    "count": 0,
    "lang": "en-ca",
    "updated": 0
  },
  {
    "id": "bd24c525-74b7-430e-a09c-17a0d24975e6",
    "data": [
      {
        "text": "can",
        "meta": "@sys.ignore",
        "userDefined": false
      },
      {
        "text": " ",
        "userDefined": false
      },
      {
        "text": "you",
        "meta": "@sys.ignore",
        "userDefined": false
      },
      {
        "text": " download a song for me",
        "userDefined": false
      }
    ],
    "isTemplate": false,
    "count": 0,
    "lang": "en-ca",
    "updated": 0
  },
  {
    "id": "90a6cad8-09aa-4bf7-a871-be4531462bd8",
    "data": [
      {
        "text": "can",
        "meta": "@sys.ignore",
        "userDefined": true
      },
      {
        "text": " you ",
        "userDefined": false
      },
      {
        "text": "download",
        "meta": "@sys.ignore",
        "userDefined": true
      },
      {
        "text": " songs",
        "userDefined": false
      }
    ],
    "isTemplate": false,
    "count": 0,
    "lang": "en-ca",
    "updated": 0
  },
  {
    "id": "92c46f2b-ebd1-40f4-8a77-6c098e11aa57",
    "data": [
      {
        "text": "download something from ",
        "userDefined": false
      },
      {
        "text": "Maroon 5",
        "meta": "@sys.music-artist",
        "alias": "artist",
        "userDefined": false
      }
    ],
    "isTemplate": false,
    "count": 0,
    "lang": "en-ca",
    "updated": 0
  },
  {
    "id": "61256dd9-884f-40b2-a9f5-20d5676d35c6",
    "data": [
      {
        "text": "download the song",
        "userDefined": false
      }
    ],
    "isTemplate": false,
    "count": 0,
    "lang": "en-ca",
    "updated": 0
  },
  {
    "id": "b45bc77e-12ac-4da0-8f45-19115fe64d87",
    "data": [
      {
        "text": "download song ",
        "userDefined": false
      },
      {
        "text": "Stairway to Heaven",
        "meta": "@song",
        "alias": "song",
        "userDefined": false
      }
    ],
    "isTemplate": false,
    "count": 0,
    "lang": "en-ca",
    "updated": 0
  },
  {
    "id": "7b0cb80e-3dee-4c07-ad07-e866bf66d279",
    "data": [
      {
        "text": "download ",
        "userDefined": false
      },
      {
        "text": "music",
        "meta": "@sys.ignore",
        "userDefined": true
      },
      {
        "text": " for me",
        "userDefined": false
      }
    ],
    "isTemplate": false,
    "count": 0,
    "lang": "en-ca",
    "updated": 0
  },
  {
    "id": "c84bac15-3035-4fa8-a3fa-afb4d33bf3bd",
    "data": [
      {
        "text": "download ",
        "userDefined": false
      },
      {
        "text": "Michael Jackson",
        "meta": "@sys.music-artist",
        "alias": "artist",
        "userDefined": true
      },
      {
        "text": "\u0027s songs from ",
        "userDefined": false
      },
      {
        "text": "1988",
        "meta": "@sys.number",
        "alias": "start-year",
        "userDefined": true
      },
      {
        "text": " till ",
        "userDefined": false
      },
      {
        "text": "1989",
        "meta": "@sys.number",
        "alias": "end-year",
        "userDefined": true
      }
    ],
    "isTemplate": false,
    "count": 0,
    "lang": "en-ca",
    "updated": 0
  },
  {
    "id": "b65ede43-bd94-4916-be24-7cc429a4ae62",
    "data": [
      {
        "text": "download a song ",
        "userDefined": false
      },
      {
        "text": "you",
        "meta": "@sys.ignore",
        "userDefined": false
      },
      {
        "text": " like",
        "userDefined": false
      }
    ],
    "isTemplate": false,
    "count": 0,
    "lang": "en-ca",
    "updated": 0
  },
  {
    "id": "664450f8-49ec-4891-b529-c57e19420c73",
    "data": [
      {
        "text": "could you download ",
        "userDefined": false
      },
      {
        "text": "the",
        "meta": "@sys.ignore",
        "userDefined": true
      },
      {
        "text": " song ",
        "userDefined": false
      },
      {
        "text": "Umbrella",
        "meta": "@song",
        "alias": "song",
        "userDefined": true
      },
      {
        "text": " by ",
        "userDefined": false
      },
      {
        "text": "Rihanna",
        "meta": "@sys.music-artist",
        "alias": "artist",
        "userDefined": true
      }
    ],
    "isTemplate": false,
    "count": 5,
    "lang": "en-ca",
    "updated": 0
  },
  {
    "id": "43e6ba53-427f-401a-a3e5-5d9a04e2f68b",
    "data": [
      {
        "text": "can",
        "meta": "@sys.ignore",
        "userDefined": false
      },
      {
        "text": " ",
        "userDefined": false
      },
      {
        "text": "you",
        "meta": "@sys.ignore",
        "userDefined": false
      },
      {
        "text": " download a song",
        "userDefined": false
      }
    ],
    "isTemplate": false,
    "count": 0,
    "lang": "en-ca",
    "updated": 0
  },
  {
    "id": "b4206b4b-34ea-4519-875e-19f90d5510d2",
    "data": [
      {
        "text": "download a song ",
        "userDefined": false
      },
      {
        "text": "On My Knees",
        "meta": "@song",
        "alias": "song",
        "userDefined": false
      }
    ],
    "isTemplate": false,
    "count": 0,
    "lang": "en-ca",
    "updated": 0
  },
  {
    "id": "a9a87d64-226a-47f6-b091-7c15ab910060",
    "data": [
      {
        "text": "download the song ",
        "userDefined": false
      },
      {
        "text": "Green Grass and High Times",
        "meta": "@song",
        "alias": "song",
        "userDefined": false
      }
    ],
    "isTemplate": false,
    "count": 0,
    "lang": "en-ca",
    "updated": 0
  },
  {
    "id": "71ca3136-857b-42a3-b45a-b4b5870b95c2",
    "data": [
      {
        "text": "download some ",
        "userDefined": false
      },
      {
        "text": "music",
        "meta": "@sys.ignore",
        "userDefined": true
      }
    ],
    "isTemplate": false,
    "count": 8,
    "lang": "en-ca",
    "updated": 0
  },
  {
    "id": "bbd6e332-13a0-4ed7-9f8e-39de9aa34e63",
    "data": [
      {
        "text": "download song by ",
        "userDefined": false
      },
      {
        "text": "Nicki Minaj",
        "meta": "@sys.music-artist",
        "alias": "artist",
        "userDefined": false
      }
    ],
    "isTemplate": false,
    "count": 0,
    "lang": "en-ca",
    "updated": 0
  },
  {
    "id": "1811a1d3-de4e-4ab4-be70-f8d76fea922a",
    "data": [
      {
        "text": "download song ",
        "userDefined": false
      },
      {
        "text": "Never",
        "meta": "@song",
        "alias": "song",
        "userDefined": false
      },
      {
        "text": " by ",
        "userDefined": false
      },
      {
        "text": "One Direction",
        "meta": "@sys.music-artist",
        "alias": "artist",
        "userDefined": true
      }
    ],
    "isTemplate": false,
    "count": 0,
    "lang": "en-ca",
    "updated": 0
  },
  {
    "id": "bddc0c22-1c5e-4667-9559-a4b92eefd732",
    "data": [
      {
        "text": "I need to download ",
        "userDefined": false
      },
      {
        "text": "Spanish",
        "meta": "@sys.ignore",
        "userDefined": true
      },
      {
        "text": " songs by ",
        "userDefined": false
      },
      {
        "text": "Enrique Iglesias",
        "meta": "@sys.music-artist",
        "alias": "artist",
        "userDefined": true
      }
    ],
    "isTemplate": false,
    "count": 0,
    "lang": "en-ca",
    "updated": 0
  },
  {
    "id": "178fd4dd-6ddd-49a3-a963-477b9fccec4d",
    "data": [
      {
        "text": "download some ",
        "userDefined": false
      },
      {
        "text": "music",
        "meta": "@sys.ignore",
        "userDefined": false
      },
      {
        "text": " ",
        "userDefined": false
      },
      {
        "text": "on",
        "meta": "@sys.ignore",
        "userDefined": false
      },
      {
        "text": " ",
        "userDefined": false
      },
      {
        "text": "iPod",
        "meta": "@sys.ignore",
        "userDefined": false
      },
      {
        "text": ".",
        "userDefined": false
      }
    ],
    "isTemplate": false,
    "count": 0,
    "lang": "en-ca",
    "updated": 0
  },
  {
    "id": "2a8a699a-4f0a-4c8d-8562-8dc51e290220",
    "data": [
      {
        "text": "download this song ",
        "userDefined": false
      },
      {
        "text": "My Story",
        "meta": "@song",
        "alias": "song",
        "userDefined": false
      }
    ],
    "isTemplate": false,
    "count": 0,
    "lang": "en-ca",
    "updated": 0
  },
  {
    "id": "dff2de02-4b56-410b-b413-a293deb98787",
    "data": [
      {
        "text": "download song ",
        "userDefined": false
      },
      {
        "text": "Sunny Sunny",
        "meta": "@song",
        "alias": "song",
        "userDefined": false
      }
    ],
    "isTemplate": false,
    "count": 0,
    "lang": "en-ca",
    "updated": 0
  },
  {
    "id": "46b7df4a-1290-41de-b778-e0c39850c07d",
    "data": [
      {
        "text": "download song ",
        "userDefined": false
      },
      {
        "text": "No New Friends",
        "meta": "@song",
        "alias": "song",
        "userDefined": false
      }
    ],
    "isTemplate": false,
    "count": 0,
    "lang": "en-ca",
    "updated": 0
  },
  {
    "id": "0b35ea3d-a489-417c-bb74-8ed415a88ec4",
    "data": [
      {
        "text": "download for me a song",
        "userDefined": false
      }
    ],
    "isTemplate": false,
    "count": 0,
    "lang": "en-ca",
    "updated": 0
  },
  {
    "id": "bd65adcc-adf6-43af-b0d8-560ced243e4d",
    "data": [
      {
        "text": "download ",
        "userDefined": false
      },
      {
        "text": "Barbie",
        "meta": "@song",
        "alias": "song",
        "userDefined": true
      },
      {
        "text": " song",
        "userDefined": false
      }
    ],
    "isTemplate": false,
    "count": 8,
    "lang": "en-ca",
    "updated": 0
  },
  {
    "id": "11485675-664a-4221-a28a-6efd4038a71c",
    "data": [
      {
        "text": "how can I download ",
        "userDefined": false
      },
      {
        "text": "One Direction",
        "meta": "@sys.music-artist",
        "alias": "artist",
        "userDefined": true
      },
      {
        "text": " ",
        "userDefined": false
      },
      {
        "text": "Rock me",
        "meta": "@song",
        "alias": "song",
        "userDefined": true
      },
      {
        "text": " song",
        "userDefined": false
      }
    ],
    "isTemplate": false,
    "count": 0,
    "lang": "en-ca",
    "updated": 0
  },
  {
    "id": "e210d759-58d2-4ea3-8922-ac6a21b04bf3",
    "data": [
      {
        "text": "music",
        "meta": "@sys.ignore",
        "userDefined": false
      },
      {
        "text": " download",
        "userDefined": false
      }
    ],
    "isTemplate": false,
    "count": 0,
    "lang": "en-ca",
    "updated": 0
  },
  {
    "id": "bbfd5073-dedc-4c22-93ed-233ef2411e83",
    "data": [
      {
        "text": "download ",
        "userDefined": false
      },
      {
        "text": "r n b",
        "meta": "@sys.music-genre",
        "alias": "genre",
        "userDefined": true
      },
      {
        "text": " ",
        "userDefined": false
      },
      {
        "text": "music",
        "meta": "@sys.ignore",
        "userDefined": false
      }
    ],
    "isTemplate": false,
    "count": 0,
    "lang": "en-ca",
    "updated": 0
  },
  {
    "id": "96a27073-1c77-4eee-a9a8-a3bb79c499ae",
    "data": [
      {
        "text": "download the song ",
        "userDefined": false
      },
      {
        "text": "right now",
        "meta": "@sys.ignore",
        "userDefined": false
      }
    ],
    "isTemplate": false,
    "count": 0,
    "lang": "en-ca",
    "updated": 0
  },
  {
    "id": "c6dd84d1-b09a-4f2d-ae0f-caa0b89331e6",
    "data": [
      {
        "text": "download ",
        "userDefined": false
      },
      {
        "text": "Sugar",
        "meta": "@song",
        "alias": "song",
        "userDefined": false
      },
      {
        "text": " by ",
        "userDefined": false
      },
      {
        "text": "Maroon five",
        "meta": "@sys.music-artist",
        "alias": "artist",
        "userDefined": false
      }
    ],
    "isTemplate": false,
    "count": 0,
    "lang": "en-ca",
    "updated": 0
  },
  {
    "id": "dfec6798-2f03-476a-9fe0-3f4ac7246e50",
    "data": [
      {
        "text": "I want to download songs",
        "userDefined": false
      }
    ],
    "isTemplate": false,
    "count": 0,
    "lang": "en-ca",
    "updated": 0
  },
  {
    "id": "6ed9f31a-4520-4fb0-8ac5-9372907bf6cd",
    "data": [
      {
        "text": "download the song ",
        "userDefined": false
      },
      {
        "text": "Hero",
        "meta": "@song",
        "alias": "song",
        "userDefined": false
      }
    ],
    "isTemplate": false,
    "count": 0,
    "lang": "en-ca",
    "updated": 0
  },
  {
    "id": "0cf25d13-823d-44a3-bda2-6ffd714d5853",
    "data": [
      {
        "text": "download a song by ",
        "userDefined": false
      },
      {
        "text": "Aventura",
        "meta": "@sys.music-artist",
        "alias": "artist",
        "userDefined": false
      }
    ],
    "isTemplate": false,
    "count": 0,
    "lang": "en-ca",
    "updated": 0
  },
  {
    "id": "ba6306a6-1453-4611-be4e-94fde7239015",
    "data": [
      {
        "text": "download the album ",
        "userDefined": false
      },
      {
        "text": "Starboy",
        "meta": "@music-album",
        "alias": "album",
        "userDefined": true
      }
    ],
    "isTemplate": false,
    "count": 0,
    "lang": "en-ca",
    "updated": 0
  },
  {
    "id": "9b0da79f-d1fe-4d95-80c3-33c437471496",
    "data": [
      {
        "text": "download ",
        "userDefined": false
      },
      {
        "text": "Home Sweet Home",
        "meta": "@song",
        "alias": "song",
        "userDefined": false
      }
    ],
    "isTemplate": false,
    "count": 0,
    "lang": "en-ca",
    "updated": 0
  },
  {
    "id": "c6b0e1cb-f12d-4a3b-89a2-f3c4c6b37325",
    "data": [
      {
        "text": "download some songs",
        "userDefined": false
      }
    ],
    "isTemplate": false,
    "count": 0,
    "lang": "en-ca",
    "updated": 0
  },
  {
    "id": "9c0492e9-507c-43d7-89ac-42b310fb6112",
    "data": [
      {
        "text": "download the song ",
        "userDefined": false
      },
      {
        "text": "In Demand",
        "meta": "@song",
        "alias": "song",
        "userDefined": false
      }
    ],
    "isTemplate": false,
    "count": 0,
    "lang": "en-ca",
    "updated": 0
  },
  {
    "id": "1306c1e9-cf20-4b23-bd1a-64c45c92922f",
    "data": [
      {
        "text": "download the song ",
        "userDefined": false
      },
      {
        "text": "Heal",
        "meta": "@song",
        "alias": "song",
        "userDefined": false
      }
    ],
    "isTemplate": false,
    "count": 0,
    "lang": "en-ca",
    "updated": 0
  },
  {
    "id": "1dea7882-3e6e-4f60-9139-177d24b212b5",
    "data": [
      {
        "text": "download",
        "meta": "@sys.ignore",
        "userDefined": true
      },
      {
        "text": " some songs ",
        "userDefined": false
      },
      {
        "text": "in",
        "meta": "@sys.ignore",
        "userDefined": true
      },
      {
        "text": " ",
        "userDefined": false
      },
      {
        "text": "Hindi",
        "meta": "@sys.ignore",
        "userDefined": true
      }
    ],
    "isTemplate": false,
    "count": 0,
    "lang": "en-ca",
    "updated": 0
  },
  {
    "id": "b5d27c8d-96e4-488c-a5a6-4c8b22f45895",
    "data": [
      {
        "text": "download ",
        "userDefined": false
      },
      {
        "text": "Rihanna",
        "meta": "@sys.music-artist",
        "alias": "artist",
        "userDefined": false
      },
      {
        "text": " ft ",
        "userDefined": false
      },
      {
        "text": "Drake",
        "meta": "@sys.music-artist",
        "alias": "artist",
        "userDefined": true
      },
      {
        "text": "  ",
        "userDefined": false
      },
      {
        "text": "Work",
        "meta": "@song",
        "alias": "song",
        "userDefined": true
      }
    ],
    "isTemplate": false,
    "count": 0,
    "lang": "en-ca",
    "updated": 0
  },
  {
    "id": "5c393091-9454-4d0e-8bd7-f85ab1bcee80",
    "data": [
      {
        "text": "could you download the ",
        "userDefined": false
      },
      {
        "text": "best",
        "meta": "@music-sort",
        "alias": "sort",
        "userDefined": true
      },
      {
        "text": " songs of the year ",
        "userDefined": false
      },
      {
        "text": "2015",
        "meta": "@sys.number",
        "alias": "start-year",
        "userDefined": true
      }
    ],
    "isTemplate": false,
    "count": 0,
    "lang": "en-ca",
    "updated": 0
  },
  {
    "id": "d76a55e0-9285-4a5d-a42c-e0287da6f36c",
    "data": [
      {
        "text": "free",
        "meta": "@sys.ignore",
        "userDefined": false
      },
      {
        "text": " ",
        "userDefined": false
      },
      {
        "text": "music",
        "meta": "@sys.ignore",
        "userDefined": false
      },
      {
        "text": " download",
        "userDefined": false
      }
    ],
    "isTemplate": false,
    "count": 0,
    "lang": "en-ca",
    "updated": 0
  },
  {
    "id": "6ab1190e-79d2-4beb-b63a-dbdcee17559d",
    "data": [
      {
        "text": "download a song by ",
        "userDefined": false
      },
      {
        "text": "Madonna",
        "meta": "@sys.music-artist",
        "alias": "artist",
        "userDefined": false
      },
      {
        "text": " for me",
        "userDefined": false
      }
    ],
    "isTemplate": false,
    "count": 0,
    "lang": "en-ca",
    "updated": 0
  },
  {
    "id": "7367aa8b-61c6-414a-b6e5-2a75c6c63e5e",
    "data": [
      {
        "text": "download some ",
        "userDefined": false
      },
      {
        "text": "music",
        "meta": "@sys.ignore",
        "userDefined": false
      },
      {
        "text": " from my SD ",
        "userDefined": false
      },
      {
        "text": "card",
        "meta": "@sys.ignore",
        "userDefined": false
      }
    ],
    "isTemplate": false,
    "count": 0,
    "lang": "en-ca",
    "updated": 0
  },
  {
    "id": "fb997a55-3fcd-4e7e-aa6b-980d14a4d919",
    "data": [
      {
        "text": "download a ",
        "userDefined": false
      },
      {
        "text": "Beyonce",
        "meta": "@sys.music-artist",
        "alias": "artist",
        "userDefined": false
      },
      {
        "text": " song",
        "userDefined": false
      }
    ],
    "isTemplate": false,
    "count": 0,
    "lang": "en-ca",
    "updated": 0
  },
  {
    "id": "a1b8a470-2cdb-43c9-98b1-c30a8fab4cd5",
    "data": [
      {
        "text": "can",
        "meta": "@sys.ignore",
        "userDefined": false
      },
      {
        "text": " ",
        "userDefined": false
      },
      {
        "text": "you",
        "meta": "@sys.ignore",
        "userDefined": false
      },
      {
        "text": " download the song ",
        "userDefined": false
      },
      {
        "text": "Still into You",
        "meta": "@song",
        "alias": "song",
        "userDefined": false
      }
    ],
    "isTemplate": false,
    "count": 0,
    "lang": "en-ca",
    "updated": 0
  },
  {
    "id": "9da1192f-d7a0-41b0-8637-4f72626da6f9",
    "data": [
      {
        "text": "download the song ",
        "userDefined": false
      },
      {
        "text": "Bread",
        "meta": "@song",
        "alias": "song",
        "userDefined": false
      }
    ],
    "isTemplate": false,
    "count": 0,
    "lang": "en-ca",
    "updated": 0
  },
  {
    "id": "6ad22bbd-dfc7-47b4-be85-5951cd1d8fae",
    "data": [
      {
        "text": "I want to download a song",
        "userDefined": false
      }
    ],
    "isTemplate": false,
    "count": 0,
    "lang": "en-ca",
    "updated": 0
  },
  {
    "id": "2e00e40d-8ccf-442b-bf48-c94da27b120e",
    "data": [
      {
        "text": "download",
        "meta": "@sys.ignore",
        "userDefined": true
      },
      {
        "text": " what ",
        "userDefined": false
      },
      {
        "text": "Prince",
        "meta": "@sys.music-artist",
        "alias": "artist",
        "userDefined": true
      },
      {
        "text": " wrote between ",
        "userDefined": false
      },
      {
        "text": "1980",
        "meta": "@sys.number",
        "alias": "start-year",
        "userDefined": true
      },
      {
        "text": " and ",
        "userDefined": false
      },
      {
        "text": "1999",
        "meta": "@sys.number",
        "alias": "end-year",
        "userDefined": true
      }
    ],
    "isTemplate": false,
    "count": 0,
    "lang": "en-ca",
    "updated": 0
  },
  {
    "id": "321219e0-3035-45d8-aafa-a807f116a076",
    "data": [
      {
        "text": "download the song ",
        "userDefined": false
      },
      {
        "text": "Radioactive",
        "meta": "@song",
        "alias": "song",
        "userDefined": false
      }
    ],
    "isTemplate": false,
    "count": 0,
    "lang": "en-ca",
    "updated": 0
  },
  {
    "id": "be634ca1-3f76-4051-abb2-48305cfe1186",
    "data": [
      {
        "text": "download ",
        "userDefined": false
      },
      {
        "text": "Madonna",
        "meta": "@sys.music-artist",
        "alias": "artist",
        "userDefined": true
      },
      {
        "text": "\u0027s album of ",
        "userDefined": false
      },
      {
        "text": "2016",
        "meta": "@sys.number",
        "alias": "start-year",
        "userDefined": true
      }
    ],
    "isTemplate": false,
    "count": 0,
    "lang": "en-ca",
    "updated": 0
  },
  {
    "id": "e36fec2a-90bb-4978-bce6-da0ad2868e4a",
    "data": [
      {
        "text": "download a song for me",
        "userDefined": false
      }
    ],
    "isTemplate": false,
    "count": 0,
    "lang": "en-ca",
    "updated": 0
  },
  {
    "id": "97a2cab1-e9b8-41dc-bbb7-174be081a930",
    "data": [
      {
        "text": "download ",
        "userDefined": false
      },
      {
        "text": "Kid Rock",
        "meta": "@sys.music-artist",
        "alias": "artist",
        "userDefined": false
      },
      {
        "text": " songs",
        "userDefined": false
      }
    ],
    "isTemplate": false,
    "count": 0,
    "lang": "en-ca",
    "updated": 0
  },
  {
    "id": "ae04393c-0e70-4a1e-9908-2934d3b911f9",
    "data": [
      {
        "text": "download song",
        "userDefined": false
      }
    ],
    "isTemplate": false,
    "count": 0,
    "lang": "en-ca",
    "updated": 0
  },
  {
    "id": "5f7fd3ed-a3f0-438a-99c8-7ed2b14b9b18",
    "data": [
      {
        "text": "download ",
        "userDefined": false
      },
      {
        "text": "Hurricane",
        "meta": "@song",
        "alias": "song",
        "userDefined": false
      },
      {
        "text": " by ",
        "userDefined": false
      },
      {
        "text": "Bob Dylan",
        "meta": "@sys.music-artist",
        "alias": "artist",
        "userDefined": false
      }
    ],
    "isTemplate": false,
    "count": 0,
    "lang": "en-ca",
    "updated": 0
  },
  {
    "id": "dd6d5b07-a799-43a8-994e-4363285df4e3",
    "data": [
      {
        "text": "download a song ",
        "userDefined": false
      },
      {
        "text": "Never Dreamed You\u0027d Leave in Summer",
        "meta": "@song",
        "alias": "song",
        "userDefined": false
      }
    ],
    "isTemplate": false,
    "count": 0,
    "lang": "en-ca",
    "updated": 0
  }
]