[
  {
    "id": "aa6219ef-ac93-4c9f-ac82-ec3e612fdc2b",
    "data": [
      {
        "text": "I\u0027d like to download the album ",
        "userDefined": false
      },
      {
        "text": "Empty Sky",
        "meta": "@song",
        "alias": "song",
        "userDefined": true
      },
      {
        "text": " by ",
        "userDefined": false
      },
      {
        "text": "Elton John",
        "meta": "@sys.music-artist",
        "alias": "artist",
        "userDefined": true
      }
    ],
    "isTemplate": false,
    "count": 5,
    "lang": "en-us",
    "updated": 0
  },
  {
    "id": "abb6c3ea-19f5-47af-9bc7-c0f810af692e",
    "data": [
      {
        "text": "download ",
        "userDefined": false
      },
      {
        "text": "Blackbird",
        "meta": "@song",
        "alias": "song",
        "userDefined": false
      },
      {
        "text": " ",
        "userDefined": false
      },
      {
        "text": "from",
        "meta": "@sys.ignore",
        "userDefined": false
      },
      {
        "text": " SD ",
        "userDefined": false
      },
      {
        "text": "card",
        "meta": "@sys.ignore",
        "userDefined": false
      }
    ],
    "isTemplate": false,
    "count": 0,
    "lang": "en-us",
    "updated": 0
  },
  {
    "id": "4998b5fc-7afb-40cd-b223-11dd971eaac6",
    "data": [
      {
        "text": "download",
        "meta": "@sys.ignore",
        "userDefined": true
      },
      {
        "text": " album by ",
        "userDefined": false
      },
      {
        "text": "Rihanna",
        "meta": "@sys.music-artist",
        "alias": "artist",
        "userDefined": true
      },
      {
        "text": " ",
        "userDefined": false
      },
      {
        "text": "year",
        "meta": "@sys.ignore",
        "userDefined": true
      },
      {
        "text": " ",
        "userDefined": false
      },
      {
        "text": "2016",
        "meta": "@sys.number",
        "alias": "start-year",
        "userDefined": true
      }
    ],
    "isTemplate": false,
    "count": 0,
    "lang": "en-us",
    "updated": 0
  },
  {
    "id": "06fc596d-afcb-4d51-92c6-ea7aa50f52f3",
    "data": [
      {
        "text": "download a song from ",
        "userDefined": false
      },
      {
        "text": "Prince Royce",
        "meta": "@sys.music-artist",
        "alias": "artist",
        "userDefined": false
      }
    ],
    "isTemplate": false,
    "count": 0,
    "lang": "en-us",
    "updated": 0
  },
  {
    "id": "07444f6c-692e-47ea-8e5e-f75a2093a04a",
    "data": [
      {
        "text": "download a song by ",
        "userDefined": false
      },
      {
        "text": "George Michael",
        "meta": "@sys.music-artist",
        "alias": "artist",
        "userDefined": false
      }
    ],
    "isTemplate": false,
    "count": 0,
    "lang": "en-us",
    "updated": 0
  },
  {
    "id": "0aae6fa7-aa42-48f7-a24d-38e54848d7ea",
    "data": [
      {
        "text": "download some ",
        "userDefined": false
      },
      {
        "text": "rock n roll",
        "meta": "@sys.music-genre",
        "alias": "genre",
        "userDefined": false
      },
      {
        "text": " ",
        "userDefined": false
      },
      {
        "text": "music",
        "meta": "@sys.ignore",
        "userDefined": false
      }
    ],
    "isTemplate": false,
    "count": 0,
    "lang": "en-us",
    "updated": 0
  },
  {
    "id": "9a127671-8a12-4aee-b7cb-93744db46b54",
    "data": [
      {
        "text": "download ",
        "userDefined": false
      },
      {
        "text": "The Logical Song",
        "meta": "@song",
        "alias": "song",
        "userDefined": false
      }
    ],
    "isTemplate": false,
    "count": 0,
    "lang": "en-us",
    "updated": 0
  },
  {
    "id": "c3ab1695-dc95-4e5c-ae86-9f5ad8bf9949",
    "data": [
      {
        "text": "download me the song ",
        "userDefined": false
      },
      {
        "text": "Rap Call",
        "meta": "@song",
        "alias": "song",
        "userDefined": false
      },
      {
        "text": " by ",
        "userDefined": false
      },
      {
        "text": "Eminem",
        "meta": "@sys.music-artist",
        "alias": "artist",
        "userDefined": false
      }
    ],
    "isTemplate": false,
    "count": 0,
    "lang": "en-us",
    "updated": 0
  },
  {
    "id": "47dcce0e-d63b-4e74-b491-aa3ea93afb3d",
    "data": [
      {
        "text": "download ",
        "userDefined": false
      },
      {
        "text": "The Beatles",
        "meta": "@sys.music-artist",
        "alias": "artist",
        "userDefined": false
      }
    ],
    "isTemplate": false,
    "count": 0,
    "lang": "en-us",
    "updated": 0
  },
  {
    "id": "bc807c17-7368-411f-b243-bd3a82fa9ee7",
    "data": [
      {
        "text": "download",
        "meta": "@sys.ignore",
        "userDefined": true
      },
      {
        "text": " the ",
        "userDefined": false
      },
      {
        "text": "newest",
        "meta": "@music-sort",
        "alias": "sort",
        "userDefined": true
      },
      {
        "text": " song by ",
        "userDefined": false
      },
      {
        "text": "Eminem",
        "meta": "@sys.music-artist",
        "alias": "artist",
        "userDefined": true
      }
    ],
    "isTemplate": false,
    "count": 0,
    "lang": "en-us",
    "updated": 0
  },
  {
    "id": "4dc2c76b-97b7-447f-80da-b6cfead3f708",
    "data": [
      {
        "text": "download a ",
        "userDefined": false
      },
      {
        "text": "country",
        "meta": "@sys.music-genre",
        "alias": "genre",
        "userDefined": false
      },
      {
        "text": " song",
        "userDefined": false
      }
    ],
    "isTemplate": false,
    "count": 0,
    "lang": "en-us",
    "updated": 0
  },
  {
    "id": "3560a4e7-2530-494b-8693-49efdffb5da6",
    "data": [
      {
        "text": "download the songs",
        "userDefined": false
      }
    ],
    "isTemplate": false,
    "count": 0,
    "lang": "en-us",
    "updated": 0
  },
  {
    "id": "875fa0bc-c531-4cd7-bd03-0d1ff56b99f1",
    "data": [
      {
        "text": "now download ",
        "userDefined": false
      },
      {
        "text": "Cocktail",
        "meta": "@song",
        "alias": "song",
        "userDefined": false
      },
      {
        "text": " song",
        "userDefined": false
      }
    ],
    "isTemplate": false,
    "count": 5,
    "lang": "en-us",
    "updated": 0
  },
  {
    "id": "13b77588-30c3-4639-a839-71bfb6e0af49",
    "data": [
      {
        "text": "download the song ",
        "userDefined": false
      },
      {
        "text": "Timber",
        "meta": "@song",
        "alias": "song",
        "userDefined": false
      }
    ],
    "isTemplate": false,
    "count": 0,
    "lang": "en-us",
    "updated": 0
  },
  {
    "id": "d987abe3-9bf9-46d2-ac3b-d5b5a5271457",
    "data": [
      {
        "text": "download song ",
        "userDefined": false
      },
      {
        "text": "Bottal Khol",
        "meta": "@song",
        "alias": "song",
        "userDefined": false
      }
    ],
    "isTemplate": false,
    "count": 0,
    "lang": "en-us",
    "updated": 0
  },
  {
    "id": "5585b388-d34e-41d2-a95c-eb9e1cd39a37",
    "data": [
      {
        "text": "download me a song from ",
        "userDefined": false
      },
      {
        "text": "the Beatles",
        "meta": "@sys.music-artist",
        "alias": "artist",
        "userDefined": false
      }
    ],
    "isTemplate": false,
    "count": 0,
    "lang": "en-us",
    "updated": 0
  },
  {
    "id": "fe9e24b3-1f33-41fd-bf07-7683c6fdd0e3",
    "data": [
      {
        "text": "download some ",
        "userDefined": false
      },
      {
        "text": "rock",
        "meta": "@sys.music-genre",
        "alias": "genre",
        "userDefined": true
      },
      {
        "text": " music from ",
        "userDefined": false
      },
      {
        "text": "Spotify",
        "meta": "@music-service",
        "alias": "service",
        "userDefined": true
      }
    ],
    "isTemplate": false,
    "count": 0,
    "lang": "en-us",
    "updated": 0
  },
  {
    "id": "9c3990fd-d0b3-495a-acba-543804a1ecdc",
    "data": [
      {
        "text": "start downloading the song",
        "userDefined": false
      }
    ],
    "isTemplate": false,
    "count": 0,
    "lang": "en-us",
    "updated": 0
  },
  {
    "id": "7b51f718-140e-45d1-9130-8db1dc4a0efd",
    "data": [
      {
        "text": "download me a song",
        "userDefined": false
      }
    ],
    "isTemplate": false,
    "count": 0,
    "lang": "en-us",
    "updated": 0
  },
  {
    "id": "dc67e15b-454f-4d05-90c8-be3acaa1d491",
    "data": [
      {
        "text": "download the song ",
        "userDefined": false
      },
      {
        "text": "Whip My Hair",
        "meta": "@song",
        "alias": "song",
        "userDefined": false
      },
      {
        "text": " by ",
        "userDefined": false
      },
      {
        "text": "Willow Smith",
        "meta": "@sys.music-artist",
        "alias": "artist",
        "userDefined": false
      }
    ],
    "isTemplate": false,
    "count": 0,
    "lang": "en-us",
    "updated": 0
  },
  {
    "id": "95216ad3-e6ec-474c-ac3d-980013131e70",
    "data": [
      {
        "text": "download ",
        "userDefined": false
      },
      {
        "text": "Lean On",
        "meta": "@song",
        "alias": "song",
        "userDefined": true
      },
      {
        "text": " song",
        "userDefined": false
      }
    ],
    "isTemplate": false,
    "count": 0,
    "lang": "en-us",
    "updated": 0
  },
  {
    "id": "13994f7b-ea16-4f55-9fe1-49e883e20a0e",
    "data": [
      {
        "text": "download ",
        "userDefined": false
      },
      {
        "text": "One Direction",
        "meta": "@sys.music-artist",
        "alias": "artist",
        "userDefined": true
      },
      {
        "text": " songs",
        "userDefined": false
      }
    ],
    "isTemplate": false,
    "count": 0,
    "lang": "en-us",
    "updated": 0
  },
  {
    "id": "2cd91cad-dc55-427c-bf77-42846e739ad2",
    "data": [
      {
        "text": "download a song",
        "userDefined": false
      }
    ],
    "isTemplate": false,
    "count": 0,
    "lang": "en-us",
    "updated": 0
  },
  {
    "id": "55674719-803d-42d7-a172-1eaa092b8504",
    "data": [
      {
        "text": "download the ",
        "userDefined": false
      },
      {
        "text": "music",
        "meta": "@sys.ignore",
        "userDefined": true
      }
    ],
    "isTemplate": false,
    "count": 0,
    "lang": "en-us",
    "updated": 0
  },
  {
    "id": "f00d3f36-e643-4229-b639-7be44a7fff46",
    "data": [
      {
        "text": "download the song ",
        "userDefined": false
      },
      {
        "text": "Chinta Ta Ta Chita Chita",
        "meta": "@song",
        "alias": "song",
        "userDefined": false
      },
      {
        "text": " to my download list",
        "userDefined": false
      }
    ],
    "isTemplate": false,
    "count": 3,
    "lang": "en-us",
    "updated": 0
  },
  {
    "id": "a011f707-0f3c-4b65-b2f9-a176800ae5da",
    "data": [
      {
        "text": "download ",
        "userDefined": false
      },
      {
        "text": "ringtone",
        "meta": "@sys.ignore",
        "userDefined": true
      }
    ],
    "isTemplate": false,
    "count": 0,
    "lang": "en-us",
    "updated": 0
  },
  {
    "id": "464b7a6c-289b-43ed-a6d8-0764502c1909",
    "data": [
      {
        "text": "download song ",
        "userDefined": false
      },
      {
        "text": "Never Gone",
        "meta": "@song",
        "alias": "song",
        "userDefined": false
      }
    ],
    "isTemplate": false,
    "count": 0,
    "lang": "en-us",
    "updated": 0
  },
  {
    "id": "f67566f0-8873-4b84-af9a-e1d0c0075780",
    "data": [
      {
        "text": "download ",
        "userDefined": false
      },
      {
        "text": "Kenny G",
        "meta": "@sys.music-artist",
        "alias": "artist",
        "userDefined": false
      },
      {
        "text": " song",
        "userDefined": false
      }
    ],
    "isTemplate": false,
    "count": 7,
    "lang": "en-us",
    "updated": 0
  },
  {
    "id": "a2054023-5c16-41ca-bfd4-91cb91ec4755",
    "data": [
      {
        "text": "download the song from my ",
        "userDefined": false
      },
      {
        "text": "music",
        "meta": "@sys.ignore",
        "userDefined": false
      },
      {
        "text": " downloader",
        "userDefined": false
      }
    ],
    "isTemplate": false,
    "count": 0,
    "lang": "en-us",
    "updated": 0
  },
  {
    "id": "4ca6c343-169d-40d0-ace4-f0d80214b2b3",
    "data": [
      {
        "text": "download the ",
        "userDefined": false
      },
      {
        "text": "Mean Kitty",
        "meta": "@song",
        "alias": "song",
        "userDefined": false
      },
      {
        "text": " song",
        "userDefined": false
      }
    ],
    "isTemplate": false,
    "count": 0,
    "lang": "en-us",
    "updated": 0
  },
  {
    "id": "9fde4cb1-a460-4ea2-a2d0-6cb151e12fb1",
    "data": [
      {
        "text": "download the song ",
        "userDefined": false
      },
      {
        "text": "Brown Rang",
        "meta": "@song",
        "alias": "song",
        "userDefined": false
      }
    ],
    "isTemplate": false,
    "count": 0,
    "lang": "en-us",
    "updated": 0
  },
  {
    "id": "9fb743ae-9b65-4cda-bc6e-802ffc402790",
    "data": [
      {
        "text": "download the song ",
        "userDefined": false
      },
      {
        "text": "Turn Down for a While",
        "meta": "@song",
        "alias": "song",
        "userDefined": false
      }
    ],
    "isTemplate": false,
    "count": 0,
    "lang": "en-us",
    "updated": 0
  },
  {
    "id": "1e31e13e-0d1c-46f5-8c17-2bb53cdc8568",
    "data": [
      {
        "text": "download a ",
        "userDefined": false
      },
      {
        "text": "pop",
        "meta": "@sys.music-genre",
        "alias": "genre",
        "userDefined": false
      },
      {
        "text": " song",
        "userDefined": false
      }
    ],
    "isTemplate": false,
    "count": 0,
    "lang": "en-us",
    "updated": 0
  },
  {
    "id": "1431296b-2a50-469f-897a-cf110ec9f8ec",
    "data": [
      {
        "text": "download ",
        "userDefined": false
      },
      {
        "text": "Skrillex",
        "meta": "@sys.music-artist",
        "alias": "artist",
        "userDefined": false
      }
    ],
    "isTemplate": false,
    "count": 0,
    "lang": "en-us",
    "updated": 0
  },
  {
    "id": "acd29735-3cac-482c-b352-c9b78facacf0",
    "data": [
      {
        "text": "download song ",
        "userDefined": false
      },
      {
        "text": "Jesus Rise",
        "meta": "@song",
        "alias": "song",
        "userDefined": false
      },
      {
        "text": " ",
        "userDefined": false
      },
      {
        "text": "McClain",
        "meta": "@sys.music-artist",
        "alias": "artist",
        "userDefined": false
      }
    ],
    "isTemplate": false,
    "count": 0,
    "lang": "en-us",
    "updated": 0
  },
  {
    "id": "434a484b-db57-4e44-8c24-cc233f421b95",
    "data": [
      {
        "text": "download ",
        "userDefined": false
      },
      {
        "text": "Yesterday",
        "meta": "@song",
        "alias": "song",
        "userDefined": true
      },
      {
        "text": " song by ",
        "userDefined": false
      },
      {
        "text": "The Beatles",
        "meta": "@sys.music-artist",
        "alias": "artist",
        "userDefined": true
      }
    ],
    "isTemplate": false,
    "count": 0,
    "lang": "en-us",
    "updated": 0
  },
  {
    "id": "149366be-7fa6-46ee-bd08-dfee059d2851",
    "data": [
      {
        "text": "download song ",
        "userDefined": false
      },
      {
        "text": "The Man",
        "meta": "@song",
        "alias": "song",
        "userDefined": false
      }
    ],
    "isTemplate": false,
    "count": 0,
    "lang": "en-us",
    "updated": 0
  },
  {
    "id": "0b636d2f-7134-49cc-8874-a757a9df350d",
    "data": [
      {
        "text": "download",
        "meta": "@sys.ignore",
        "userDefined": true
      },
      {
        "text": " ",
        "userDefined": false
      },
      {
        "text": "Bowie",
        "meta": "@sys.music-artist",
        "alias": "artist",
        "userDefined": true
      },
      {
        "text": " before ",
        "userDefined": false
      },
      {
        "text": "1970",
        "meta": "@sys.number",
        "alias": "end-year",
        "userDefined": true
      }
    ],
    "isTemplate": false,
    "count": 0,
    "lang": "en-us",
    "updated": 0
  },
  {
    "id": "46f882ed-dcf0-48d9-b53e-34f0bc5bf5f7",
    "data": [
      {
        "text": "you",
        "meta": "@sys.ignore",
        "userDefined": false
      },
      {
        "text": " should download ",
        "userDefined": false
      },
      {
        "text": "music",
        "meta": "@sys.ignore",
        "userDefined": false
      }
    ],
    "isTemplate": false,
    "count": 0,
    "lang": "en-us",
    "updated": 0
  },
  {
    "id": "03fcf602-45ab-4d15-b71b-b5e8343f48dc",
    "data": [
      {
        "text": "download some ",
        "userDefined": false
      },
      {
        "text": "music",
        "meta": "@sys.ignore",
        "userDefined": true
      },
      {
        "text": " for me",
        "userDefined": false
      }
    ],
    "isTemplate": false,
    "count": 0,
    "lang": "en-us",
    "updated": 0
  },
  {
    "id": "dbaadc13-fb1f-4252-b859-efefcaffd5c7",
    "data": [
      {
        "text": "download song ",
        "userDefined": false
      },
      {
        "text": "Before June Gets Back",
        "meta": "@song",
        "alias": "song",
        "userDefined": false
      }
    ],
    "isTemplate": false,
    "count": 0,
    "lang": "en-us",
    "updated": 0
  },
  {
    "id": "d9d72e44-de2e-4de2-9937-adab7ab13e58",
    "data": [
      {
        "text": "download song by ",
        "userDefined": false
      },
      {
        "text": "Hustle Gang",
        "meta": "@sys.music-artist",
        "alias": "artist",
        "userDefined": false
      }
    ],
    "isTemplate": false,
    "count": 0,
    "lang": "en-us",
    "updated": 0
  },
  {
    "id": "6ff88ce8-efa9-4f53-ac89-4dd65f2b5307",
    "data": [
      {
        "text": "download song by ",
        "userDefined": false
      },
      {
        "text": "Kanye West",
        "meta": "@sys.music-artist",
        "alias": "artist",
        "userDefined": false
      }
    ],
    "isTemplate": false,
    "count": 0,
    "lang": "en-us",
    "updated": 0
  },
  {
    "id": "abf76709-de00-4ce8-a3ec-96a9ec6bc6ed",
    "data": [
      {
        "text": "download ",
        "userDefined": false
      },
      {
        "text": "music",
        "meta": "@sys.ignore",
        "userDefined": false
      },
      {
        "text": " by ",
        "userDefined": false
      },
      {
        "text": "Rolling Stones",
        "meta": "@sys.music-artist",
        "alias": "artist",
        "userDefined": false
      }
    ],
    "isTemplate": false,
    "count": 0,
    "lang": "en-us",
    "updated": 0
  },
  {
    "id": "0ec34bc3-d947-45c9-837b-b501be36527f",
    "data": [
      {
        "text": "download me a song by ",
        "userDefined": false
      },
      {
        "text": "Aventura",
        "meta": "@sys.music-artist",
        "alias": "artist",
        "userDefined": false
      }
    ],
    "isTemplate": false,
    "count": 0,
    "lang": "en-us",
    "updated": 0
  },
  {
    "id": "30fb78cb-9284-47ac-b5e0-e53451b59d5b",
    "data": [
      {
        "text": "download ",
        "userDefined": false
      },
      {
        "text": "Lisa Stansfield",
        "meta": "@sys.music-artist",
        "alias": "artist",
        "userDefined": true
      },
      {
        "text": " ",
        "userDefined": false
      },
      {
        "text": "house",
        "meta": "@sys.music-genre",
        "alias": "genre",
        "userDefined": true
      },
      {
        "text": " ",
        "userDefined": false
      },
      {
        "text": "music",
        "meta": "@sys.ignore",
        "userDefined": true
      }
    ],
    "isTemplate": false,
    "count": 0,
    "lang": "en-us",
    "updated": 0
  },
  {
    "id": "0fa68213-530e-4a45-8f05-bd93c343e01e",
    "data": [
      {
        "text": "download ",
        "userDefined": false
      },
      {
        "text": "Maroon 5",
        "meta": "@sys.music-artist",
        "alias": "artist",
        "userDefined": false
      },
      {
        "text": " song",
        "userDefined": false
      }
    ],
    "isTemplate": false,
    "count": 0,
    "lang": "en-us",
    "updated": 0
  },
  {
    "id": "eba34cf0-83ad-4a2d-bf99-ed43b4e646e1",
    "data": [
      {
        "text": "music",
        "meta": "@sys.ignore",
        "userDefined": false
      },
      {
        "text": " download ",
        "userDefined": false
      },
      {
        "text": "Addicted to Love",
        "meta": "@song",
        "alias": "song",
        "userDefined": false
      }
    ],
    "isTemplate": false,
    "count": 0,
    "lang": "en-us",
    "updated": 0
  },
  {
    "id": "5dcbab82-f50f-4c23-b529-1fa66e41498c",
    "data": [
      {
        "text": "download the song ",
        "userDefined": false
      },
      {
        "text": "Back in Time",
        "meta": "@song",
        "alias": "song",
        "userDefined": false
      },
      {
        "text": " by ",
        "userDefined": false
      },
      {
        "text": "Pitbull",
        "meta": "@sys.music-artist",
        "alias": "artist",
        "userDefined": false
      }
    ],
    "isTemplate": false,
    "count": 0,
    "lang": "en-us",
    "updated": 0
  },
  {
    "id": "d8487601-b7e7-4dbf-89c3-eb4dca7572c2",
    "data": [
      {
        "text": "download",
        "meta": "@sys.ignore",
        "userDefined": true
      },
      {
        "text": " ",
        "userDefined": false
      },
      {
        "text": "latest",
        "meta": "@music-sort",
        "alias": "sort",
        "userDefined": true
      },
      {
        "text": " ",
        "userDefined": false
      },
      {
        "text": "Metallica",
        "meta": "@sys.music-artist",
        "alias": "artist",
        "userDefined": true
      }
    ],
    "isTemplate": false,
    "count": 0,
    "lang": "en-us",
    "updated": 0
  },
  {
    "id": "23184717-8b0a-436a-99f2-ae78a5c33f73",
    "data": [
      {
        "text": "download this song ",
        "userDefined": false
      },
      {
        "text": "thank you",
        "meta": "@sys.ignore",
        "userDefined": false
      }
    ],
    "isTemplate": false,
    "count": 0,
    "lang": "en-us",
    "updated": 0
  },
  {
    "id": "695537e0-d164-4537-bf3a-78b982cf3feb",
    "data": [
      {
        "text": "download ",
        "userDefined": false
      },
      {
        "text": "Love Me",
        "meta": "@song",
        "alias": "song",
        "userDefined": false
      },
      {
        "text": " song",
        "userDefined": false
      }
    ],
    "isTemplate": false,
    "count": 0,
    "lang": "en-us",
    "updated": 0
  },
  {
    "id": "bb0fbc4c-0e2b-4d4e-add6-aa9a471a40b9",
    "data": [
      {
        "text": "download the song ",
        "userDefined": false
      },
      {
        "text": "Sweater Weather",
        "meta": "@song",
        "alias": "song",
        "userDefined": false
      }
    ],
    "isTemplate": false,
    "count": 0,
    "lang": "en-us",
    "updated": 0
  },
  {
    "id": "0f825497-b188-4374-9a1d-7729b725acf2",
    "data": [
      {
        "text": "download ",
        "userDefined": false
      },
      {
        "text": "Louis Armstrong",
        "meta": "@sys.music-artist",
        "alias": "artist",
        "userDefined": false
      }
    ],
    "isTemplate": false,
    "count": 0,
    "lang": "en-us",
    "updated": 0
  },
  {
    "id": "f58a71b4-6935-434e-9102-00a99677ff11",
    "data": [
      {
        "text": "download a song from ",
        "userDefined": false
      },
      {
        "text": "YouTube",
        "meta": "@music-service",
        "alias": "service",
        "userDefined": true
      }
    ],
    "isTemplate": false,
    "count": 0,
    "lang": "en-us",
    "updated": 0
  },
  {
    "id": "39d52219-93a9-480e-9b76-8c744ea7effe",
    "data": [
      {
        "text": "download",
        "meta": "@sys.ignore",
        "userDefined": true
      },
      {
        "text": " ",
        "userDefined": false
      },
      {
        "text": "Telugu",
        "meta": "@sys.ignore",
        "userDefined": true
      },
      {
        "text": " songs",
        "userDefined": false
      }
    ],
    "isTemplate": false,
    "count": 0,
    "lang": "en-us",
    "updated": 0
  },
  {
    "id": "234a8c0c-3dc7-463d-a7cf-17cb40244fd1",
    "data": [
      {
        "text": "can",
        "meta": "@sys.ignore",
        "userDefined": false
      },
      {
        "text": " ",
        "userDefined": false
      },
      {
        "text": "you",
        "meta": "@sys.ignore",
        "userDefined": false
      },
      {
        "text": " download a song for me",
        "userDefined": false
      }
    ],
    "isTemplate": false,
    "count": 0,
    "lang": "en-us",
    "updated": 0
  },
  {
    "id": "e1e722d1-04f0-4af8-b09a-873f631c4f1d",
    "data": [
      {
        "text": "can",
        "meta": "@sys.ignore",
        "userDefined": true
      },
      {
        "text": " you ",
        "userDefined": false
      },
      {
        "text": "download",
        "meta": "@sys.ignore",
        "userDefined": true
      },
      {
        "text": " songs",
        "userDefined": false
      }
    ],
    "isTemplate": false,
    "count": 0,
    "lang": "en-us",
    "updated": 0
  },
  {
    "id": "677ce17d-b7df-4159-b145-f535593ed37e",
    "data": [
      {
        "text": "download something from ",
        "userDefined": false
      },
      {
        "text": "Maroon 5",
        "meta": "@sys.music-artist",
        "alias": "artist",
        "userDefined": false
      }
    ],
    "isTemplate": false,
    "count": 0,
    "lang": "en-us",
    "updated": 0
  },
  {
    "id": "ce11cb72-d39e-48c0-a565-c8ed82d0f2c4",
    "data": [
      {
        "text": "download the song",
        "userDefined": false
      }
    ],
    "isTemplate": false,
    "count": 0,
    "lang": "en-us",
    "updated": 0
  },
  {
    "id": "88a3080c-a10d-4851-af55-84c7c9d6d7f1",
    "data": [
      {
        "text": "download song ",
        "userDefined": false
      },
      {
        "text": "Stairway to Heaven",
        "meta": "@song",
        "alias": "song",
        "userDefined": false
      }
    ],
    "isTemplate": false,
    "count": 0,
    "lang": "en-us",
    "updated": 0
  },
  {
    "id": "48990166-4332-4efe-ba9f-f38747e59f21",
    "data": [
      {
        "text": "download ",
        "userDefined": false
      },
      {
        "text": "music",
        "meta": "@sys.ignore",
        "userDefined": true
      },
      {
        "text": " for me",
        "userDefined": false
      }
    ],
    "isTemplate": false,
    "count": 0,
    "lang": "en-us",
    "updated": 0
  },
  {
    "id": "e77e0c5e-a119-40bc-9f2f-4377778bccf4",
    "data": [
      {
        "text": "download ",
        "userDefined": false
      },
      {
        "text": "Michael Jackson",
        "meta": "@sys.music-artist",
        "alias": "artist",
        "userDefined": true
      },
      {
        "text": "\u0027s songs from ",
        "userDefined": false
      },
      {
        "text": "1988",
        "meta": "@sys.number",
        "alias": "start-year",
        "userDefined": true
      },
      {
        "text": " till ",
        "userDefined": false
      },
      {
        "text": "1989",
        "meta": "@sys.number",
        "alias": "end-year",
        "userDefined": true
      }
    ],
    "isTemplate": false,
    "count": 0,
    "lang": "en-us",
    "updated": 0
  },
  {
    "id": "b0785f5d-bea4-47cb-ba1d-ca11c5cd0b47",
    "data": [
      {
        "text": "download a song ",
        "userDefined": false
      },
      {
        "text": "you",
        "meta": "@sys.ignore",
        "userDefined": false
      },
      {
        "text": " like",
        "userDefined": false
      }
    ],
    "isTemplate": false,
    "count": 0,
    "lang": "en-us",
    "updated": 0
  },
  {
    "id": "77faadc9-84b5-4a3e-a3cb-63ac77c42b6f",
    "data": [
      {
        "text": "could you download ",
        "userDefined": false
      },
      {
        "text": "the",
        "meta": "@sys.ignore",
        "userDefined": true
      },
      {
        "text": " song ",
        "userDefined": false
      },
      {
        "text": "Umbrella",
        "meta": "@song",
        "alias": "song",
        "userDefined": true
      },
      {
        "text": " by ",
        "userDefined": false
      },
      {
        "text": "Rihanna",
        "meta": "@sys.music-artist",
        "alias": "artist",
        "userDefined": true
      }
    ],
    "isTemplate": false,
    "count": 5,
    "lang": "en-us",
    "updated": 0
  },
  {
    "id": "0f0af76b-0f69-4dd7-81c9-5b6e5a3bb2d5",
    "data": [
      {
        "text": "can",
        "meta": "@sys.ignore",
        "userDefined": false
      },
      {
        "text": " ",
        "userDefined": false
      },
      {
        "text": "you",
        "meta": "@sys.ignore",
        "userDefined": false
      },
      {
        "text": " download a song",
        "userDefined": false
      }
    ],
    "isTemplate": false,
    "count": 0,
    "lang": "en-us",
    "updated": 0
  },
  {
    "id": "5ce7b24d-3945-40ed-b12d-2bd34505f2f0",
    "data": [
      {
        "text": "download a song ",
        "userDefined": false
      },
      {
        "text": "On My Knees",
        "meta": "@song",
        "alias": "song",
        "userDefined": false
      }
    ],
    "isTemplate": false,
    "count": 0,
    "lang": "en-us",
    "updated": 0
  },
  {
    "id": "0a9a5302-dc97-4cdc-b53b-aacb1c4e91e5",
    "data": [
      {
        "text": "download the song ",
        "userDefined": false
      },
      {
        "text": "Green Grass and High Times",
        "meta": "@song",
        "alias": "song",
        "userDefined": false
      }
    ],
    "isTemplate": false,
    "count": 0,
    "lang": "en-us",
    "updated": 0
  },
  {
    "id": "b6204854-195b-45ec-b926-933f833b44f0",
    "data": [
      {
        "text": "download some ",
        "userDefined": false
      },
      {
        "text": "music",
        "meta": "@sys.ignore",
        "userDefined": true
      }
    ],
    "isTemplate": false,
    "count": 8,
    "lang": "en-us",
    "updated": 0
  },
  {
    "id": "08ed022e-0e27-4eaa-b520-9b828acf4396",
    "data": [
      {
        "text": "download song by ",
        "userDefined": false
      },
      {
        "text": "Nicki Minaj",
        "meta": "@sys.music-artist",
        "alias": "artist",
        "userDefined": false
      }
    ],
    "isTemplate": false,
    "count": 0,
    "lang": "en-us",
    "updated": 0
  },
  {
    "id": "e1ca3054-271a-457b-826a-e851c823e67a",
    "data": [
      {
        "text": "download song ",
        "userDefined": false
      },
      {
        "text": "Never",
        "meta": "@song",
        "alias": "song",
        "userDefined": false
      },
      {
        "text": " by ",
        "userDefined": false
      },
      {
        "text": "One Direction",
        "meta": "@sys.music-artist",
        "alias": "artist",
        "userDefined": true
      }
    ],
    "isTemplate": false,
    "count": 0,
    "lang": "en-us",
    "updated": 0
  },
  {
    "id": "83d45b72-39ab-419e-8ad0-57e1f672c66b",
    "data": [
      {
        "text": "I need to download ",
        "userDefined": false
      },
      {
        "text": "Spanish",
        "meta": "@sys.ignore",
        "userDefined": true
      },
      {
        "text": " songs by ",
        "userDefined": false
      },
      {
        "text": "Enrique Iglesias",
        "meta": "@sys.music-artist",
        "alias": "artist",
        "userDefined": true
      }
    ],
    "isTemplate": false,
    "count": 0,
    "lang": "en-us",
    "updated": 0
  },
  {
    "id": "8b37061b-26f7-482e-90ea-06eb4ab091f0",
    "data": [
      {
        "text": "download some ",
        "userDefined": false
      },
      {
        "text": "music",
        "meta": "@sys.ignore",
        "userDefined": false
      },
      {
        "text": " ",
        "userDefined": false
      },
      {
        "text": "on",
        "meta": "@sys.ignore",
        "userDefined": false
      },
      {
        "text": " ",
        "userDefined": false
      },
      {
        "text": "iPod",
        "meta": "@sys.ignore",
        "userDefined": false
      },
      {
        "text": ".",
        "userDefined": false
      }
    ],
    "isTemplate": false,
    "count": 0,
    "lang": "en-us",
    "updated": 0
  },
  {
    "id": "c80ffc57-25b6-4984-b7cf-0df06bc1ce5e",
    "data": [
      {
        "text": "download this song ",
        "userDefined": false
      },
      {
        "text": "My Story",
        "meta": "@song",
        "alias": "song",
        "userDefined": false
      }
    ],
    "isTemplate": false,
    "count": 0,
    "lang": "en-us",
    "updated": 0
  },
  {
    "id": "b58a4752-86ad-4caa-940b-647bdb80b007",
    "data": [
      {
        "text": "download song ",
        "userDefined": false
      },
      {
        "text": "Sunny Sunny",
        "meta": "@song",
        "alias": "song",
        "userDefined": false
      }
    ],
    "isTemplate": false,
    "count": 0,
    "lang": "en-us",
    "updated": 0
  },
  {
    "id": "43c3b84a-7605-4d7e-a229-9428d9e2c1e7",
    "data": [
      {
        "text": "download song ",
        "userDefined": false
      },
      {
        "text": "No New Friends",
        "meta": "@song",
        "alias": "song",
        "userDefined": false
      }
    ],
    "isTemplate": false,
    "count": 0,
    "lang": "en-us",
    "updated": 0
  },
  {
    "id": "b06c00ca-bee9-495a-bb9a-494a0e1d91bc",
    "data": [
      {
        "text": "download for me a song",
        "userDefined": false
      }
    ],
    "isTemplate": false,
    "count": 0,
    "lang": "en-us",
    "updated": 0
  },
  {
    "id": "b8fd8ed8-b38f-406e-b4d2-cd44c32dcddd",
    "data": [
      {
        "text": "download ",
        "userDefined": false
      },
      {
        "text": "Barbie",
        "meta": "@song",
        "alias": "song",
        "userDefined": true
      },
      {
        "text": " song",
        "userDefined": false
      }
    ],
    "isTemplate": false,
    "count": 8,
    "lang": "en-us",
    "updated": 0
  },
  {
    "id": "7a3d4203-43fc-4d34-b593-3ef505a856dc",
    "data": [
      {
        "text": "how can I download ",
        "userDefined": false
      },
      {
        "text": "One Direction",
        "meta": "@sys.music-artist",
        "alias": "artist",
        "userDefined": true
      },
      {
        "text": " ",
        "userDefined": false
      },
      {
        "text": "Rock me",
        "meta": "@song",
        "alias": "song",
        "userDefined": true
      },
      {
        "text": " song",
        "userDefined": false
      }
    ],
    "isTemplate": false,
    "count": 0,
    "lang": "en-us",
    "updated": 0
  },
  {
    "id": "933e3789-d0dc-4fe5-95c4-4274f46a84be",
    "data": [
      {
        "text": "music",
        "meta": "@sys.ignore",
        "userDefined": false
      },
      {
        "text": " download",
        "userDefined": false
      }
    ],
    "isTemplate": false,
    "count": 0,
    "lang": "en-us",
    "updated": 0
  },
  {
    "id": "616427cd-a7b0-4b03-93e1-b4402804297b",
    "data": [
      {
        "text": "download ",
        "userDefined": false
      },
      {
        "text": "r n b",
        "meta": "@sys.music-genre",
        "alias": "genre",
        "userDefined": true
      },
      {
        "text": " ",
        "userDefined": false
      },
      {
        "text": "music",
        "meta": "@sys.ignore",
        "userDefined": false
      }
    ],
    "isTemplate": false,
    "count": 0,
    "lang": "en-us",
    "updated": 0
  },
  {
    "id": "90d53091-f559-4bb7-a7ce-e69cf7023553",
    "data": [
      {
        "text": "download the song ",
        "userDefined": false
      },
      {
        "text": "right now",
        "meta": "@sys.ignore",
        "userDefined": false
      }
    ],
    "isTemplate": false,
    "count": 0,
    "lang": "en-us",
    "updated": 0
  },
  {
    "id": "b9e69142-7782-44d8-a8b6-4fc8250f9b5b",
    "data": [
      {
        "text": "download ",
        "userDefined": false
      },
      {
        "text": "Sugar",
        "meta": "@song",
        "alias": "song",
        "userDefined": false
      },
      {
        "text": " by ",
        "userDefined": false
      },
      {
        "text": "Maroon five",
        "meta": "@sys.music-artist",
        "alias": "artist",
        "userDefined": false
      }
    ],
    "isTemplate": false,
    "count": 0,
    "lang": "en-us",
    "updated": 0
  },
  {
    "id": "f1729934-042a-4ac4-934d-f932835ecc98",
    "data": [
      {
        "text": "I want to download songs",
        "userDefined": false
      }
    ],
    "isTemplate": false,
    "count": 0,
    "lang": "en-us",
    "updated": 0
  },
  {
    "id": "7d86e576-cd7f-48cb-b39d-728645c9116e",
    "data": [
      {
        "text": "download the song ",
        "userDefined": false
      },
      {
        "text": "Hero",
        "meta": "@song",
        "alias": "song",
        "userDefined": false
      }
    ],
    "isTemplate": false,
    "count": 0,
    "lang": "en-us",
    "updated": 0
  },
  {
    "id": "4880ebf9-8099-4865-b016-bf5550080dc3",
    "data": [
      {
        "text": "download a song by ",
        "userDefined": false
      },
      {
        "text": "Aventura",
        "meta": "@sys.music-artist",
        "alias": "artist",
        "userDefined": false
      }
    ],
    "isTemplate": false,
    "count": 0,
    "lang": "en-us",
    "updated": 0
  },
  {
    "id": "96cf7d94-4c40-4839-b3a4-85bf189d8c8c",
    "data": [
      {
        "text": "download the album ",
        "userDefined": false
      },
      {
        "text": "Starboy",
        "meta": "@music-album",
        "alias": "album",
        "userDefined": true
      }
    ],
    "isTemplate": false,
    "count": 0,
    "lang": "en-us",
    "updated": 0
  },
  {
    "id": "7df5f25b-e1b0-4fbc-bdad-51677d47c6fb",
    "data": [
      {
        "text": "download ",
        "userDefined": false
      },
      {
        "text": "Home Sweet Home",
        "meta": "@song",
        "alias": "song",
        "userDefined": false
      }
    ],
    "isTemplate": false,
    "count": 0,
    "lang": "en-us",
    "updated": 0
  },
  {
    "id": "a6d7e438-9230-4ada-9c62-3222edab85c7",
    "data": [
      {
        "text": "download some songs",
        "userDefined": false
      }
    ],
    "isTemplate": false,
    "count": 0,
    "lang": "en-us",
    "updated": 0
  },
  {
    "id": "8e26b087-f9a6-4e63-829c-6146c1a5d131",
    "data": [
      {
        "text": "download the song ",
        "userDefined": false
      },
      {
        "text": "In Demand",
        "meta": "@song",
        "alias": "song",
        "userDefined": false
      }
    ],
    "isTemplate": false,
    "count": 0,
    "lang": "en-us",
    "updated": 0
  },
  {
    "id": "feccb591-be0e-4e75-a6e0-7472ff00d8cc",
    "data": [
      {
        "text": "download the song ",
        "userDefined": false
      },
      {
        "text": "Heal",
        "meta": "@song",
        "alias": "song",
        "userDefined": false
      }
    ],
    "isTemplate": false,
    "count": 0,
    "lang": "en-us",
    "updated": 0
  },
  {
    "id": "e1d08a39-65de-4786-a594-dc9dd5295638",
    "data": [
      {
        "text": "download",
        "meta": "@sys.ignore",
        "userDefined": true
      },
      {
        "text": " some songs ",
        "userDefined": false
      },
      {
        "text": "in",
        "meta": "@sys.ignore",
        "userDefined": true
      },
      {
        "text": " ",
        "userDefined": false
      },
      {
        "text": "Hindi",
        "meta": "@sys.ignore",
        "userDefined": true
      }
    ],
    "isTemplate": false,
    "count": 0,
    "lang": "en-us",
    "updated": 0
  },
  {
    "id": "97d838e7-b734-402c-aadd-b1f542612156",
    "data": [
      {
        "text": "download ",
        "userDefined": false
      },
      {
        "text": "Rihanna",
        "meta": "@sys.music-artist",
        "alias": "artist",
        "userDefined": false
      },
      {
        "text": " ft ",
        "userDefined": false
      },
      {
        "text": "Drake",
        "meta": "@sys.music-artist",
        "alias": "artist",
        "userDefined": true
      },
      {
        "text": "  ",
        "userDefined": false
      },
      {
        "text": "Work",
        "meta": "@song",
        "alias": "song",
        "userDefined": true
      }
    ],
    "isTemplate": false,
    "count": 0,
    "lang": "en-us",
    "updated": 0
  },
  {
    "id": "45a1f74f-4d35-47b0-a823-6f1da1238120",
    "data": [
      {
        "text": "could you download the ",
        "userDefined": false
      },
      {
        "text": "best",
        "meta": "@music-sort",
        "alias": "sort",
        "userDefined": true
      },
      {
        "text": " songs of the year ",
        "userDefined": false
      },
      {
        "text": "2015",
        "meta": "@sys.number",
        "alias": "start-year",
        "userDefined": true
      }
    ],
    "isTemplate": false,
    "count": 0,
    "lang": "en-us",
    "updated": 0
  },
  {
    "id": "fb65ace1-e3ab-45a7-a54b-866f7a5037b0",
    "data": [
      {
        "text": "free",
        "meta": "@sys.ignore",
        "userDefined": false
      },
      {
        "text": " ",
        "userDefined": false
      },
      {
        "text": "music",
        "meta": "@sys.ignore",
        "userDefined": false
      },
      {
        "text": " download",
        "userDefined": false
      }
    ],
    "isTemplate": false,
    "count": 0,
    "lang": "en-us",
    "updated": 0
  },
  {
    "id": "edac7238-4bdc-467f-ba9f-3bacfbc54d2b",
    "data": [
      {
        "text": "download a song by ",
        "userDefined": false
      },
      {
        "text": "Madonna",
        "meta": "@sys.music-artist",
        "alias": "artist",
        "userDefined": false
      },
      {
        "text": " for me",
        "userDefined": false
      }
    ],
    "isTemplate": false,
    "count": 0,
    "lang": "en-us",
    "updated": 0
  },
  {
    "id": "5509a334-db5c-4838-b395-58a6bc62af5e",
    "data": [
      {
        "text": "download some ",
        "userDefined": false
      },
      {
        "text": "music",
        "meta": "@sys.ignore",
        "userDefined": false
      },
      {
        "text": " from my SD ",
        "userDefined": false
      },
      {
        "text": "card",
        "meta": "@sys.ignore",
        "userDefined": false
      }
    ],
    "isTemplate": false,
    "count": 0,
    "lang": "en-us",
    "updated": 0
  },
  {
    "id": "8e44e7ff-3a14-4fd1-b285-ddeea789ff5e",
    "data": [
      {
        "text": "download a ",
        "userDefined": false
      },
      {
        "text": "Beyonce",
        "meta": "@sys.music-artist",
        "alias": "artist",
        "userDefined": false
      },
      {
        "text": " song",
        "userDefined": false
      }
    ],
    "isTemplate": false,
    "count": 0,
    "lang": "en-us",
    "updated": 0
  },
  {
    "id": "87966702-53a6-4176-a981-e2621dcea3d5",
    "data": [
      {
        "text": "can",
        "meta": "@sys.ignore",
        "userDefined": false
      },
      {
        "text": " ",
        "userDefined": false
      },
      {
        "text": "you",
        "meta": "@sys.ignore",
        "userDefined": false
      },
      {
        "text": " download the song ",
        "userDefined": false
      },
      {
        "text": "Still into You",
        "meta": "@song",
        "alias": "song",
        "userDefined": false
      }
    ],
    "isTemplate": false,
    "count": 0,
    "lang": "en-us",
    "updated": 0
  },
  {
    "id": "53a4c132-3e60-4862-9448-f0c5bdfecedd",
    "data": [
      {
        "text": "download the song ",
        "userDefined": false
      },
      {
        "text": "Bread",
        "meta": "@song",
        "alias": "song",
        "userDefined": false
      }
    ],
    "isTemplate": false,
    "count": 0,
    "lang": "en-us",
    "updated": 0
  },
  {
    "id": "2371d32c-8e85-42c8-b6b5-bd5960c090e4",
    "data": [
      {
        "text": "I want to download a song",
        "userDefined": false
      }
    ],
    "isTemplate": false,
    "count": 0,
    "lang": "en-us",
    "updated": 0
  },
  {
    "id": "04ac4d09-e4f7-41f8-80c8-a1edfd2b915b",
    "data": [
      {
        "text": "download",
        "meta": "@sys.ignore",
        "userDefined": true
      },
      {
        "text": " what ",
        "userDefined": false
      },
      {
        "text": "Prince",
        "meta": "@sys.music-artist",
        "alias": "artist",
        "userDefined": true
      },
      {
        "text": " wrote between ",
        "userDefined": false
      },
      {
        "text": "1980",
        "meta": "@sys.number",
        "alias": "start-year",
        "userDefined": true
      },
      {
        "text": " and ",
        "userDefined": false
      },
      {
        "text": "1999",
        "meta": "@sys.number",
        "alias": "end-year",
        "userDefined": true
      }
    ],
    "isTemplate": false,
    "count": 0,
    "lang": "en-us",
    "updated": 0
  },
  {
    "id": "470a2a03-b4e8-4228-94c7-572b6305d2cb",
    "data": [
      {
        "text": "download the song ",
        "userDefined": false
      },
      {
        "text": "Radioactive",
        "meta": "@song",
        "alias": "song",
        "userDefined": false
      }
    ],
    "isTemplate": false,
    "count": 0,
    "lang": "en-us",
    "updated": 0
  },
  {
    "id": "1d5ec6fb-3eca-4e1a-89da-65671fef5ef6",
    "data": [
      {
        "text": "download ",
        "userDefined": false
      },
      {
        "text": "Madonna",
        "meta": "@sys.music-artist",
        "alias": "artist",
        "userDefined": true
      },
      {
        "text": "\u0027s album of ",
        "userDefined": false
      },
      {
        "text": "2016",
        "meta": "@sys.number",
        "alias": "start-year",
        "userDefined": true
      }
    ],
    "isTemplate": false,
    "count": 0,
    "lang": "en-us",
    "updated": 0
  },
  {
    "id": "83e896be-dd9c-42a8-a5ad-fc25e1f09e79",
    "data": [
      {
        "text": "download a song for me",
        "userDefined": false
      }
    ],
    "isTemplate": false,
    "count": 0,
    "lang": "en-us",
    "updated": 0
  },
  {
    "id": "7b2338ec-d84b-4ef2-8d66-64a807db8960",
    "data": [
      {
        "text": "download ",
        "userDefined": false
      },
      {
        "text": "Kid Rock",
        "meta": "@sys.music-artist",
        "alias": "artist",
        "userDefined": false
      },
      {
        "text": " songs",
        "userDefined": false
      }
    ],
    "isTemplate": false,
    "count": 0,
    "lang": "en-us",
    "updated": 0
  },
  {
    "id": "334c8596-4aea-4179-9166-480c449be531",
    "data": [
      {
        "text": "download song",
        "userDefined": false
      }
    ],
    "isTemplate": false,
    "count": 0,
    "lang": "en-us",
    "updated": 0
  },
  {
    "id": "38c5535e-5c1f-4750-903c-2506631d42be",
    "data": [
      {
        "text": "download ",
        "userDefined": false
      },
      {
        "text": "Hurricane",
        "meta": "@song",
        "alias": "song",
        "userDefined": false
      },
      {
        "text": " by ",
        "userDefined": false
      },
      {
        "text": "Bob Dylan",
        "meta": "@sys.music-artist",
        "alias": "artist",
        "userDefined": false
      }
    ],
    "isTemplate": false,
    "count": 0,
    "lang": "en-us",
    "updated": 0
  },
  {
    "id": "5d7841b4-70fe-4136-9387-ca4524380e80",
    "data": [
      {
        "text": "download a song ",
        "userDefined": false
      },
      {
        "text": "Never Dreamed You\u0027d Leave in Summer",
        "meta": "@song",
        "alias": "song",
        "userDefined": false
      }
    ],
    "isTemplate": false,
    "count": 0,
    "lang": "en-us",
    "updated": 0
  }
]