[
  {
    "id": "8c7264cf-18e5-4011-ba13-ddd9d7587913",
    "data": [
      {
        "text": "now find ",
        "userDefined": false
      },
      {
        "text": "Britney Spears",
        "meta": "@sys.music-artist",
        "alias": "artist",
        "userDefined": true
      }
    ],
    "isTemplate": false,
    "count": 0,
    "lang": "en-gb",
    "updated": 0
  },
  {
    "id": "e078fa89-06d6-478d-8d4d-00f6984befcf",
    "data": [
      {
        "text": "search for ",
        "userDefined": false
      },
      {
        "text": "Rihanna",
        "meta": "@sys.music-artist",
        "alias": "artist",
        "userDefined": false
      }
    ],
    "isTemplate": false,
    "count": 0,
    "lang": "en-gb",
    "updated": 0
  },
  {
    "id": "193126ac-f039-461f-9f34-f961deed9efb",
    "data": [
      {
        "text": "search for ",
        "userDefined": false
      },
      {
        "text": "Adele",
        "meta": "@sys.music-artist",
        "alias": "artist",
        "userDefined": true
      },
      {
        "text": " now",
        "userDefined": false
      }
    ],
    "isTemplate": false,
    "count": 0,
    "lang": "en-gb",
    "updated": 0
  },
  {
    "id": "19f8c7a9-d4f3-406d-805d-6c31e9e37780",
    "data": [
      {
        "text": "now find album ",
        "userDefined": false
      },
      {
        "text": "Burning up",
        "meta": "@music-album",
        "alias": "album",
        "userDefined": false
      }
    ],
    "isTemplate": false,
    "count": 0,
    "lang": "en-gb",
    "updated": 0
  },
  {
    "id": "15526493-1f23-4cc9-9dfd-eed43fe4a788",
    "data": [
      {
        "text": "now ",
        "userDefined": false
      },
      {
        "text": "YouTube",
        "meta": "@music-service",
        "alias": "service",
        "userDefined": true
      }
    ],
    "isTemplate": false,
    "count": 0,
    "lang": "en-gb",
    "updated": 0
  },
  {
    "id": "72de2ae0-9f66-41e9-9f97-5abb2d6d1d00",
    "data": [
      {
        "text": "now from ",
        "userDefined": false
      },
      {
        "text": "iTunes",
        "meta": "@music-service",
        "alias": "service",
        "userDefined": false
      }
    ],
    "isTemplate": false,
    "count": 0,
    "lang": "en-gb",
    "updated": 0
  },
  {
    "id": "4b54c1dc-2d85-4515-96d7-e93144aa5a66",
    "data": [
      {
        "text": "what about ",
        "userDefined": false
      },
      {
        "text": "Netflix",
        "meta": "@music-service",
        "alias": "service",
        "userDefined": false
      }
    ],
    "isTemplate": false,
    "count": 0,
    "lang": "en-gb",
    "updated": 0
  },
  {
    "id": "9607c5ad-aa4a-4418-bd60-ccf56ef7e288",
    "data": [
      {
        "text": "now find ",
        "userDefined": false
      },
      {
        "text": "jazz",
        "meta": "@sys.music-genre",
        "alias": "genre",
        "userDefined": true
      }
    ],
    "isTemplate": false,
    "count": 1,
    "lang": "en-gb",
    "updated": 0
  },
  {
    "id": "fb4bb0e8-5aba-4d5e-b7a7-8d7130a02d88",
    "data": [
      {
        "text": "now search ",
        "userDefined": false
      },
      {
        "text": "Rihanna",
        "meta": "@sys.music-artist",
        "alias": "artist",
        "userDefined": true
      },
      {
        "text": " ft ",
        "userDefined": false
      },
      {
        "text": "Eminem",
        "meta": "@sys.music-artist",
        "alias": "artist",
        "userDefined": true
      }
    ],
    "isTemplate": false,
    "count": 0,
    "lang": "en-gb",
    "updated": 0
  },
  {
    "id": "c1be4f7d-c80c-4374-9518-e60d082aea3b",
    "data": [
      {
        "text": "now search for ",
        "userDefined": false
      },
      {
        "text": "Diamonds",
        "meta": "@song",
        "alias": "song",
        "userDefined": false
      }
    ],
    "isTemplate": false,
    "count": 0,
    "lang": "en-gb",
    "updated": 0
  },
  {
    "id": "2c4c8e11-010a-4f72-9616-81940bd4686b",
    "data": [
      {
        "text": "now search for album ",
        "userDefined": false
      },
      {
        "text": "Lucky Star",
        "meta": "@music-album",
        "alias": "album",
        "userDefined": true
      }
    ],
    "isTemplate": false,
    "count": 0,
    "lang": "en-gb",
    "updated": 0
  },
  {
    "id": "13e59b31-06e9-4154-8f7a-a2cc7857d307",
    "data": [
      {
        "text": "now find ",
        "userDefined": false
      },
      {
        "text": "Monster",
        "meta": "@song",
        "alias": "song",
        "userDefined": false
      }
    ],
    "isTemplate": false,
    "count": 0,
    "lang": "en-gb",
    "updated": 0
  },
  {
    "id": "a2881d8c-d9f1-425d-bd33-b53b9f0e05e8",
    "data": [
      {
        "text": "now find ",
        "userDefined": false
      },
      {
        "text": "Summer",
        "meta": "@music-album",
        "alias": "album",
        "userDefined": false
      },
      {
        "text": " album",
        "userDefined": false
      }
    ],
    "isTemplate": false,
    "count": 0,
    "lang": "en-gb",
    "updated": 0
  },
  {
    "id": "8c6e9ca2-7c26-4852-a78e-6a665356b87c",
    "data": [
      {
        "text": "now find ",
        "userDefined": false
      },
      {
        "text": "jazz",
        "meta": "@sys.music-genre",
        "alias": "genre",
        "userDefined": true
      },
      {
        "text": " ",
        "userDefined": false
      },
      {
        "text": "music",
        "meta": "@sys.ignore",
        "userDefined": false
      }
    ],
    "isTemplate": false,
    "count": 0,
    "lang": "en-gb",
    "updated": 0
  },
  {
    "id": "2148d207-bc7b-422a-9816-afda76597c34",
    "data": [
      {
        "text": "now find ",
        "userDefined": false
      },
      {
        "text": "winter",
        "meta": "@playlist",
        "alias": "playlist",
        "userDefined": true
      },
      {
        "text": " playlist",
        "userDefined": false
      }
    ],
    "isTemplate": false,
    "count": 0,
    "lang": "en-gb",
    "updated": 0
  },
  {
    "id": "47ed8be9-7209-4abb-adc8-0a76ad5a49ed",
    "data": [
      {
        "text": "search ",
        "userDefined": false
      },
      {
        "text": "gym",
        "meta": "@playlist",
        "alias": "playlist",
        "userDefined": true
      },
      {
        "text": " playlist",
        "userDefined": false
      }
    ],
    "isTemplate": false,
    "count": 0,
    "lang": "en-gb",
    "updated": 0
  },
  {
    "id": "e1030986-6f9c-482d-a85b-d6e47f4f1272",
    "data": [
      {
        "text": "now songs about ",
        "userDefined": false
      },
      {
        "text": "love",
        "meta": "@song",
        "alias": "song",
        "userDefined": true
      }
    ],
    "isTemplate": false,
    "count": 0,
    "lang": "en-gb",
    "updated": 0
  },
  {
    "id": "d1e9877b-647c-4f87-9789-5ff2aea1cdb1",
    "data": [
      {
        "text": "now search for ",
        "userDefined": false
      },
      {
        "text": "jazz",
        "meta": "@sys.music-genre",
        "alias": "genre",
        "userDefined": true
      }
    ],
    "isTemplate": false,
    "count": 1,
    "lang": "en-gb",
    "updated": 0
  },
  {
    "id": "1d4ba3b6-1632-4f71-9b75-ecfabd13aa09",
    "data": [
      {
        "text": "now find album called ",
        "userDefined": false
      },
      {
        "text": "Let it be",
        "meta": "@music-album",
        "alias": "album",
        "userDefined": false
      }
    ],
    "isTemplate": false,
    "count": 0,
    "lang": "en-gb",
    "updated": 0
  },
  {
    "id": "64c2dc70-c6d0-48ba-8171-59e08ee78c3e",
    "data": [
      {
        "text": "now find ",
        "userDefined": false
      },
      {
        "text": "Hello",
        "meta": "@song",
        "alias": "song",
        "userDefined": true
      }
    ],
    "isTemplate": false,
    "count": 0,
    "lang": "en-gb",
    "updated": 0
  },
  {
    "id": "ae3eb737-00d0-475c-b1e6-b4db587e1688",
    "data": [
      {
        "text": "now ",
        "userDefined": false
      },
      {
        "text": "Elton John",
        "meta": "@sys.music-artist",
        "alias": "artist",
        "userDefined": false
      }
    ],
    "isTemplate": false,
    "count": 0,
    "lang": "en-gb",
    "updated": 0
  },
  {
    "id": "16aa15e5-4984-4183-8420-348712630b34",
    "data": [
      {
        "text": "now by ",
        "userDefined": false
      },
      {
        "text": "Madonna",
        "meta": "@sys.music-artist",
        "alias": "artist",
        "userDefined": false
      }
    ],
    "isTemplate": false,
    "count": 0,
    "lang": "en-gb",
    "updated": 0
  },
  {
    "id": "6f7b614c-028f-4c98-8fce-8fa9ec91c606",
    "data": [
      {
        "text": "now find ",
        "userDefined": false
      },
      {
        "text": "Hello",
        "meta": "@song",
        "alias": "song",
        "userDefined": true
      },
      {
        "text": " song",
        "userDefined": false
      }
    ],
    "isTemplate": false,
    "count": 0,
    "lang": "en-gb",
    "updated": 0
  },
  {
    "id": "0997b02d-ecca-445c-8706-6d7212aba176",
    "data": [
      {
        "text": "now ",
        "userDefined": false
      },
      {
        "text": "jazz",
        "meta": "@sys.music-genre",
        "alias": "genre",
        "userDefined": true
      }
    ],
    "isTemplate": false,
    "count": 0,
    "lang": "en-gb",
    "updated": 0
  },
  {
    "id": "edb3bbd3-34b6-4af9-985a-9c5c49ae3778",
    "data": [
      {
        "text": "now search for ",
        "userDefined": false
      },
      {
        "text": "Eminem",
        "meta": "@sys.music-artist",
        "alias": "artist",
        "userDefined": false
      }
    ],
    "isTemplate": false,
    "count": 0,
    "lang": "en-gb",
    "updated": 0
  },
  {
    "id": "fc1386ef-f1f4-40f4-ab44-53b47a035439",
    "data": [
      {
        "text": "now search for ",
        "userDefined": false
      },
      {
        "text": "work",
        "meta": "@playlist",
        "alias": "playlist",
        "userDefined": true
      },
      {
        "text": " playlist",
        "userDefined": false
      }
    ],
    "isTemplate": false,
    "count": 0,
    "lang": "en-gb",
    "updated": 0
  },
  {
    "id": "c1e7cfb6-ced8-463b-8023-4cf958989410",
    "data": [
      {
        "text": "now ",
        "userDefined": false
      },
      {
        "text": "on",
        "meta": "@sys.ignore",
        "userDefined": false
      },
      {
        "text": " ",
        "userDefined": false
      },
      {
        "text": "Spotify",
        "meta": "@music-service",
        "alias": "service",
        "userDefined": true
      }
    ],
    "isTemplate": false,
    "count": 0,
    "lang": "en-gb",
    "updated": 0
  },
  {
    "id": "f541a8a9-3067-4fab-88c8-db8a52e68408",
    "data": [
      {
        "text": "how about ",
        "userDefined": false
      },
      {
        "text": "Pandora",
        "meta": "@music-service",
        "alias": "service",
        "userDefined": true
      }
    ],
    "isTemplate": false,
    "count": 0,
    "lang": "en-gb",
    "updated": 0
  },
  {
    "id": "aa9d8f74-c088-48a6-9a9e-2af9cfabcc9e",
    "data": [
      {
        "text": "find another ",
        "userDefined": false
      },
      {
        "text": "one",
        "meta": "@sys.ignore",
        "userDefined": false
      }
    ],
    "isTemplate": false,
    "count": 0,
    "lang": "en-gb",
    "updated": 0
  },
  {
    "id": "57e75c74-2390-40fe-9128-29b9f4a97012",
    "data": [
      {
        "text": "find ",
        "userDefined": false
      },
      {
        "text": "Take 5",
        "meta": "@song",
        "alias": "song",
        "userDefined": false
      }
    ],
    "isTemplate": false,
    "count": 0,
    "lang": "en-gb",
    "updated": 0
  }
]