[
  {
    "id": "a3d6fa55-5787-43e8-a036-9400800eae92",
    "data": [
      {
        "text": "search up ",
        "userDefined": false
      },
      {
        "text": "Monster",
        "meta": "@song",
        "alias": "song",
        "userDefined": true
      },
      {
        "text": " by ",
        "userDefined": false
      },
      {
        "text": "Rihanna",
        "meta": "@sys.music-artist",
        "alias": "artist",
        "userDefined": true
      },
      {
        "text": " feat ",
        "userDefined": false
      },
      {
        "text": "Eminem",
        "meta": "@sys.music-artist",
        "alias": "artist",
        "userDefined": true
      }
    ],
    "isTemplate": false,
    "count": 0,
    "lang": "en",
    "updated": 0
  },
  {
    "id": "203849cd-5c58-4846-9224-b2bf096a7cb1",
    "data": [
      {
        "text": "could you search for ",
        "userDefined": false
      },
      {
        "text": "jazz",
        "meta": "@sys.music-genre",
        "alias": "genre",
        "userDefined": true
      },
      {
        "text": " music",
        "userDefined": false
      }
    ],
    "isTemplate": false,
    "count": 0,
    "lang": "en",
    "updated": 0
  },
  {
    "id": "59c3050a-fd41-4f6e-b4ad-6319c239d07e",
    "data": [
      {
        "text": "can you find ",
        "userDefined": false
      },
      {
        "text": "Champagne Supernova",
        "meta": "@song",
        "alias": "song",
        "userDefined": true
      },
      {
        "text": " from ",
        "userDefined": false
      },
      {
        "text": "Oasis",
        "meta": "@sys.music-artist",
        "alias": "artist",
        "userDefined": true
      }
    ],
    "isTemplate": false,
    "count": 0,
    "lang": "en",
    "updated": 0
  },
  {
    "id": "fb9d5b71-df28-48ff-a97d-882d355288f7",
    "data": [
      {
        "text": "find me a song with ",
        "userDefined": false
      },
      {
        "text": "Lil Wayne",
        "meta": "@sys.music-artist",
        "alias": "artist",
        "userDefined": true
      }
    ],
    "isTemplate": false,
    "count": 0,
    "lang": "en",
    "updated": 0
  },
  {
    "id": "fb0ed501-9ca9-45fa-9789-a1adea0f1ee1",
    "data": [
      {
        "text": "find ",
        "userDefined": false
      },
      {
        "text": "Ghost Town",
        "meta": "@song",
        "alias": "song",
        "userDefined": true
      }
    ],
    "isTemplate": false,
    "count": 0,
    "lang": "en",
    "updated": 0
  },
  {
    "id": "afe04ba5-6d04-41b1-953a-7ff67a8a01a1",
    "data": [
      {
        "text": "find ",
        "userDefined": false
      },
      {
        "text": "my faves",
        "meta": "@playlist",
        "alias": "playlist",
        "userDefined": true
      },
      {
        "text": " playlist",
        "userDefined": false
      }
    ],
    "isTemplate": false,
    "count": 0,
    "lang": "en",
    "updated": 0
  },
  {
    "id": "e4a31742-0e84-446c-8a52-64aaeabebbfb",
    "data": [
      {
        "text": "search",
        "meta": "@sys.ignore",
        "userDefined": false
      },
      {
        "text": " a ",
        "userDefined": false
      },
      {
        "text": "song",
        "meta": "@sys.ignore",
        "userDefined": false
      },
      {
        "text": " ",
        "userDefined": false
      },
      {
        "text": "on",
        "meta": "@sys.ignore",
        "userDefined": false
      },
      {
        "text": " ",
        "userDefined": false
      },
      {
        "text": "YouTube",
        "meta": "@music-service",
        "alias": "service",
        "userDefined": true
      }
    ],
    "isTemplate": false,
    "count": 0,
    "lang": "en",
    "updated": 0
  },
  {
    "id": "0ad1112a-823a-4fd2-a316-e84f48618dae",
    "data": [
      {
        "text": "find me the song",
        "userDefined": false
      }
    ],
    "isTemplate": false,
    "count": 0,
    "lang": "en",
    "updated": 0
  },
  {
    "id": "8565d620-dff9-4901-b858-dba76973b3bc",
    "data": [
      {
        "text": "find ",
        "userDefined": false
      },
      {
        "text": "Walking with a Ghost",
        "meta": "@song",
        "alias": "song",
        "userDefined": true
      },
      {
        "text": " by ",
        "userDefined": false
      },
      {
        "text": "Tegan and Sara",
        "meta": "@sys.music-artist",
        "alias": "artist",
        "userDefined": true
      }
    ],
    "isTemplate": false,
    "count": 0,
    "lang": "en",
    "updated": 0
  },
  {
    "id": "5ca47670-8316-4e80-a8ad-0a82280a22a0",
    "data": [
      {
        "text": "find music on ",
        "userDefined": false
      },
      {
        "text": "Spotify",
        "meta": "@music-service",
        "alias": "service",
        "userDefined": true
      }
    ],
    "isTemplate": false,
    "count": 0,
    "lang": "en",
    "updated": 0
  },
  {
    "id": "f8f03129-7a54-43cb-bee4-dcd1c42ed7dc",
    "data": [
      {
        "text": "can",
        "meta": "@sys.ignore",
        "userDefined": false
      },
      {
        "text": " you ",
        "userDefined": false
      },
      {
        "text": "search",
        "meta": "@sys.ignore",
        "userDefined": false
      },
      {
        "text": " a ",
        "userDefined": false
      },
      {
        "text": "song",
        "meta": "@sys.ignore",
        "userDefined": false
      },
      {
        "text": " by ",
        "userDefined": false
      },
      {
        "text": "Taylor Swift",
        "meta": "@sys.music-artist",
        "alias": "artist",
        "userDefined": false
      },
      {
        "text": " ",
        "userDefined": false
      },
      {
        "text": "on",
        "meta": "@sys.ignore",
        "userDefined": false
      },
      {
        "text": " ",
        "userDefined": false
      },
      {
        "text": "YouTube",
        "meta": "@music-service",
        "alias": "service",
        "userDefined": false
      }
    ],
    "isTemplate": false,
    "count": 0,
    "lang": "en",
    "updated": 0
  },
  {
    "id": "480e116e-8200-48aa-a048-b232c6c40883",
    "data": [
      {
        "text": "find some ",
        "userDefined": false
      },
      {
        "text": "music",
        "meta": "@sys.ignore",
        "userDefined": true
      }
    ],
    "isTemplate": false,
    "count": 0,
    "lang": "en",
    "updated": 0
  },
  {
    "id": "07a1457e-bb0a-467b-88d0-2c5e9752350a",
    "data": [
      {
        "text": "find ",
        "userDefined": false
      },
      {
        "text": "Depeche Mode",
        "meta": "@sys.music-artist",
        "alias": "artist",
        "userDefined": true
      },
      {
        "text": " ",
        "userDefined": false
      },
      {
        "text": "on",
        "meta": "@sys.ignore",
        "userDefined": true
      },
      {
        "text": " ",
        "userDefined": false
      },
      {
        "text": "Spotify",
        "meta": "@music-service",
        "alias": "service",
        "userDefined": true
      }
    ],
    "isTemplate": false,
    "count": 0,
    "lang": "en",
    "updated": 0
  },
  {
    "id": "a0c5c36d-90ff-45a6-a953-5010c166187f",
    "data": [
      {
        "text": "search",
        "meta": "@sys.ignore",
        "userDefined": true
      },
      {
        "text": " ",
        "userDefined": false
      },
      {
        "text": "top",
        "meta": "@music-sort",
        "alias": "sort",
        "userDefined": true
      },
      {
        "text": " ",
        "userDefined": false
      },
      {
        "text": "10",
        "meta": "@sys.number",
        "alias": "amount",
        "userDefined": true
      },
      {
        "text": " songs from ",
        "userDefined": false
      },
      {
        "text": "2014",
        "meta": "@sys.number",
        "alias": "start-year",
        "userDefined": true
      }
    ],
    "isTemplate": false,
    "count": 0,
    "lang": "en",
    "updated": 0
  },
  {
    "id": "ce8f1adb-c46f-4067-b105-fe691abc575e",
    "data": [
      {
        "text": "search me a ",
        "userDefined": false
      },
      {
        "text": "Nicki Minaj",
        "meta": "@sys.music-artist",
        "alias": "artist",
        "userDefined": true
      },
      {
        "text": " song",
        "userDefined": false
      }
    ],
    "isTemplate": false,
    "count": 0,
    "lang": "en",
    "updated": 0
  },
  {
    "id": "5693a635-a874-4b3b-9cd3-0605a1c34d33",
    "data": [
      {
        "text": "help me find a song",
        "userDefined": false
      }
    ],
    "isTemplate": false,
    "count": 0,
    "lang": "en",
    "updated": 0
  },
  {
    "id": "a08881f9-9fdc-43ec-8796-a19377247e08",
    "data": [
      {
        "text": "find some tracks for ",
        "userDefined": false
      },
      {
        "text": "me",
        "meta": "@sys.ignore",
        "userDefined": true
      }
    ],
    "isTemplate": false,
    "count": 0,
    "lang": "en",
    "updated": 0
  },
  {
    "id": "19d95e12-c69c-48bd-ad5f-ad0a34c4b212",
    "data": [
      {
        "text": "search",
        "meta": "@sys.ignore",
        "userDefined": false
      },
      {
        "text": " ",
        "userDefined": false
      },
      {
        "text": "Japanese",
        "meta": "@sys.language",
        "alias": "language",
        "userDefined": false
      },
      {
        "text": " ",
        "userDefined": false
      },
      {
        "text": "music",
        "meta": "@sys.ignore",
        "userDefined": false
      }
    ],
    "isTemplate": false,
    "count": 0,
    "lang": "en",
    "updated": 0
  },
  {
    "id": "ae4685eb-4997-4bec-9903-947d399aec8a",
    "data": [
      {
        "text": "can",
        "meta": "@sys.ignore",
        "userDefined": false
      },
      {
        "text": " you find ",
        "userDefined": false
      },
      {
        "text": "me",
        "meta": "@sys.ignore",
        "userDefined": false
      },
      {
        "text": " some ",
        "userDefined": false
      },
      {
        "text": "classic",
        "meta": "@sys.music-genre",
        "alias": "genre",
        "userDefined": true
      },
      {
        "text": " ",
        "userDefined": false
      },
      {
        "text": "music",
        "meta": "@sys.ignore",
        "userDefined": false
      }
    ],
    "isTemplate": false,
    "count": 0,
    "lang": "en",
    "updated": 0
  },
  {
    "id": "e8fc11aa-bcbe-46ed-984c-41108ac4d977",
    "data": [
      {
        "text": "find ",
        "userDefined": false
      },
      {
        "text": "Adele",
        "meta": "@sys.music-artist",
        "alias": "artist",
        "userDefined": true
      }
    ],
    "isTemplate": false,
    "count": 0,
    "lang": "en",
    "updated": 0
  },
  {
    "id": "305761e8-f519-4d9d-b6bf-92e06b9d1f3e",
    "data": [
      {
        "text": "search for ",
        "userDefined": false
      },
      {
        "text": "newest",
        "meta": "@music-sort",
        "alias": "sort",
        "userDefined": true
      },
      {
        "text": " songs by ",
        "userDefined": false
      },
      {
        "text": "Maroon 5",
        "meta": "@sys.music-artist",
        "alias": "artist",
        "userDefined": true
      }
    ],
    "isTemplate": false,
    "count": 0,
    "lang": "en",
    "updated": 0
  },
  {
    "id": "eec4fa71-944d-4216-b6ab-07ff87d23454",
    "data": [
      {
        "text": "find the song ",
        "userDefined": false
      },
      {
        "text": "Bailando",
        "meta": "@song",
        "alias": "song",
        "userDefined": true
      },
      {
        "text": " by ",
        "userDefined": false
      },
      {
        "text": "Enrique Iglesias",
        "meta": "@sys.music-artist",
        "alias": "artist",
        "userDefined": true
      }
    ],
    "isTemplate": false,
    "count": 0,
    "lang": "en",
    "updated": 0
  },
  {
    "id": "50b20d51-5367-4a35-9cfb-2026753994d8",
    "data": [
      {
        "text": "I\u0027d like to find ",
        "userDefined": false
      },
      {
        "text": "Madonna",
        "meta": "@sys.music-artist",
        "alias": "artist",
        "userDefined": true
      },
      {
        "text": "\u0027s album ",
        "userDefined": false
      },
      {
        "text": "Lucky Star",
        "meta": "@music-album",
        "alias": "album",
        "userDefined": true
      }
    ],
    "isTemplate": false,
    "count": 0,
    "lang": "en",
    "updated": 0
  },
  {
    "id": "a1c1efe6-14fb-434f-9a43-4184df19858d",
    "data": [
      {
        "text": "can you look up for a song name ",
        "userDefined": false
      },
      {
        "text": "Set fire to the rain",
        "meta": "@song",
        "alias": "song",
        "userDefined": true
      },
      {
        "text": " by ",
        "userDefined": false
      },
      {
        "text": "Adele",
        "meta": "@sys.music-artist",
        "alias": "artist",
        "userDefined": true
      }
    ],
    "isTemplate": false,
    "count": 0,
    "lang": "en",
    "updated": 0
  },
  {
    "id": "9b2240b7-986b-40c3-a952-ab4688a2d4c5",
    "data": [
      {
        "text": "look up the song ",
        "userDefined": false
      },
      {
        "text": "Thank you",
        "meta": "@song",
        "alias": "song",
        "userDefined": true
      },
      {
        "text": " by ",
        "userDefined": false
      },
      {
        "text": "Dido",
        "meta": "@sys.music-artist",
        "alias": "artist",
        "userDefined": true
      }
    ],
    "isTemplate": false,
    "count": 0,
    "lang": "en",
    "updated": 0
  },
  {
    "id": "219ae5b4-2944-4aa7-a2a7-9cb0da8fc4cf",
    "data": [
      {
        "text": "search ",
        "userDefined": false
      },
      {
        "text": "Britney Spears",
        "meta": "@sys.music-artist",
        "alias": "artist",
        "userDefined": true
      },
      {
        "text": " ",
        "userDefined": false
      },
      {
        "text": "music",
        "meta": "@sys.ignore",
        "userDefined": true
      }
    ],
    "isTemplate": false,
    "count": 0,
    "lang": "en",
    "updated": 0
  },
  {
    "id": "ebb2d5a6-17a3-480b-b866-4388da71a304",
    "data": [
      {
        "text": "find me a song",
        "userDefined": false
      }
    ],
    "isTemplate": false,
    "count": 0,
    "lang": "en",
    "updated": 0
  },
  {
    "id": "86d1adf5-82e3-4785-9fad-2af446c41046",
    "data": [
      {
        "text": "can you find the song",
        "userDefined": false
      }
    ],
    "isTemplate": false,
    "count": 0,
    "lang": "en",
    "updated": 0
  },
  {
    "id": "63171130-75a7-4856-8d4b-3181e483d00d",
    "data": [
      {
        "text": "search what ",
        "userDefined": false
      },
      {
        "text": "Prince",
        "meta": "@sys.music-artist",
        "alias": "artist",
        "userDefined": true
      },
      {
        "text": " wrote between ",
        "userDefined": false
      },
      {
        "text": "1980",
        "meta": "@sys.number",
        "alias": "start-year",
        "userDefined": true
      },
      {
        "text": " and ",
        "userDefined": false
      },
      {
        "text": "1999",
        "meta": "@sys.number",
        "alias": "end-year",
        "userDefined": true
      }
    ],
    "isTemplate": false,
    "count": 0,
    "lang": "en",
    "updated": 0
  },
  {
    "id": "72b7c957-8597-4ea6-be9a-aa83e4dd8f77",
    "data": [
      {
        "text": "search for ",
        "userDefined": false
      },
      {
        "text": "Bengali",
        "meta": "@sys.language",
        "alias": "language",
        "userDefined": true
      },
      {
        "text": " songs",
        "userDefined": false
      }
    ],
    "isTemplate": false,
    "count": 0,
    "lang": "en",
    "updated": 0
  },
  {
    "id": "5caaaa6a-8cf8-4924-aec3-4a34d5d890b8",
    "data": [
      {
        "text": "search",
        "meta": "@sys.ignore",
        "userDefined": true
      },
      {
        "text": " for ",
        "userDefined": false
      },
      {
        "text": "Dangerous",
        "meta": "@song",
        "alias": "song",
        "userDefined": true
      },
      {
        "text": " feat ",
        "userDefined": false
      },
      {
        "text": "Sam Martin",
        "meta": "@sys.music-artist",
        "alias": "artist",
        "userDefined": true
      },
      {
        "text": " by ",
        "userDefined": false
      },
      {
        "text": "David Guetta",
        "meta": "@sys.music-artist",
        "alias": "artist",
        "userDefined": true
      },
      {
        "text": " song ",
        "userDefined": false
      },
      {
        "text": "on",
        "meta": "@sys.ignore",
        "userDefined": true
      },
      {
        "text": " ",
        "userDefined": false
      },
      {
        "text": "Spotify",
        "meta": "@music-service",
        "alias": "service",
        "userDefined": true
      }
    ],
    "isTemplate": false,
    "count": 0,
    "lang": "en",
    "updated": 0
  },
  {
    "id": "57ae78ad-a9ec-4fcd-bfc5-bb46549a57ae",
    "data": [
      {
        "text": "find ",
        "userDefined": false
      },
      {
        "text": "rock",
        "meta": "@sys.music-genre",
        "alias": "genre",
        "userDefined": true
      },
      {
        "text": " ",
        "userDefined": false
      },
      {
        "text": "music",
        "meta": "@sys.ignore",
        "userDefined": true
      }
    ],
    "isTemplate": false,
    "count": 0,
    "lang": "en",
    "updated": 0
  },
  {
    "id": "20aa93e4-40eb-48cf-8ed2-c382011f58b9",
    "data": [
      {
        "text": "search for me a song",
        "userDefined": false
      }
    ],
    "isTemplate": false,
    "count": 0,
    "lang": "en",
    "updated": 0
  },
  {
    "id": "6720f8db-b629-4f31-bc34-3bba8d6a51de",
    "data": [
      {
        "text": "search for the song ",
        "userDefined": false
      },
      {
        "text": "Angel",
        "meta": "@song",
        "alias": "song",
        "userDefined": true
      },
      {
        "text": " by ",
        "userDefined": false
      },
      {
        "text": "Shaggy",
        "meta": "@sys.music-artist",
        "alias": "artist",
        "userDefined": true
      }
    ],
    "isTemplate": false,
    "count": 0,
    "lang": "en",
    "updated": 0
  },
  {
    "id": "90916dc1-192d-462c-9dd6-0d1dd203bb76",
    "data": [
      {
        "text": "can",
        "meta": "@sys.ignore",
        "userDefined": true
      },
      {
        "text": " ",
        "userDefined": false
      },
      {
        "text": "you find",
        "meta": "@sys.ignore",
        "userDefined": true
      },
      {
        "text": " ",
        "userDefined": false
      },
      {
        "text": "Ariana Grande",
        "meta": "@sys.music-artist",
        "alias": "artist",
        "userDefined": true
      },
      {
        "text": " for ",
        "userDefined": false
      },
      {
        "text": "me",
        "meta": "@sys.ignore",
        "userDefined": true
      }
    ],
    "isTemplate": false,
    "count": 0,
    "lang": "en",
    "updated": 0
  },
  {
    "id": "92a01728-1042-4d7a-8364-78435c8de983",
    "data": [
      {
        "text": "find the song ",
        "userDefined": false
      },
      {
        "text": "Lemonade",
        "meta": "@song",
        "alias": "song",
        "userDefined": true
      }
    ],
    "isTemplate": false,
    "count": 0,
    "lang": "en",
    "updated": 0
  },
  {
    "id": "5a2ab48a-057a-4514-a828-af733de52942",
    "data": [
      {
        "text": "can you search for me a song",
        "userDefined": false
      }
    ],
    "isTemplate": false,
    "count": 0,
    "lang": "en",
    "updated": 0
  },
  {
    "id": "47a48c55-b112-410a-891d-a434a34319ee",
    "data": [
      {
        "text": "find some ",
        "userDefined": false
      },
      {
        "text": "good",
        "meta": "@music-sort",
        "alias": "sort",
        "userDefined": true
      },
      {
        "text": " ",
        "userDefined": false
      },
      {
        "text": "music",
        "meta": "@sys.ignore",
        "userDefined": true
      },
      {
        "text": " for me",
        "userDefined": false
      }
    ],
    "isTemplate": false,
    "count": 0,
    "lang": "en",
    "updated": 0
  },
  {
    "id": "8421a22d-6ec7-4f90-8517-aa3a67a724dc",
    "data": [
      {
        "text": "find ",
        "userDefined": false
      },
      {
        "text": "Dangerous",
        "meta": "@song",
        "alias": "song",
        "userDefined": true
      },
      {
        "text": " by ",
        "userDefined": false
      },
      {
        "text": "Sam Martin",
        "meta": "@sys.music-artist",
        "alias": "artist",
        "userDefined": true
      },
      {
        "text": " feat ",
        "userDefined": false
      },
      {
        "text": "David Guetta",
        "meta": "@sys.music-artist",
        "alias": "artist",
        "userDefined": true
      }
    ],
    "isTemplate": false,
    "count": 0,
    "lang": "en",
    "updated": 0
  },
  {
    "id": "745d7847-e723-43cf-8f30-67d7b1b11d70",
    "data": [
      {
        "text": "can",
        "meta": "@sys.ignore",
        "userDefined": false
      },
      {
        "text": " you ",
        "userDefined": false
      },
      {
        "text": "search",
        "meta": "@sys.ignore",
        "userDefined": false
      },
      {
        "text": " some ",
        "userDefined": false
      },
      {
        "text": "good mood",
        "meta": "@sys.ignore",
        "userDefined": true
      },
      {
        "text": " ",
        "userDefined": false
      },
      {
        "text": "song",
        "meta": "@sys.ignore",
        "userDefined": false
      },
      {
        "text": " ",
        "userDefined": false
      },
      {
        "text": "in",
        "meta": "@sys.ignore",
        "userDefined": false
      },
      {
        "text": " ",
        "userDefined": false
      },
      {
        "text": "YouTube",
        "meta": "@music-service",
        "alias": "service",
        "userDefined": false
      }
    ],
    "isTemplate": false,
    "count": 0,
    "lang": "en",
    "updated": 0
  },
  {
    "id": "921c2911-d364-4162-82d0-a5b40088445b",
    "data": [
      {
        "text": "find a song",
        "userDefined": false
      }
    ],
    "isTemplate": false,
    "count": 0,
    "lang": "en",
    "updated": 0
  },
  {
    "id": "cd3defc7-91a9-48a7-8e08-336e40ff6e74",
    "data": [
      {
        "text": "could",
        "meta": "@sys.ignore",
        "userDefined": false
      },
      {
        "text": " you ",
        "userDefined": false
      },
      {
        "text": "search",
        "meta": "@sys.ignore",
        "userDefined": false
      },
      {
        "text": " ",
        "userDefined": false
      },
      {
        "text": "in",
        "meta": "@sys.ignore",
        "userDefined": false
      },
      {
        "text": " ",
        "userDefined": false
      },
      {
        "text": "YouTube",
        "meta": "@music-service",
        "alias": "service",
        "userDefined": false
      },
      {
        "text": " a ",
        "userDefined": false
      },
      {
        "text": "song",
        "meta": "@sys.ignore",
        "userDefined": false
      },
      {
        "text": " ",
        "userDefined": false
      },
      {
        "text": "of",
        "meta": "@sys.ignore",
        "userDefined": false
      },
      {
        "text": " ",
        "userDefined": false
      },
      {
        "text": "Queen",
        "meta": "@sys.music-artist",
        "alias": "artist",
        "userDefined": true
      }
    ],
    "isTemplate": false,
    "count": 0,
    "lang": "en",
    "updated": 0
  },
  {
    "id": "f4c9b7f5-b92a-476e-96eb-ee252411bc5a",
    "data": [
      {
        "text": "can you search for the song",
        "userDefined": false
      }
    ],
    "isTemplate": false,
    "count": 0,
    "lang": "en",
    "updated": 0
  },
  {
    "id": "2148f59e-942b-40cb-8f55-73d09af1e8a0",
    "data": [
      {
        "text": "can",
        "meta": "@sys.ignore",
        "userDefined": true
      },
      {
        "text": " ",
        "userDefined": false
      },
      {
        "text": "you",
        "meta": "@sys.ignore",
        "userDefined": true
      },
      {
        "text": " find me a song",
        "userDefined": false
      }
    ],
    "isTemplate": false,
    "count": 0,
    "lang": "en",
    "updated": 0
  },
  {
    "id": "9436dd2c-5f50-4c78-8c8e-672efed4d1ad",
    "data": [
      {
        "text": "find ",
        "userDefined": false
      },
      {
        "text": "Lorde",
        "meta": "@sys.music-artist",
        "alias": "artist",
        "userDefined": true
      },
      {
        "text": " song",
        "userDefined": false
      }
    ],
    "isTemplate": false,
    "count": 0,
    "lang": "en",
    "updated": 0
  },
  {
    "id": "8de0a98a-10f6-4bf7-a1f9-c7272fbf3b67",
    "data": [
      {
        "text": "find ",
        "userDefined": false
      },
      {
        "text": "French",
        "meta": "@sys.language",
        "alias": "language",
        "userDefined": true
      },
      {
        "text": " songs by ",
        "userDefined": false
      },
      {
        "text": "Joe Dassin",
        "meta": "@sys.music-artist",
        "alias": "artist",
        "userDefined": true
      }
    ],
    "isTemplate": false,
    "count": 0,
    "lang": "en",
    "updated": 0
  },
  {
    "id": "b400fd64-eb4d-43d3-a395-1f2273b2f27f",
    "data": [
      {
        "text": "look up another song",
        "userDefined": false
      }
    ],
    "isTemplate": false,
    "count": 0,
    "lang": "en",
    "updated": 0
  },
  {
    "id": "2328c93a-8a8c-4717-ac2a-2719fa3f42fc",
    "data": [
      {
        "text": "look for ",
        "userDefined": false
      },
      {
        "text": "The Beatles",
        "meta": "@sys.music-artist",
        "alias": "artist",
        "userDefined": true
      },
      {
        "text": " ",
        "userDefined": false
      },
      {
        "text": "music",
        "meta": "@sys.ignore",
        "userDefined": true
      }
    ],
    "isTemplate": false,
    "count": 0,
    "lang": "en",
    "updated": 0
  },
  {
    "id": "64a24089-4c16-4d17-a32f-a4f63ab8cedf",
    "data": [
      {
        "text": "find ",
        "userDefined": false
      },
      {
        "text": "White",
        "meta": "@music-album",
        "alias": "album",
        "userDefined": true
      },
      {
        "text": " album",
        "userDefined": false
      }
    ],
    "isTemplate": false,
    "count": 0,
    "lang": "en",
    "updated": 0
  },
  {
    "id": "c2d73a6e-dc94-4eac-8ddb-b57f8f7fbcd2",
    "data": [
      {
        "text": "find me for some good music on ",
        "userDefined": false
      },
      {
        "text": "Hindi",
        "meta": "@sys.language",
        "alias": "language",
        "userDefined": true
      }
    ],
    "isTemplate": false,
    "count": 0,
    "lang": "en",
    "updated": 0
  },
  {
    "id": "b1aa3db2-f6a2-4aaa-9377-d0597bd036d4",
    "data": [
      {
        "text": "find the ",
        "userDefined": false
      },
      {
        "text": "best",
        "meta": "@music-sort",
        "alias": "sort",
        "userDefined": true
      },
      {
        "text": " songs of ",
        "userDefined": false
      },
      {
        "text": "2016",
        "meta": "@sys.number",
        "alias": "start-year",
        "userDefined": true
      }
    ],
    "isTemplate": false,
    "count": 0,
    "lang": "en",
    "updated": 0
  },
  {
    "id": "f150d765-8dc2-44f0-8c4a-d4d005597f96",
    "data": [
      {
        "text": "top",
        "meta": "@music-sort",
        "alias": "sort",
        "userDefined": true
      },
      {
        "text": " songs ",
        "userDefined": false
      },
      {
        "text": "of",
        "meta": "@sys.ignore",
        "userDefined": true
      },
      {
        "text": " ",
        "userDefined": false
      },
      {
        "text": "2016",
        "meta": "@sys.number",
        "alias": "start-year",
        "userDefined": true
      }
    ],
    "isTemplate": false,
    "count": 0,
    "lang": "en",
    "updated": 0
  },
  {
    "id": "827fa7e9-4a16-4227-9787-bc16ebc228af",
    "data": [
      {
        "text": "search",
        "meta": "@sys.ignore",
        "userDefined": true
      },
      {
        "text": " ",
        "userDefined": false
      },
      {
        "text": "Britney Spears",
        "meta": "@sys.music-artist",
        "alias": "artist",
        "userDefined": true
      },
      {
        "text": " ",
        "userDefined": false
      },
      {
        "text": "Me Against the Music",
        "meta": "@song",
        "alias": "song",
        "userDefined": true
      },
      {
        "text": " feat ",
        "userDefined": false
      },
      {
        "text": "Madonna",
        "meta": "@sys.music-artist",
        "alias": "artist",
        "userDefined": true
      }
    ],
    "isTemplate": false,
    "count": 0,
    "lang": "en",
    "updated": 0
  },
  {
    "id": "3d6deae0-78d7-432a-9cc3-a25d254596cb",
    "data": [
      {
        "text": "search for a playlist ",
        "userDefined": false
      },
      {
        "text": "summer",
        "meta": "@playlist",
        "alias": "playlist",
        "userDefined": true
      }
    ],
    "isTemplate": false,
    "count": 0,
    "lang": "en",
    "updated": 0
  },
  {
    "id": "3d13f629-2713-44bd-8e5d-c07a6f073799",
    "data": [
      {
        "text": "find a song by ",
        "userDefined": false
      },
      {
        "text": "Madonna",
        "meta": "@sys.music-artist",
        "alias": "artist",
        "userDefined": true
      }
    ],
    "isTemplate": false,
    "count": 0,
    "lang": "en",
    "updated": 0
  },
  {
    "id": "0dec2530-292a-4346-a6bf-ba293cc56fc4",
    "data": [
      {
        "text": "look up a song for me",
        "userDefined": false
      }
    ],
    "isTemplate": false,
    "count": 0,
    "lang": "en",
    "updated": 0
  },
  {
    "id": "251f6fc9-7655-47e5-9cff-689f85098de3",
    "data": [
      {
        "text": "search",
        "meta": "@sys.ignore",
        "userDefined": true
      },
      {
        "text": " for ",
        "userDefined": false
      },
      {
        "text": "Ignition",
        "meta": "@song",
        "alias": "song",
        "userDefined": true
      },
      {
        "text": " by ",
        "userDefined": false
      },
      {
        "text": "R Kelly",
        "meta": "@sys.music-artist",
        "alias": "artist",
        "userDefined": true
      }
    ],
    "isTemplate": false,
    "count": 0,
    "lang": "en",
    "updated": 0
  },
  {
    "id": "d9b72173-f2ff-4215-83ed-bfa9aaeb0e44",
    "data": [
      {
        "text": "search a song ",
        "userDefined": false
      },
      {
        "text": "Thrift shop",
        "meta": "@song",
        "alias": "song",
        "userDefined": true
      }
    ],
    "isTemplate": false,
    "count": 0,
    "lang": "en",
    "updated": 0
  },
  {
    "id": "43968952-7446-4cba-a354-3d29f9121a8e",
    "data": [
      {
        "text": "find me ",
        "userDefined": false
      },
      {
        "text": "greatest",
        "meta": "@music-sort",
        "alias": "sort",
        "userDefined": true
      },
      {
        "text": " hits by ",
        "userDefined": false
      },
      {
        "text": "Metallica",
        "meta": "@sys.music-artist",
        "alias": "artist",
        "userDefined": true
      }
    ],
    "isTemplate": false,
    "count": 0,
    "lang": "en",
    "updated": 0
  },
  {
    "id": "6e0785cf-9db7-4604-9982-cbdd41f9525c",
    "data": [
      {
        "text": "find ",
        "userDefined": false
      },
      {
        "text": "Diamonds",
        "meta": "@song",
        "alias": "song",
        "userDefined": true
      },
      {
        "text": " on ",
        "userDefined": false
      },
      {
        "text": "Youtube",
        "meta": "@music-service",
        "alias": "service",
        "userDefined": true
      }
    ],
    "isTemplate": false,
    "count": 0,
    "lang": "en",
    "updated": 0
  },
  {
    "id": "677e666a-80fb-4fa5-b948-57788c0641d7",
    "data": [
      {
        "text": "find some song in ",
        "userDefined": false
      },
      {
        "text": "Hindi",
        "meta": "@sys.language",
        "alias": "language",
        "userDefined": true
      }
    ],
    "isTemplate": false,
    "count": 0,
    "lang": "en",
    "updated": 0
  },
  {
    "id": "5636b70d-164a-41d6-a3dc-66aaaab56dbc",
    "data": [
      {
        "text": "could you find the music",
        "userDefined": false
      }
    ],
    "isTemplate": false,
    "count": 0,
    "lang": "en",
    "updated": 0
  },
  {
    "id": "30e2e591-f1ee-41d2-b1c0-cc3d8b160887",
    "data": [
      {
        "text": "find my ",
        "userDefined": false
      },
      {
        "text": "music",
        "meta": "@sys.ignore",
        "userDefined": false
      }
    ],
    "isTemplate": false,
    "count": 0,
    "lang": "en",
    "updated": 0
  },
  {
    "id": "dbc5c49e-0866-497b-ab57-257887b16ab5",
    "data": [
      {
        "text": "find me the song ",
        "userDefined": false
      },
      {
        "text": "Greatness Of Our God",
        "meta": "@song",
        "alias": "song",
        "userDefined": true
      }
    ],
    "isTemplate": false,
    "count": 0,
    "lang": "en",
    "updated": 0
  },
  {
    "id": "e24a808e-9f42-4a91-b425-411f03ed3e6b",
    "data": [
      {
        "text": "search for cool ",
        "userDefined": false
      },
      {
        "text": "rap",
        "meta": "@sys.music-genre",
        "alias": "genre",
        "userDefined": true
      },
      {
        "text": " music",
        "userDefined": false
      }
    ],
    "isTemplate": false,
    "count": 0,
    "lang": "en",
    "updated": 0
  },
  {
    "id": "5fc79ab3-bb28-4382-b83b-9d1e3e8a6b1a",
    "data": [
      {
        "text": "find the ",
        "userDefined": false
      },
      {
        "text": "greatest",
        "meta": "@music-sort",
        "alias": "sort",
        "userDefined": true
      },
      {
        "text": " songs",
        "userDefined": false
      }
    ],
    "isTemplate": false,
    "count": 0,
    "lang": "en",
    "updated": 0
  },
  {
    "id": "592f1235-1d5b-4e67-8ccc-5101ab4af983",
    "data": [
      {
        "text": "find music",
        "userDefined": false
      }
    ],
    "isTemplate": false,
    "count": 0,
    "lang": "en",
    "updated": 0
  },
  {
    "id": "608944b7-6757-4be5-8571-57a1d4532712",
    "data": [
      {
        "text": "I\u0027d like to search for a song",
        "userDefined": false
      }
    ],
    "isTemplate": false,
    "count": 0,
    "lang": "en",
    "updated": 0
  },
  {
    "id": "7a96c6dd-8101-4a1c-b6ba-e9f83b6efeea",
    "data": [
      {
        "text": "find ",
        "userDefined": false
      },
      {
        "text": "Blackbird",
        "meta": "@song",
        "alias": "song",
        "userDefined": true
      },
      {
        "text": " song",
        "userDefined": false
      }
    ],
    "isTemplate": false,
    "count": 1,
    "lang": "en",
    "updated": 0
  },
  {
    "id": "691fc58e-b398-4ba0-abc6-f516a51bb08d",
    "data": [
      {
        "text": "find how about some music",
        "userDefined": false
      }
    ],
    "isTemplate": false,
    "count": 0,
    "lang": "en",
    "updated": 0
  },
  {
    "id": "cb8447b5-8ea6-41ba-8951-5414bab494ed",
    "data": [
      {
        "text": "find a ",
        "userDefined": false
      },
      {
        "text": "relaxing",
        "meta": "@playlist",
        "alias": "playlist",
        "userDefined": true
      },
      {
        "text": " playlist",
        "userDefined": false
      }
    ],
    "isTemplate": false,
    "count": 0,
    "lang": "en",
    "updated": 0
  },
  {
    "id": "0a13c5db-06d7-44d0-87d1-bf0ff3c3e30f",
    "data": [
      {
        "text": "search for the song ",
        "userDefined": false
      },
      {
        "text": "Bass pedal",
        "meta": "@song",
        "alias": "song",
        "userDefined": true
      }
    ],
    "isTemplate": false,
    "count": 0,
    "lang": "en",
    "updated": 0
  },
  {
    "id": "5a85189c-701b-4a97-91c7-a46d97848634",
    "data": [
      {
        "text": "search up the song ",
        "userDefined": false
      },
      {
        "text": "I need to feel loved",
        "meta": "@song",
        "alias": "song",
        "userDefined": true
      }
    ],
    "isTemplate": false,
    "count": 0,
    "lang": "en",
    "updated": 0
  },
  {
    "id": "5436b7f5-3330-4c5b-91b4-de0957b986e9",
    "data": [
      {
        "text": "look up the ",
        "userDefined": false
      },
      {
        "text": "song",
        "meta": "@sys.ignore",
        "userDefined": true
      },
      {
        "text": " ",
        "userDefined": false
      },
      {
        "text": "Diamonds",
        "meta": "@song",
        "alias": "song",
        "userDefined": true
      }
    ],
    "isTemplate": false,
    "count": 0,
    "lang": "en",
    "updated": 0
  },
  {
    "id": "2cecfcfd-4939-4666-a312-1ecc8b10f328",
    "data": [
      {
        "text": "can you find me the song called ",
        "userDefined": false
      },
      {
        "text": "Maria",
        "meta": "@song",
        "alias": "song",
        "userDefined": true
      }
    ],
    "isTemplate": false,
    "count": 0,
    "lang": "en",
    "updated": 0
  },
  {
    "id": "df4b2e94-eada-4908-8c46-cc0e53f9a7c9",
    "data": [
      {
        "text": "search",
        "meta": "@sys.ignore",
        "userDefined": true
      },
      {
        "text": " ",
        "userDefined": false
      },
      {
        "text": "Adele",
        "meta": "@sys.music-artist",
        "alias": "artist",
        "userDefined": true
      },
      {
        "text": "\u0027s ",
        "userDefined": false
      },
      {
        "text": "Hello",
        "meta": "@song",
        "alias": "song",
        "userDefined": true
      }
    ],
    "isTemplate": false,
    "count": 0,
    "lang": "en",
    "updated": 0
  }
]