[
  {
    "id": "7564e104-c6bf-458d-b9a7-a3bd486c3448",
    "data": [
      {
        "text": "play the song you played before",
        "userDefined": false
      }
    ],
    "isTemplate": false,
    "count": 0,
    "lang": "en-au",
    "updated": 0
  },
  {
    "id": "a2c104cc-3767-47c9-96f5-4b9c1c5fe535",
    "data": [
      {
        "text": "play the song before this",
        "userDefined": false
      }
    ],
    "isTemplate": false,
    "count": 0,
    "lang": "en-au",
    "updated": 0
  },
  {
    "id": "7f83a0dd-5354-41c6-8233-b2f63e6e4020",
    "data": [
      {
        "text": "play the previous song",
        "userDefined": false
      }
    ],
    "isTemplate": false,
    "count": 0,
    "lang": "en-au",
    "updated": 0
  },
  {
    "id": "bb8be01d-f19a-4247-bac4-bad772e90131",
    "data": [
      {
        "text": "previous song",
        "userDefined": false
      }
    ],
    "isTemplate": false,
    "count": 1,
    "lang": "en-au",
    "updated": 0
  },
  {
    "id": "b468ab5c-f8ac-4a36-b085-702b34cd1b4d",
    "data": [
      {
        "text": "skip ",
        "userDefined": false
      },
      {
        "text": "to",
        "meta": "@sys.ignore",
        "userDefined": true
      },
      {
        "text": " previous",
        "userDefined": false
      }
    ],
    "isTemplate": false,
    "count": 0,
    "lang": "en-au",
    "updated": 0
  },
  {
    "id": "ba65c75e-06dc-456b-93fb-c2c48c69ed5f",
    "data": [
      {
        "text": "previous station",
        "userDefined": false
      }
    ],
    "isTemplate": false,
    "count": 0,
    "lang": "en-au",
    "updated": 0
  },
  {
    "id": "c1cd2204-75be-418b-b0bb-a7802f65b5be",
    "data": [
      {
        "text": "skip back",
        "userDefined": false
      }
    ],
    "isTemplate": false,
    "count": 0,
    "lang": "en-au",
    "updated": 0
  },
  {
    "id": "af50cef1-af00-49de-859a-1429bc5be307",
    "data": [
      {
        "text": "previous",
        "userDefined": false
      }
    ],
    "isTemplate": false,
    "count": 0,
    "lang": "en-au",
    "updated": 0
  },
  {
    "id": "e55956a0-873e-4313-8799-dd89062c89a5",
    "data": [
      {
        "text": "go back to previous",
        "userDefined": false
      }
    ],
    "isTemplate": false,
    "count": 0,
    "lang": "en-au",
    "updated": 0
  },
  {
    "id": "00195f96-a9b1-427f-9020-b86f68fede55",
    "data": [
      {
        "text": "go back to previous station",
        "userDefined": false
      }
    ],
    "isTemplate": false,
    "count": 0,
    "lang": "en-au",
    "updated": 0
  },
  {
    "id": "be749ff7-8b5e-4b72-b664-79745badf08c",
    "data": [
      {
        "text": "go to previous",
        "userDefined": false
      }
    ],
    "isTemplate": false,
    "count": 0,
    "lang": "en-au",
    "updated": 0
  },
  {
    "id": "30d19174-4fa1-4e40-be3e-2cc9ec220c97",
    "data": [
      {
        "text": "skip backward",
        "userDefined": false
      }
    ],
    "isTemplate": false,
    "count": 0,
    "lang": "en-au",
    "updated": 0
  },
  {
    "id": "aa782105-432f-47f9-be4c-13f50bd373d5",
    "data": [
      {
        "text": "skip to the previous song",
        "userDefined": false
      }
    ],
    "isTemplate": false,
    "count": 0,
    "lang": "en-au",
    "updated": 0
  },
  {
    "id": "db33bb6a-5829-4d1b-a426-d195fdbb166d",
    "data": [
      {
        "text": "go back",
        "userDefined": false
      }
    ],
    "isTemplate": false,
    "count": 0,
    "lang": "en-au",
    "updated": 0
  },
  {
    "id": "1ff4bb0c-657c-42b8-bdf7-99cd1bd96e8e",
    "data": [
      {
        "text": "back",
        "meta": "@sys.ignore",
        "userDefined": true
      },
      {
        "text": " ",
        "userDefined": false
      },
      {
        "text": "up",
        "meta": "@sys.ignore",
        "userDefined": true
      },
      {
        "text": " a ",
        "userDefined": false
      },
      {
        "text": "track",
        "meta": "@sys.ignore",
        "userDefined": true
      }
    ],
    "isTemplate": false,
    "count": 0,
    "lang": "en-au",
    "updated": 0
  },
  {
    "id": "80621443-79cd-4d72-b35c-34e2aa298239",
    "data": [
      {
        "text": "back",
        "userDefined": false
      }
    ],
    "isTemplate": false,
    "count": 0,
    "lang": "en-au",
    "updated": 0
  },
  {
    "id": "96fdd975-b24a-4bd0-a560-ebcad0d74cf1",
    "data": [
      {
        "text": "skip to the back",
        "userDefined": false
      }
    ],
    "isTemplate": false,
    "count": 0,
    "lang": "en-au",
    "updated": 0
  },
  {
    "id": "4b06dc86-d371-4f20-8258-cc3f7f5c2cff",
    "data": [
      {
        "text": "go back to previous song",
        "userDefined": false
      }
    ],
    "isTemplate": false,
    "count": 0,
    "lang": "en-au",
    "updated": 0
  }
]