[
  {
    "id": "ec3c9495-7c95-465a-a95f-31ad6fa0fe10",
    "data": [
      {
        "text": "save ",
        "userDefined": false
      },
      {
        "text": "this",
        "meta": "@sys.ignore",
        "userDefined": true
      },
      {
        "text": " song to my ",
        "userDefined": false
      },
      {
        "text": "Workout",
        "meta": "@sys.any",
        "alias": "playlist",
        "userDefined": true
      },
      {
        "text": " playlist",
        "userDefined": false
      }
    ],
    "isTemplate": false,
    "count": 0,
    "lang": "en-in",
    "updated": 0
  },
  {
    "id": "95c89a8f-aeef-4561-b0fc-a4250c63e30f",
    "data": [
      {
        "text": "move it to the ",
        "userDefined": false
      },
      {
        "text": "Gym",
        "meta": "@sys.any",
        "alias": "playlist",
        "userDefined": true
      },
      {
        "text": " playlist",
        "userDefined": false
      }
    ],
    "isTemplate": false,
    "count": 0,
    "lang": "en-in",
    "updated": 0
  },
  {
    "id": "2f5adcdf-5f2e-4497-95b5-30ab03cefae1",
    "data": [
      {
        "text": "put it on my ",
        "userDefined": false
      },
      {
        "text": "Late Night",
        "meta": "@sys.any",
        "alias": "playlist",
        "userDefined": true
      },
      {
        "text": " playlist",
        "userDefined": false
      }
    ],
    "isTemplate": false,
    "count": 0,
    "lang": "en-in",
    "updated": 0
  },
  {
    "id": "ce4d1ab3-4fca-44bf-95a2-f4277cde413c",
    "data": [
      {
        "text": "put it into the playlist ",
        "userDefined": false
      },
      {
        "text": "Running",
        "meta": "@sys.any",
        "alias": "playlist",
        "userDefined": true
      }
    ],
    "isTemplate": false,
    "count": 0,
    "lang": "en-in",
    "updated": 0
  },
  {
    "id": "e452a254-33a0-443a-aac2-aa94e0a899da",
    "data": [
      {
        "text": "save ",
        "userDefined": false
      },
      {
        "text": "this",
        "meta": "@sys.ignore",
        "userDefined": false
      },
      {
        "text": " track in my playlist",
        "userDefined": false
      }
    ],
    "isTemplate": false,
    "count": 0,
    "lang": "en-in",
    "updated": 0
  },
  {
    "id": "b503833d-db6c-44d9-999c-6cfd1dbabec2",
    "data": [
      {
        "text": "add it to the playlist ",
        "userDefined": false
      },
      {
        "text": "Yoga",
        "meta": "@sys.any",
        "alias": "playlist",
        "userDefined": false
      }
    ],
    "isTemplate": false,
    "count": 0,
    "lang": "en-in",
    "updated": 0
  },
  {
    "id": "fb6fe1ba-f8c1-4075-b9d0-7dc12b221b2c",
    "data": [
      {
        "text": "add ",
        "userDefined": false
      },
      {
        "text": "this",
        "meta": "@sys.ignore",
        "userDefined": true
      },
      {
        "text": " song to my playlist",
        "userDefined": false
      }
    ],
    "isTemplate": false,
    "count": 0,
    "lang": "en-in",
    "updated": 0
  }
]