[
  {
    "id": "3db03f79-134e-4fa1-a53e-8e32b6921570",
    "data": [
      {
        "text": "stop it right there",
        "userDefined": false
      }
    ],
    "isTemplate": false,
    "count": 0,
    "lang": "en-in",
    "updated": 0
  },
  {
    "id": "33da440f-86b0-4266-acc9-6945e52122cc",
    "data": [
      {
        "text": "stop the song right there",
        "userDefined": false
      }
    ],
    "isTemplate": false,
    "count": 0,
    "lang": "en-in",
    "updated": 0
  },
  {
    "id": "ce6c78d5-3315-4cac-8761-fd8bfcb09374",
    "data": [
      {
        "text": "pause playing",
        "userDefined": false
      }
    ],
    "isTemplate": false,
    "count": 0,
    "lang": "en-in",
    "updated": 0
  },
  {
    "id": "c4d59a80-47c6-495f-b8b5-5ca41d15a101",
    "data": [
      {
        "text": "pause this song",
        "userDefined": false
      }
    ],
    "isTemplate": false,
    "count": 0,
    "lang": "en-in",
    "updated": 0
  },
  {
    "id": "efa23e72-741c-4f9f-ba23-8d70c90333ff",
    "data": [
      {
        "text": "pause song",
        "userDefined": false
      }
    ],
    "isTemplate": false,
    "count": 0,
    "lang": "en-in",
    "updated": 0
  },
  {
    "id": "2b3b41f5-4896-40ee-a9ff-47314dda0f9f",
    "data": [
      {
        "text": "pause",
        "userDefined": false
      }
    ],
    "isTemplate": false,
    "count": 0,
    "lang": "en-in",
    "updated": 0
  },
  {
    "id": "c24d5f31-7140-4114-b090-9bc87cc0eb2a",
    "data": [
      {
        "text": "can you pause ",
        "userDefined": false
      },
      {
        "text": "it",
        "meta": "@sys.ignore",
        "userDefined": false
      }
    ],
    "isTemplate": false,
    "count": 0,
    "lang": "en-in",
    "updated": 0
  },
  {
    "id": "6cefc0c9-2575-4aa3-8e76-2f412ac09045",
    "data": [
      {
        "text": "put it on pause",
        "userDefined": false
      }
    ],
    "isTemplate": false,
    "count": 0,
    "lang": "en-in",
    "updated": 0
  },
  {
    "id": "1792ff2a-d454-4bf7-93a9-a9953c5a8822",
    "data": [
      {
        "text": "please pause",
        "userDefined": false
      }
    ],
    "isTemplate": false,
    "count": 0,
    "lang": "en-in",
    "updated": 0
  },
  {
    "id": "fd69f39c-98ae-4433-88e5-9aa692078f05",
    "data": [
      {
        "text": "pause ",
        "userDefined": false
      },
      {
        "text": "it",
        "meta": "@sys.ignore",
        "userDefined": false
      }
    ],
    "isTemplate": false,
    "count": 0,
    "lang": "en-in",
    "updated": 0
  }
]