[
  {
    "id": "577c9f1e-ad88-4e18-84c4-cabb27a0cdc8",
    "data": [
      {
        "text": "get",
        "meta": "@sys.ignore",
        "userDefined": true
      },
      {
        "text": " directions to the ",
        "userDefined": false
      },
      {
        "text": "nearest",
        "meta": "@map-sort",
        "alias": "sort",
        "userDefined": true
      },
      {
        "text": " ",
        "userDefined": false
      },
      {
        "text": "ATM",
        "meta": "@sys.location",
        "alias": "to",
        "userDefined": true
      }
    ],
    "isTemplate": false,
    "count": 0,
    "lang": "en",
    "updated": 0
  },
  {
    "id": "d22848e4-9910-42c1-bd9b-88af3462c436",
    "data": [
      {
        "text": "how do I get ",
        "userDefined": false
      },
      {
        "text": "home",
        "meta": "@sys.location",
        "alias": "to",
        "userDefined": true
      },
      {
        "text": " taking ",
        "userDefined": false
      },
      {
        "text": "E120",
        "meta": "@sys.location",
        "alias": "include-point",
        "userDefined": true
      }
    ],
    "isTemplate": false,
    "count": 0,
    "lang": "en",
    "updated": 0
  },
  {
    "id": "93d064c7-cb02-432a-8429-2df6c54b3db2",
    "data": [
      {
        "text": "find the ",
        "userDefined": false
      },
      {
        "text": "fastest route",
        "meta": "@navigation-route-type",
        "alias": "route-type",
        "userDefined": true
      },
      {
        "text": " to ",
        "userDefined": false
      },
      {
        "text": "Baxter Building 42nd street Madison Avenue Manhattan",
        "meta": "@sys.location",
        "alias": "to",
        "userDefined": true
      }
    ],
    "isTemplate": false,
    "count": 0,
    "lang": "en",
    "updated": 0
  },
  {
    "id": "d0c89fd1-c4f7-4536-b716-8fa767c46315",
    "data": [
      {
        "text": "how to get to the ",
        "userDefined": false
      },
      {
        "text": "Main Street",
        "meta": "@sys.location",
        "alias": "to",
        "userDefined": true
      },
      {
        "text": " ",
        "userDefined": false
      },
      {
        "text": "avoiding heavy traffic",
        "meta": "@navigation-road-type",
        "alias": "road-type",
        "userDefined": true
      }
    ],
    "isTemplate": false,
    "count": 0,
    "lang": "en",
    "updated": 0
  },
  {
    "id": "625ab55f-37c9-40a1-be28-0e4ab929c21c",
    "data": [
      {
        "text": "can you direct me to the ",
        "userDefined": false
      },
      {
        "text": "mobile office",
        "meta": "@sys.location",
        "alias": "to",
        "userDefined": true
      }
    ],
    "isTemplate": false,
    "count": 0,
    "lang": "en",
    "updated": 0
  },
  {
    "id": "4db9a3db-199c-4658-984f-fc8f76e73ef0",
    "data": [
      {
        "text": "can you find me the ",
        "userDefined": false
      },
      {
        "text": "best route",
        "meta": "@navigation-route-type",
        "alias": "route-type",
        "userDefined": true
      },
      {
        "text": " to ",
        "userDefined": false
      },
      {
        "text": "Ohio",
        "meta": "@sys.location",
        "alias": "to",
        "userDefined": true
      }
    ],
    "isTemplate": false,
    "count": 0,
    "lang": "en",
    "updated": 0
  },
  {
    "id": "7055989f-3707-4f1d-a8e6-93d319bcbee5",
    "data": [
      {
        "text": "directions to ",
        "userDefined": false
      },
      {
        "text": "bar",
        "meta": "@sys.location",
        "alias": "to",
        "userDefined": true
      },
      {
        "text": " ",
        "userDefined": false
      },
      {
        "text": "with light traffic",
        "meta": "@navigation-road-type",
        "alias": "road-type",
        "userDefined": true
      }
    ],
    "isTemplate": false,
    "count": 0,
    "lang": "en",
    "updated": 0
  },
  {
    "id": "f786d6ab-0de9-4a16-ba22-d592e63c0c1e",
    "data": [
      {
        "text": "what is the ",
        "userDefined": false
      },
      {
        "text": "shortest route",
        "meta": "@navigation-route-type",
        "alias": "route-type",
        "userDefined": true
      },
      {
        "text": " to ",
        "userDefined": false
      },
      {
        "text": "San Francisco",
        "meta": "@sys.location",
        "alias": "to",
        "userDefined": true
      },
      {
        "text": " from here",
        "userDefined": false
      }
    ],
    "isTemplate": false,
    "count": 0,
    "lang": "en",
    "updated": 0
  },
  {
    "id": "fd846c4a-b4d6-47d8-b05e-5a7a57ac5efc",
    "data": [
      {
        "text": "show me the way ",
        "userDefined": false
      },
      {
        "text": "home",
        "meta": "@sys.location",
        "alias": "to",
        "userDefined": true
      }
    ],
    "isTemplate": false,
    "count": 0,
    "lang": "en",
    "updated": 0
  },
  {
    "id": "8968c0fc-2e01-4ef7-b1a4-010fcce83e65",
    "data": [
      {
        "text": "how do I ",
        "userDefined": false
      },
      {
        "text": "get",
        "meta": "@sys.ignore",
        "userDefined": true
      },
      {
        "text": " to ",
        "userDefined": false
      },
      {
        "text": "San Diego",
        "meta": "@sys.location",
        "alias": "to",
        "userDefined": true
      },
      {
        "text": " from ",
        "userDefined": false
      },
      {
        "text": "my house",
        "meta": "@sys.location",
        "alias": "from",
        "userDefined": true
      }
    ],
    "isTemplate": false,
    "count": 0,
    "lang": "en",
    "updated": 0
  },
  {
    "id": "469226c6-f855-4f06-a2c3-ed898ebe1152",
    "data": [
      {
        "text": "directions to ",
        "userDefined": false
      },
      {
        "text": "New York",
        "meta": "@sys.location",
        "alias": "to",
        "userDefined": true
      },
      {
        "text": " ",
        "userDefined": false
      },
      {
        "text": "avoiding heavy traffic",
        "meta": "@navigation-road-type",
        "alias": "road-type",
        "userDefined": true
      }
    ],
    "isTemplate": false,
    "count": 0,
    "lang": "en",
    "updated": 0
  },
  {
    "id": "bfb5ea94-e7e3-433e-8b7c-210e2ebd8e6e",
    "data": [
      {
        "text": "give ",
        "userDefined": false
      },
      {
        "text": "me",
        "meta": "@sys.ignore",
        "userDefined": false
      },
      {
        "text": " directions to ",
        "userDefined": false
      },
      {
        "text": "Starbucks",
        "meta": "@sys.location",
        "alias": "to",
        "userDefined": true
      }
    ],
    "isTemplate": false,
    "count": 0,
    "lang": "en",
    "updated": 0
  },
  {
    "id": "ff77ae45-25e0-493f-84fc-5f06e1761cc3",
    "data": [
      {
        "text": "how to get to the ",
        "userDefined": false
      },
      {
        "text": "nearest",
        "meta": "@map-sort",
        "alias": "sort",
        "userDefined": true
      },
      {
        "text": " ",
        "userDefined": false
      },
      {
        "text": "petrol station",
        "meta": "@sys.location",
        "alias": "to",
        "userDefined": true
      }
    ],
    "isTemplate": false,
    "count": 0,
    "lang": "en",
    "updated": 0
  },
  {
    "id": "3b4e7a94-242c-4f04-93d6-b81319949dfc",
    "data": [
      {
        "text": "what\u0027s the ",
        "userDefined": false
      },
      {
        "text": "best way",
        "meta": "@navigation-route-type",
        "alias": "route-type",
        "userDefined": true
      },
      {
        "text": " to ",
        "userDefined": false
      },
      {
        "text": "get",
        "meta": "@sys.ignore",
        "userDefined": true
      },
      {
        "text": " ",
        "userDefined": false
      },
      {
        "text": "home",
        "meta": "@sys.location",
        "alias": "to",
        "userDefined": true
      }
    ],
    "isTemplate": false,
    "count": 0,
    "lang": "en",
    "updated": 0
  },
  {
    "id": "ad281c5c-e0ad-43dd-aacb-2a8f15d940e0",
    "data": [
      {
        "text": "directions to ",
        "userDefined": false
      },
      {
        "text": "New York",
        "meta": "@sys.location",
        "alias": "to",
        "userDefined": true
      },
      {
        "text": " ",
        "userDefined": false
      },
      {
        "text": "avoiding toll roads",
        "meta": "@navigation-road-type",
        "alias": "road-type",
        "userDefined": true
      }
    ],
    "isTemplate": false,
    "count": 0,
    "lang": "en",
    "updated": 0
  },
  {
    "id": "0e9a3047-e973-4805-bc2e-41eeb30b0da5",
    "data": [
      {
        "text": "directions from ",
        "userDefined": false
      },
      {
        "text": "Denver",
        "meta": "@sys.location",
        "alias": "from",
        "userDefined": true
      },
      {
        "text": " to ",
        "userDefined": false
      },
      {
        "text": "Ohio",
        "meta": "@sys.location",
        "alias": "to",
        "userDefined": true
      }
    ],
    "isTemplate": false,
    "count": 0,
    "lang": "en",
    "updated": 0
  },
  {
    "id": "b35f5b63-15e1-49a8-8c5f-6b9b6b70b055",
    "data": [
      {
        "text": "start navigation to ",
        "userDefined": false
      },
      {
        "text": "nearest",
        "meta": "@map-sort",
        "alias": "sort",
        "userDefined": true
      },
      {
        "text": " ",
        "userDefined": false
      },
      {
        "text": "Starbucks",
        "meta": "@sys.location",
        "alias": "to",
        "userDefined": true
      },
      {
        "text": " via ",
        "userDefined": false
      },
      {
        "text": "fastest route",
        "meta": "@navigation-route-type",
        "alias": "route-type",
        "userDefined": true
      }
    ],
    "isTemplate": false,
    "count": 0,
    "lang": "en",
    "updated": 0
  },
  {
    "id": "f0b85515-16e9-404c-a043-a4da4e77496a",
    "data": [
      {
        "text": "show me directions to the ",
        "userDefined": false
      },
      {
        "text": "Heathrow airport",
        "meta": "@sys.location",
        "alias": "to",
        "userDefined": true
      }
    ],
    "isTemplate": false,
    "count": 0,
    "lang": "en",
    "updated": 0
  },
  {
    "id": "e791d767-6b53-451e-ace8-dcea5a44031e",
    "data": [
      {
        "text": "find directions to the ",
        "userDefined": false
      },
      {
        "text": "nearest",
        "meta": "@map-sort",
        "alias": "sort",
        "userDefined": true
      },
      {
        "text": " ",
        "userDefined": false
      },
      {
        "text": "grocery shop",
        "meta": "@sys.location",
        "alias": "to",
        "userDefined": true
      }
    ],
    "isTemplate": false,
    "count": 0,
    "lang": "en",
    "updated": 0
  },
  {
    "id": "56eeda36-c390-4d5a-9e2c-eb58ee9cbffe",
    "data": [
      {
        "text": "what\u0027s the ",
        "userDefined": false
      },
      {
        "text": "best way",
        "meta": "@navigation-route-type",
        "alias": "route-type",
        "userDefined": true
      },
      {
        "text": " to get ",
        "userDefined": false
      },
      {
        "text": "home",
        "meta": "@sys.location",
        "alias": "to",
        "userDefined": true
      },
      {
        "text": " from here",
        "userDefined": false
      }
    ],
    "isTemplate": false,
    "count": 1,
    "lang": "en",
    "updated": 0
  },
  {
    "id": "6f54cfb5-0f30-42b3-94a2-9cffa51b9e00",
    "data": [
      {
        "text": "show me the ",
        "userDefined": false
      },
      {
        "text": "best way",
        "meta": "@navigation-route-type",
        "alias": "route-type",
        "userDefined": false
      },
      {
        "text": " to get to the ",
        "userDefined": false
      },
      {
        "text": "airport",
        "meta": "@sys.location",
        "alias": "to",
        "userDefined": false
      }
    ],
    "isTemplate": false,
    "count": 0,
    "lang": "en",
    "updated": 0
  },
  {
    "id": "0bc4ad69-bedf-4f8c-827a-aaab42ca2fd6",
    "data": [
      {
        "text": "can you please direct me to the ",
        "userDefined": false
      },
      {
        "text": "nearest",
        "meta": "@map-sort",
        "alias": "sort",
        "userDefined": true
      },
      {
        "text": " ",
        "userDefined": false
      },
      {
        "text": "petrol pump",
        "meta": "@sys.location",
        "alias": "to",
        "userDefined": true
      }
    ],
    "isTemplate": false,
    "count": 0,
    "lang": "en",
    "updated": 0
  },
  {
    "id": "3f18b1b6-4a72-4f87-a4ea-bf75f37c5e2a",
    "data": [
      {
        "text": "how to get to ",
        "userDefined": false
      },
      {
        "text": "Danemea High street St Mary Mead",
        "meta": "@sys.location",
        "alias": "to",
        "userDefined": true
      }
    ],
    "isTemplate": false,
    "count": 0,
    "lang": "en",
    "updated": 0
  },
  {
    "id": "54124eaa-734b-4e1f-8c57-e82dcc3d3d70",
    "data": [
      {
        "text": "what is the ",
        "userDefined": false
      },
      {
        "text": "fastest way",
        "meta": "@navigation-route-type",
        "alias": "route-type",
        "userDefined": true
      },
      {
        "text": " to ",
        "userDefined": false
      },
      {
        "text": "my house",
        "meta": "@sys.location",
        "alias": "to",
        "userDefined": true
      }
    ],
    "isTemplate": false,
    "count": 0,
    "lang": "en",
    "updated": 0
  },
  {
    "id": "f5ea1aec-4a6e-4038-aacf-0a86b483d006",
    "data": [
      {
        "text": "directions to ",
        "userDefined": false
      },
      {
        "text": "metro",
        "meta": "@sys.location",
        "alias": "to",
        "userDefined": true
      },
      {
        "text": " with ",
        "userDefined": false
      },
      {
        "text": "fastest way",
        "meta": "@navigation-route-type",
        "alias": "route-type",
        "userDefined": true
      }
    ],
    "isTemplate": false,
    "count": 0,
    "lang": "en",
    "updated": 0
  },
  {
    "id": "75dc8488-0812-42d8-8d95-9af6e68eb370",
    "data": [
      {
        "text": "what\u0027s the ",
        "userDefined": false
      },
      {
        "text": "fastest way",
        "meta": "@navigation-route-type",
        "alias": "route-type",
        "userDefined": true
      },
      {
        "text": " to get to ",
        "userDefined": false
      },
      {
        "text": "work",
        "meta": "@sys.location",
        "alias": "to",
        "userDefined": true
      },
      {
        "text": " without taking ",
        "userDefined": false
      },
      {
        "text": "Center Avenue",
        "meta": "@sys.location",
        "alias": "exclude-point",
        "userDefined": true
      }
    ],
    "isTemplate": false,
    "count": 0,
    "lang": "en",
    "updated": 0
  },
  {
    "id": "59864f5b-9425-40f2-82d8-6003979967c9",
    "data": [
      {
        "text": "how do I get to ",
        "userDefined": false
      },
      {
        "text": "Central Park",
        "meta": "@sys.location",
        "alias": "to",
        "userDefined": true
      }
    ],
    "isTemplate": false,
    "count": 0,
    "lang": "en",
    "updated": 0
  },
  {
    "id": "5e83aecb-6bc1-4610-88e5-509d5710c3f9",
    "data": [
      {
        "text": "the ",
        "userDefined": false
      },
      {
        "text": "quickest route",
        "meta": "@navigation-route-type",
        "alias": "route-type",
        "userDefined": true
      },
      {
        "text": " to ",
        "userDefined": false
      },
      {
        "text": "420 Paper St Wilmington DE 19886",
        "meta": "@sys.location",
        "alias": "to",
        "userDefined": true
      }
    ],
    "isTemplate": false,
    "count": 0,
    "lang": "en",
    "updated": 0
  },
  {
    "id": "65fc3e58-ec10-4369-9380-9bdc201a5a40",
    "data": [
      {
        "text": "show me the ",
        "userDefined": false
      },
      {
        "text": "fastest way",
        "meta": "@navigation-route-type",
        "alias": "route-type",
        "userDefined": true
      },
      {
        "text": " to get to the ",
        "userDefined": false
      },
      {
        "text": "office",
        "meta": "@sys.location",
        "alias": "to",
        "userDefined": true
      }
    ],
    "isTemplate": false,
    "count": 0,
    "lang": "en",
    "updated": 0
  },
  {
    "id": "3cb236e7-af83-4deb-ad5e-90e9ba11877d",
    "data": [
      {
        "text": "display directions to ",
        "userDefined": false
      },
      {
        "text": "San Francisco",
        "meta": "@sys.location",
        "alias": "to",
        "userDefined": true
      }
    ],
    "isTemplate": false,
    "count": 0,
    "lang": "en",
    "updated": 0
  },
  {
    "id": "bee78b74-99cf-4865-b14c-790ec233d159",
    "data": [
      {
        "text": "show me directions to ",
        "userDefined": false
      },
      {
        "text": "nearest",
        "meta": "@map-sort",
        "alias": "sort",
        "userDefined": true
      },
      {
        "text": " ",
        "userDefined": false
      },
      {
        "text": "gas station",
        "meta": "@sys.location",
        "alias": "to",
        "userDefined": true
      }
    ],
    "isTemplate": false,
    "count": 0,
    "lang": "en",
    "updated": 0
  },
  {
    "id": "acc21c12-19d8-42eb-91f7-e01e392b0c61",
    "data": [
      {
        "text": "directions to ",
        "userDefined": false
      },
      {
        "text": "restaurant",
        "meta": "@sys.location",
        "alias": "to",
        "userDefined": true
      },
      {
        "text": " ",
        "userDefined": false
      },
      {
        "text": "with light traffic",
        "meta": "@navigation-road-type",
        "alias": "road-type",
        "userDefined": true
      }
    ],
    "isTemplate": false,
    "count": 0,
    "lang": "en",
    "updated": 0
  },
  {
    "id": "a30c50e4-17d8-47fa-9777-5f41b1ea0154",
    "data": [
      {
        "text": "route me to ",
        "userDefined": false
      },
      {
        "text": "Fort Bragg",
        "meta": "@sys.location",
        "alias": "to",
        "userDefined": true
      },
      {
        "text": " from ",
        "userDefined": false
      },
      {
        "text": "my current location",
        "meta": "@sys.ignore",
        "userDefined": true
      }
    ],
    "isTemplate": false,
    "count": 0,
    "lang": "en",
    "updated": 0
  },
  {
    "id": "76198579-6522-4d13-92f3-e6b158bb3db2",
    "data": [
      {
        "text": "how do I ",
        "userDefined": false
      },
      {
        "text": "get",
        "meta": "@sys.ignore",
        "userDefined": true
      },
      {
        "text": " to the ",
        "userDefined": false
      },
      {
        "text": "Cherry Hill mall",
        "meta": "@sys.location",
        "alias": "to",
        "userDefined": true
      },
      {
        "text": " from here",
        "userDefined": false
      }
    ],
    "isTemplate": false,
    "count": 0,
    "lang": "en",
    "updated": 0
  },
  {
    "id": "b65bb263-3e91-4a3e-a7d1-3535378500a6",
    "data": [
      {
        "text": "let me see the directions to go to ",
        "userDefined": false
      },
      {
        "text": "301 Cobblestone Way Bedrock 70777",
        "meta": "@sys.location",
        "alias": "to",
        "userDefined": true
      }
    ],
    "isTemplate": false,
    "count": 0,
    "lang": "en",
    "updated": 0
  },
  {
    "id": "36505a6a-8c3b-4788-9601-2268ad899086",
    "data": [
      {
        "text": "how do I ",
        "userDefined": false
      },
      {
        "text": "get",
        "meta": "@sys.ignore",
        "userDefined": true
      },
      {
        "text": " to ",
        "userDefined": false
      },
      {
        "text": "my house",
        "meta": "@sys.location",
        "alias": "to",
        "userDefined": true
      },
      {
        "text": " from here",
        "userDefined": false
      }
    ],
    "isTemplate": false,
    "count": 0,
    "lang": "en",
    "updated": 0
  },
  {
    "id": "65e7ba2d-dd53-4aef-aeaa-fa087f523bb9",
    "data": [
      {
        "text": "I need directions to ",
        "userDefined": false
      },
      {
        "text": "Pittsburgh",
        "meta": "@sys.location",
        "alias": "to",
        "userDefined": true
      }
    ],
    "isTemplate": false,
    "count": 0,
    "lang": "en",
    "updated": 0
  },
  {
    "id": "6244c11c-cc72-4c72-99a1-9d747b8e10bd",
    "data": [
      {
        "text": "driving directions to ",
        "userDefined": false
      },
      {
        "text": "Longbourn near Meryton Hertfortshire",
        "meta": "@sys.location",
        "alias": "to",
        "userDefined": true
      }
    ],
    "isTemplate": false,
    "count": 0,
    "lang": "en",
    "updated": 0
  },
  {
    "id": "a4af721e-5b0a-49b4-bdaa-3d5faaa18dcb",
    "data": [
      {
        "text": "how to get to ",
        "userDefined": false
      },
      {
        "text": "nearest",
        "meta": "@map-sort",
        "alias": "sort",
        "userDefined": true
      },
      {
        "text": " ",
        "userDefined": false
      },
      {
        "text": "petrol station",
        "meta": "@sys.location",
        "alias": "to",
        "userDefined": true
      }
    ],
    "isTemplate": false,
    "count": 0,
    "lang": "en",
    "updated": 0
  },
  {
    "id": "e9ff267e-8a88-48ef-8ca2-53f21ac2dd23",
    "data": [
      {
        "text": "give",
        "meta": "@sys.ignore",
        "userDefined": true
      },
      {
        "text": " me route to ",
        "userDefined": false
      },
      {
        "text": "Bristol",
        "meta": "@sys.location",
        "alias": "to",
        "userDefined": true
      },
      {
        "text": " ",
        "userDefined": false
      },
      {
        "text": "using highways",
        "meta": "@navigation-road-type",
        "alias": "road-type",
        "userDefined": true
      }
    ],
    "isTemplate": false,
    "count": 0,
    "lang": "en",
    "updated": 0
  },
  {
    "id": "77b8fe1a-eeb9-4a37-a2eb-7b2d457b8a57",
    "data": [
      {
        "text": "get me a route to the ",
        "userDefined": false
      },
      {
        "text": "San Francisco International airport",
        "meta": "@sys.location",
        "alias": "to",
        "userDefined": true
      },
      {
        "text": " ",
        "userDefined": false
      },
      {
        "text": "without using highways",
        "meta": "@navigation-road-type",
        "alias": "road-type",
        "userDefined": true
      }
    ],
    "isTemplate": false,
    "count": 0,
    "lang": "en",
    "updated": 0
  },
  {
    "id": "18190bb0-a895-46c5-b7ec-4174540e2bc9",
    "data": [
      {
        "text": "show me the ",
        "userDefined": false
      },
      {
        "text": "quickest route",
        "meta": "@navigation-route-type",
        "alias": "route-type",
        "userDefined": true
      },
      {
        "text": " to ",
        "userDefined": false
      },
      {
        "text": "work",
        "meta": "@sys.location",
        "alias": "to",
        "userDefined": true
      }
    ],
    "isTemplate": false,
    "count": 0,
    "lang": "en",
    "updated": 0
  }
]