[
  {
    "id": "76073558-130b-44d4-90a1-9071b7a22996",
    "data": [
      {
        "text": "navigate to ",
        "userDefined": false
      },
      {
        "text": "work",
        "meta": "@sys.location",
        "alias": "to",
        "userDefined": true
      },
      {
        "text": " without taking ",
        "userDefined": false
      },
      {
        "text": "Center Avenue",
        "meta": "@sys.location",
        "alias": "exlcude-point",
        "userDefined": true
      }
    ],
    "isTemplate": false,
    "count": 0,
    "lang": "en",
    "updated": 0
  },
  {
    "id": "34037579-f51c-4ddf-abd4-56f59033e12d",
    "data": [
      {
        "text": "let\u0027",
        "userDefined": false
      },
      {
        "text": "s",
        "meta": "@sys.ignore",
        "userDefined": false
      },
      {
        "text": " ",
        "userDefined": false
      },
      {
        "text": "go",
        "meta": "@sys.ignore",
        "userDefined": false
      },
      {
        "text": " ",
        "userDefined": false
      },
      {
        "text": "to",
        "meta": "@sys.ignore",
        "userDefined": false
      },
      {
        "text": " the ",
        "userDefined": false
      },
      {
        "text": "nearest",
        "meta": "@map-sort",
        "alias": "sort",
        "userDefined": true
      },
      {
        "text": " ",
        "userDefined": false
      },
      {
        "text": "Starbucks",
        "meta": "@sys.location",
        "alias": "to",
        "userDefined": false
      }
    ],
    "isTemplate": false,
    "count": 0,
    "lang": "en",
    "updated": 0
  },
  {
    "id": "f245380f-78e7-4c98-a7a2-2be9752e894c",
    "data": [
      {
        "text": "go ",
        "userDefined": false
      },
      {
        "text": "home",
        "meta": "@sys.location",
        "alias": "to",
        "userDefined": true
      },
      {
        "text": " please",
        "userDefined": false
      }
    ],
    "isTemplate": false,
    "count": 0,
    "lang": "en",
    "updated": 0
  },
  {
    "id": "d81acc14-094f-4519-832b-d2ca34071d45",
    "data": [
      {
        "text": "open navigation from ",
        "userDefined": false
      },
      {
        "text": "London",
        "meta": "@sys.location",
        "alias": "from",
        "userDefined": true
      },
      {
        "text": " to ",
        "userDefined": false
      },
      {
        "text": "Liverpool",
        "meta": "@sys.location",
        "alias": "to",
        "userDefined": true
      }
    ],
    "isTemplate": false,
    "count": 0,
    "lang": "en",
    "updated": 0
  },
  {
    "id": "6aa9f333-94bc-4326-bfcb-7021ef1278ca",
    "data": [
      {
        "text": "navigate me ",
        "userDefined": false
      },
      {
        "text": "home",
        "meta": "@sys.location",
        "alias": "to",
        "userDefined": true
      },
      {
        "text": " from the ",
        "userDefined": false
      },
      {
        "text": "Main Street",
        "meta": "@sys.location",
        "alias": "from",
        "userDefined": true
      },
      {
        "text": " via ",
        "userDefined": false
      },
      {
        "text": "M30",
        "meta": "@sys.location",
        "alias": "include-point",
        "userDefined": true
      }
    ],
    "isTemplate": false,
    "count": 0,
    "lang": "en",
    "updated": 0
  },
  {
    "id": "e8724d92-e7b4-4a3b-8b0f-cccfd79a5f07",
    "data": [
      {
        "text": "let\u0027s go from ",
        "userDefined": false
      },
      {
        "text": "20 Ingram Street Forest Hills Queens",
        "meta": "@sys.location",
        "alias": "from",
        "userDefined": true
      },
      {
        "text": " to ",
        "userDefined": false
      },
      {
        "text": "1313 Webfoot Walk Duckburg Calisota",
        "meta": "@sys.location",
        "alias": "to",
        "userDefined": true
      }
    ],
    "isTemplate": false,
    "count": 0,
    "lang": "en",
    "updated": 0
  },
  {
    "id": "afa7d3a4-24ba-4b26-80ec-811ef6fe80f5",
    "data": [
      {
        "text": "navigate me to ",
        "userDefined": false
      },
      {
        "text": "New York",
        "meta": "@sys.location",
        "alias": "to",
        "userDefined": true
      },
      {
        "text": " ",
        "userDefined": false
      },
      {
        "text": "avoiding traffic",
        "meta": "@navigation-road-type",
        "alias": "road-type",
        "userDefined": true
      }
    ],
    "isTemplate": false,
    "count": 0,
    "lang": "en",
    "updated": 0
  },
  {
    "id": "bbc4976b-1fce-46df-a4a9-a1c0edccdd8c",
    "data": [
      {
        "text": "navigate me to the ",
        "userDefined": false
      },
      {
        "text": "nearest",
        "meta": "@map-sort",
        "alias": "sort",
        "userDefined": true
      },
      {
        "text": " ",
        "userDefined": false
      },
      {
        "text": "restaurant",
        "meta": "@sys.location",
        "alias": "to",
        "userDefined": true
      }
    ],
    "isTemplate": false,
    "count": 0,
    "lang": "en",
    "updated": 0
  },
  {
    "id": "88e1043d-d0a7-4cef-a623-9dea71659a0f",
    "data": [
      {
        "text": "let\u0027s go ",
        "userDefined": false
      },
      {
        "text": "home",
        "meta": "@sys.location",
        "alias": "to",
        "userDefined": true
      }
    ],
    "isTemplate": false,
    "count": 0,
    "lang": "en",
    "updated": 0
  },
  {
    "id": "61b89ea2-d9d7-4c21-b0be-611cffeb94d1",
    "data": [
      {
        "text": "open navigation to ",
        "userDefined": false
      },
      {
        "text": "Starbucks",
        "meta": "@sys.location",
        "alias": "to",
        "userDefined": true
      },
      {
        "text": " ",
        "userDefined": false
      },
      {
        "text": "avoiding heavy traffic",
        "meta": "@navigation-road-type",
        "alias": "road-type",
        "userDefined": true
      }
    ],
    "isTemplate": false,
    "count": 0,
    "lang": "en",
    "updated": 0
  },
  {
    "id": "5c9bfcdf-f508-4a6c-9d1a-0740345a598d",
    "data": [
      {
        "text": "start navigation to the ",
        "userDefined": false
      },
      {
        "text": "nearest",
        "meta": "@map-sort",
        "alias": "sort",
        "userDefined": true
      },
      {
        "text": " ",
        "userDefined": false
      },
      {
        "text": "petrol station",
        "meta": "@sys.location",
        "alias": "to",
        "userDefined": true
      }
    ],
    "isTemplate": false,
    "count": 0,
    "lang": "en",
    "updated": 0
  },
  {
    "id": "9b352dd7-e4c7-4a01-ac7e-4b19012a5df6",
    "data": [
      {
        "text": "start navigation to ",
        "userDefined": false
      },
      {
        "text": "petrol station",
        "meta": "@sys.location",
        "alias": "to",
        "userDefined": true
      }
    ],
    "isTemplate": false,
    "count": 0,
    "lang": "en",
    "updated": 0
  },
  {
    "id": "bd995341-76bf-4670-a973-d5736d7822a4",
    "data": [
      {
        "text": "can you navigate me to the ",
        "userDefined": false
      },
      {
        "text": "closest",
        "meta": "@map-sort",
        "alias": "sort",
        "userDefined": true
      },
      {
        "text": " ",
        "userDefined": false
      },
      {
        "text": "shop",
        "meta": "@sys.location",
        "alias": "to",
        "userDefined": true
      }
    ],
    "isTemplate": false,
    "count": 0,
    "lang": "en",
    "updated": 0
  },
  {
    "id": "f76fe11f-f0bf-4101-ad9d-1c3e251ec4fd",
    "data": [
      {
        "text": "navigation from ",
        "userDefined": false
      },
      {
        "text": "Skypad Apartments Orbit City",
        "meta": "@sys.location",
        "alias": "from",
        "userDefined": true
      },
      {
        "text": " to ",
        "userDefined": false
      },
      {
        "text": "17 Cherry Tree Lane",
        "meta": "@sys.location",
        "alias": "to",
        "userDefined": true
      }
    ],
    "isTemplate": false,
    "count": 0,
    "lang": "en",
    "updated": 0
  },
  {
    "id": "966145a7-b77b-4e4b-aa79-2eab59b0ec34",
    "data": [
      {
        "text": "start navigation to ",
        "userDefined": false
      },
      {
        "text": "nearest",
        "meta": "@map-sort",
        "alias": "sort",
        "userDefined": true
      },
      {
        "text": " ",
        "userDefined": false
      },
      {
        "text": "Starbucks",
        "meta": "@sys.location",
        "alias": "to",
        "userDefined": true
      },
      {
        "text": " via ",
        "userDefined": false
      },
      {
        "text": "fastest route",
        "meta": "@navigation-route-type",
        "alias": "route-type",
        "userDefined": true
      }
    ],
    "isTemplate": false,
    "count": 0,
    "lang": "en",
    "updated": 0
  },
  {
    "id": "a30e9427-4dbd-499b-8f7a-0646ac7e45da",
    "data": [
      {
        "text": "how can I go to the ",
        "userDefined": false
      },
      {
        "text": "airport",
        "meta": "@sys.location",
        "alias": "to",
        "userDefined": true
      },
      {
        "text": " from my location",
        "userDefined": false
      }
    ],
    "isTemplate": false,
    "count": 0,
    "lang": "en",
    "updated": 0
  },
  {
    "id": "d4e22f7c-5ebc-425c-b637-36ba0775657d",
    "data": [
      {
        "text": "open navigation",
        "userDefined": false
      }
    ],
    "isTemplate": false,
    "count": 0,
    "lang": "en",
    "updated": 0
  },
  {
    "id": "45543540-c13b-4598-90b0-7be811ebf4c1",
    "data": [
      {
        "text": "can you take me the ",
        "userDefined": false
      },
      {
        "text": "nearest",
        "meta": "@map-sort",
        "alias": "sort",
        "userDefined": true
      },
      {
        "text": " ",
        "userDefined": false
      },
      {
        "text": "hotel",
        "meta": "@sys.location",
        "alias": "to",
        "userDefined": true
      }
    ],
    "isTemplate": false,
    "count": 0,
    "lang": "en",
    "updated": 0
  },
  {
    "id": "09f437f1-ef98-409b-9cee-e7beb579ac10",
    "data": [
      {
        "text": "could you navigate me to ",
        "userDefined": false
      },
      {
        "text": "454 W 35th Street New York NY 10001",
        "meta": "@sys.location",
        "alias": "to",
        "userDefined": true
      },
      {
        "text": " with ",
        "userDefined": false
      },
      {
        "text": "fastest way",
        "meta": "@navigation-route-type",
        "alias": "route-type",
        "userDefined": true
      }
    ],
    "isTemplate": false,
    "count": 0,
    "lang": "en",
    "updated": 0
  },
  {
    "id": "c200e920-65d7-49ee-81e8-a4b8bb44714d",
    "data": [
      {
        "text": "navigation to ",
        "userDefined": false
      },
      {
        "text": "restaurant",
        "meta": "@sys.location",
        "alias": "to",
        "userDefined": true
      },
      {
        "text": " ",
        "userDefined": false
      },
      {
        "text": "with light traffic",
        "meta": "@navigation-road-type",
        "alias": "road-type",
        "userDefined": true
      }
    ],
    "isTemplate": false,
    "count": 0,
    "lang": "en",
    "updated": 0
  },
  {
    "id": "0014a36e-8693-4f05-ac1b-d83a6708b9cc",
    "data": [
      {
        "text": "navigate to the ",
        "userDefined": false
      },
      {
        "text": "closest",
        "meta": "@map-sort",
        "alias": "sort",
        "userDefined": true
      },
      {
        "text": " ",
        "userDefined": false
      },
      {
        "text": "sushi bar",
        "meta": "@sys.location",
        "alias": "to",
        "userDefined": true
      },
      {
        "text": " you can find",
        "userDefined": false
      }
    ],
    "isTemplate": false,
    "count": 0,
    "lang": "en",
    "updated": 0
  },
  {
    "id": "7da8f3a8-7bab-4d4b-a6d0-b347b55b88b0",
    "data": [
      {
        "text": "navigate me to ",
        "userDefined": false
      },
      {
        "text": "London",
        "meta": "@sys.location",
        "alias": "to",
        "userDefined": true
      },
      {
        "text": " using the ",
        "userDefined": false
      },
      {
        "text": "fastest way",
        "meta": "@navigation-route-type",
        "alias": "route-type",
        "userDefined": true
      }
    ],
    "isTemplate": false,
    "count": 0,
    "lang": "en",
    "updated": 0
  },
  {
    "id": "a5b42ef5-5d82-4e81-b305-c7c41e998699",
    "data": [
      {
        "text": "navigation",
        "userDefined": false
      }
    ],
    "isTemplate": false,
    "count": 0,
    "lang": "en",
    "updated": 0
  },
  {
    "id": "cdc30724-8135-41da-94e3-2629134dcd88",
    "data": [
      {
        "text": "navigate from ",
        "userDefined": false
      },
      {
        "text": "New York",
        "meta": "@sys.location",
        "alias": "from",
        "userDefined": true
      }
    ],
    "isTemplate": false,
    "count": 0,
    "lang": "en",
    "updated": 0
  },
  {
    "id": "a00e1022-7a60-4ec8-a61a-baead88acafd",
    "data": [
      {
        "text": "can you take me ",
        "userDefined": false
      },
      {
        "text": "home",
        "meta": "@sys.location",
        "alias": "to",
        "userDefined": true
      }
    ],
    "isTemplate": false,
    "count": 0,
    "lang": "en",
    "updated": 0
  },
  {
    "id": "a7d4c4b8-8a41-4db5-8009-d3094b11be94",
    "data": [
      {
        "text": "activate navigation",
        "userDefined": false
      }
    ],
    "isTemplate": false,
    "count": 0,
    "lang": "en",
    "updated": 0
  },
  {
    "id": "9716ee9d-d566-433c-9f17-c018f6577008",
    "data": [
      {
        "text": "navigate me to ",
        "userDefined": false
      },
      {
        "text": "New York",
        "meta": "@sys.location",
        "alias": "to",
        "userDefined": true
      },
      {
        "text": " ",
        "userDefined": false
      },
      {
        "text": "avoiding toll roads",
        "meta": "@navigation-road-type",
        "alias": "road-type",
        "userDefined": true
      }
    ],
    "isTemplate": false,
    "count": 0,
    "lang": "en",
    "updated": 0
  },
  {
    "id": "282594b5-c4b2-4c10-ba18-f98d259e8057",
    "data": [
      {
        "text": "open navigation to ",
        "userDefined": false
      },
      {
        "text": "London",
        "meta": "@sys.location",
        "alias": "to",
        "userDefined": true
      },
      {
        "text": " with ",
        "userDefined": false
      },
      {
        "text": "light traffic",
        "meta": "@navigation-route-type",
        "alias": "route-type",
        "userDefined": true
      }
    ],
    "isTemplate": false,
    "count": 1,
    "lang": "en",
    "updated": 0
  },
  {
    "id": "3a2011d3-b28e-4f3c-bfdf-e81b22fcf265",
    "data": [
      {
        "text": "start navigation to the ",
        "userDefined": false
      },
      {
        "text": "nearest",
        "meta": "@map-sort",
        "alias": "sort",
        "userDefined": true
      },
      {
        "text": " ",
        "userDefined": false
      },
      {
        "text": "Cheesecake Factory",
        "meta": "@sys.location",
        "alias": "to",
        "userDefined": true
      },
      {
        "text": " via ",
        "userDefined": false
      },
      {
        "text": "fastest route",
        "meta": "@navigation-route-type",
        "alias": "route-type",
        "userDefined": true
      }
    ],
    "isTemplate": false,
    "count": 0,
    "lang": "en",
    "updated": 0
  },
  {
    "id": "e54ace6d-bcba-4140-9e12-36150470f2fe",
    "data": [
      {
        "text": "take me to ",
        "userDefined": false
      },
      {
        "text": "Wayne Manor 1007 Mountain Drive Gotham",
        "meta": "@sys.location",
        "alias": "to",
        "userDefined": true
      }
    ],
    "isTemplate": false,
    "count": 1,
    "lang": "en",
    "updated": 0
  },
  {
    "id": "642d33e7-374e-4b7f-855d-a94527f3bf49",
    "data": [
      {
        "text": "navigate to ",
        "userDefined": false
      },
      {
        "text": "London",
        "meta": "@sys.location",
        "alias": "to",
        "userDefined": true
      }
    ],
    "isTemplate": false,
    "count": 0,
    "lang": "en",
    "updated": 0
  },
  {
    "id": "e2046b6f-4742-4fd7-96f4-dc2f9de24ef3",
    "data": [
      {
        "text": "navigate to ",
        "userDefined": false
      },
      {
        "text": "P Sherman 42 Wallaby Way Sydney",
        "meta": "@sys.location",
        "alias": "to",
        "userDefined": true
      }
    ],
    "isTemplate": false,
    "count": 1,
    "lang": "en",
    "updated": 0
  },
  {
    "id": "aae2a8e3-8ee6-418c-bbbf-7e0d91965d48",
    "data": [
      {
        "text": "navigate from ",
        "userDefined": false
      },
      {
        "text": "home",
        "meta": "@sys.location",
        "alias": "from",
        "userDefined": true
      },
      {
        "text": " to ",
        "userDefined": false
      },
      {
        "text": "office",
        "meta": "@sys.location",
        "alias": "to",
        "userDefined": true
      }
    ],
    "isTemplate": false,
    "count": 0,
    "lang": "en",
    "updated": 0
  },
  {
    "id": "67605842-64ea-43b0-9b74-0e7dab9169ab",
    "data": [
      {
        "text": "navigation to ",
        "userDefined": false
      },
      {
        "text": "nearest",
        "meta": "@map-sort",
        "alias": "sort",
        "userDefined": true
      },
      {
        "text": " ",
        "userDefined": false
      },
      {
        "text": "shop",
        "meta": "@sys.location",
        "alias": "to",
        "userDefined": true
      }
    ],
    "isTemplate": false,
    "count": 0,
    "lang": "en",
    "updated": 0
  }
]