[
  {
    "data": [
      {
        "text": "good",
        "meta": "@music-sort",
        "alias": "music-sort",
        "userDefined": false
      },
      {
        "text": " afternoon there",
        "userDefined": false
      }
    ],
    "isTemplate": false,
    "count": 0,
    "lang": "en",
    "updated": 0
  },
  {
    "data": [
      {
        "text": "good",
        "meta": "@music-sort",
        "alias": "music-sort",
        "userDefined": false
      },
      {
        "text": " afternoon to you",
        "userDefined": false
      }
    ],
    "isTemplate": false,
    "count": 0,
    "lang": "en",
    "updated": 0
  },
  {
    "data": [
      {
        "text": "afternoon",
        "userDefined": false
      }
    ],
    "isTemplate": false,
    "count": 0,
    "lang": "en",
    "updated": 0
  },
  {
    "data": [
      {
        "text": "good",
        "meta": "@music-sort",
        "alias": "music-sort",
        "userDefined": false
      },
      {
        "text": " afternoon",
        "userDefined": false
      }
    ],
    "isTemplate": false,
    "count": 0,
    "lang": "en",
    "updated": 0
  },
  {
    "data": [
      {
        "text": "hey ",
        "userDefined": false
      },
      {
        "text": "goodafternoon",
        "meta": "@sys.time-period",
        "alias": "time-period",
        "userDefined": false
      }
    ],
    "isTemplate": false,
    "count": 0,
    "lang": "en",
    "updated": 0
  },
  {
    "data": [
      {
        "text": "goodafternoon",
        "meta": "@sys.time-period",
        "alias": "time-period",
        "userDefined": false
      }
    ],
    "isTemplate": false,
    "count": 0,
    "lang": "en",
    "updated": 0
  }
]