[
  {
    "id": "587ad744-1488-427e-9245-facfa0ad2296",
    "data": [
      {
        "text": "hello hello",
        "userDefined": false
      }
    ],
    "isTemplate": false,
    "count": 0,
    "lang": "en-gb",
    "updated": 0
  },
  {
    "id": "07c26651-4ad6-4897-8fe2-af3e11acc7ec",
    "data": [
      {
        "text": "hello",
        "userDefined": false
      }
    ],
    "isTemplate": false,
    "count": 0,
    "lang": "en-gb",
    "updated": 0
  },
  {
    "id": "de82218c-4e1e-438b-8219-52b87b2d1916",
    "data": [
      {
        "text": "afternoon",
        "userDefined": false
      }
    ],
    "isTemplate": false,
    "count": 0,
    "lang": "en-gb",
    "updated": 0
  },
  {
    "id": "8497b678-b08e-4027-bc84-643daa5638f6",
    "data": [
      {
        "text": "hey",
        "userDefined": false
      }
    ],
    "isTemplate": false,
    "count": 0,
    "lang": "en-gb",
    "updated": 0
  },
  {
    "id": "c6d68e63-5296-48d4-ac2f-3326b59b0873",
    "data": [
      {
        "text": "a good day",
        "userDefined": false
      }
    ],
    "isTemplate": false,
    "count": 0,
    "lang": "en-gb",
    "updated": 0
  },
  {
    "id": "3ccc31fc-f7aa-4737-b8de-c70dda2d0ce4",
    "data": [
      {
        "text": "hi there",
        "userDefined": false
      }
    ],
    "isTemplate": false,
    "count": 0,
    "lang": "en-gb",
    "updated": 0
  },
  {
    "id": "53ff320f-2c66-49d0-b78f-2e8df7192ef9",
    "data": [
      {
        "text": "heya",
        "userDefined": false
      }
    ],
    "isTemplate": false,
    "count": 0,
    "lang": "en-gb",
    "updated": 0
  },
  {
    "id": "276b058c-074a-4e34-ac94-bc70aaffc448",
    "data": [
      {
        "text": "long",
        "meta": "@sys.ignore",
        "userDefined": true
      },
      {
        "text": " time no see",
        "userDefined": false
      }
    ],
    "isTemplate": false,
    "count": 0,
    "lang": "en-gb",
    "updated": 0
  },
  {
    "id": "057f36d1-28b8-4a1f-bb99-2e18ddf85f64",
    "data": [
      {
        "text": "greetings",
        "userDefined": false
      }
    ],
    "isTemplate": false,
    "count": 0,
    "lang": "en-gb",
    "updated": 0
  },
  {
    "id": "c4ecc50a-148b-4628-a9a2-5d72a3f8ad6e",
    "data": [
      {
        "text": "I greet you",
        "userDefined": false
      }
    ],
    "isTemplate": false,
    "count": 0,
    "lang": "en-gb",
    "updated": 0
  },
  {
    "id": "35b6e53c-0823-4d3a-afd3-114dc57ea80c",
    "data": [
      {
        "text": "hi",
        "userDefined": false
      }
    ],
    "isTemplate": false,
    "count": 0,
    "lang": "en-gb",
    "updated": 0
  },
  {
    "id": "5156725e-6f6c-464c-9b5f-93ba74057d94",
    "data": [
      {
        "text": "just going to say hi",
        "userDefined": false
      }
    ],
    "isTemplate": false,
    "count": 0,
    "lang": "en-gb",
    "updated": 0
  },
  {
    "id": "ea47d456-8d98-4b7f-a347-c9a8c36b5266",
    "data": [
      {
        "text": "howdy",
        "userDefined": false
      }
    ],
    "isTemplate": false,
    "count": 0,
    "lang": "en-gb",
    "updated": 0
  },
  {
    "id": "62a08619-a721-449f-9680-f5765748385d",
    "data": [
      {
        "text": "lovely",
        "meta": "@sys.ignore",
        "userDefined": true
      },
      {
        "text": " ",
        "userDefined": false
      },
      {
        "text": "day",
        "meta": "@sys.ignore",
        "userDefined": true
      },
      {
        "text": " isn\u0027t ",
        "userDefined": false
      },
      {
        "text": "it",
        "meta": "@sys.ignore",
        "userDefined": true
      }
    ],
    "isTemplate": false,
    "count": 0,
    "lang": "en-gb",
    "updated": 0
  },
  {
    "id": "d8741cff-0103-4b5b-ad0d-afe41cd0a20a",
    "data": [
      {
        "text": "hello there",
        "userDefined": false
      }
    ],
    "isTemplate": false,
    "count": 2,
    "lang": "en-gb",
    "updated": 0
  },
  {
    "id": "eba00f89-bf8d-4483-8286-d85048c0b4c3",
    "data": [
      {
        "text": "hi",
        "meta": "@sys.ignore",
        "userDefined": true
      },
      {
        "text": " there",
        "userDefined": false
      }
    ],
    "isTemplate": false,
    "count": 0,
    "lang": "en-gb",
    "updated": 0
  },
  {
    "id": "952def49-0ae1-4f1a-b02c-10aff71dd739",
    "data": [
      {
        "text": "hello hi",
        "userDefined": false
      }
    ],
    "isTemplate": false,
    "count": 0,
    "lang": "en-gb",
    "updated": 0
  },
  {
    "id": "8c3dae30-2001-4b6b-9724-5c5416334e8f",
    "data": [
      {
        "text": "hello again",
        "userDefined": false
      }
    ],
    "isTemplate": false,
    "count": 1,
    "lang": "en-gb",
    "updated": 0
  },
  {
    "id": "9c7aece9-fe72-4ad0-b1d0-fc4785a205e7",
    "data": [
      {
        "text": "hey there",
        "userDefined": false
      }
    ],
    "isTemplate": false,
    "count": 1,
    "lang": "en-gb",
    "updated": 0
  }
]