[
  {
    "id": "e22e59d2-f5b6-42e1-8f82-51ecdc231eee",
    "data": [
      {
        "text": "I\u0027m being mad",
        "userDefined": false
      }
    ],
    "isTemplate": false,
    "count": 0,
    "lang": "en-ca",
    "updated": 0
  },
  {
    "id": "8fa0679b-1e23-4353-a152-62fadab59e2b",
    "data": [
      {
        "text": "I\u0027m furious",
        "userDefined": false
      }
    ],
    "isTemplate": false,
    "count": 0,
    "lang": "en-ca",
    "updated": 0
  },
  {
    "id": "fa015344-aaaa-4a99-afe0-c4dfdc7c64ec",
    "data": [
      {
        "text": "I\u0027",
        "userDefined": false
      },
      {
        "text": "m",
        "meta": "@sys.ignore",
        "userDefined": false
      },
      {
        "text": " enraged",
        "userDefined": false
      }
    ],
    "isTemplate": false,
    "count": 0,
    "lang": "en-ca",
    "updated": 0
  },
  {
    "id": "1cc86980-6ab0-4ecf-b472-f1b77be764a8",
    "data": [
      {
        "text": "I am angry with you",
        "userDefined": false
      }
    ],
    "isTemplate": false,
    "count": 0,
    "lang": "en-ca",
    "updated": 0
  },
  {
    "id": "718e93cf-9c20-45fc-980b-f96f6cac9ed6",
    "data": [
      {
        "text": "I am mad",
        "userDefined": false
      }
    ],
    "isTemplate": false,
    "count": 0,
    "lang": "en-ca",
    "updated": 0
  },
  {
    "id": "e23f041b-9127-46fc-8651-2a024f7deb6e",
    "data": [
      {
        "text": "I am mad at you",
        "userDefined": false
      }
    ],
    "isTemplate": false,
    "count": 0,
    "lang": "en-ca",
    "updated": 0
  },
  {
    "id": "355b2ad7-1310-4d5c-8346-c7e008d2f58c",
    "data": [
      {
        "text": "I\u0027m angry",
        "userDefined": false
      }
    ],
    "isTemplate": false,
    "count": 0,
    "lang": "en-ca",
    "updated": 0
  }
]