[
  {
    "id": "0f30c653-3cee-493f-9f39-c6ccb62b8576",
    "data": [
      {
        "text": "I have no time",
        "userDefined": false
      }
    ],
    "isTemplate": false,
    "count": 0,
    "lang": "en-au",
    "updated": 0
  },
  {
    "id": "3d2ea219-cf9a-4171-95f7-e519fffb1e11",
    "data": [
      {
        "text": "I\u0027m busy",
        "userDefined": false
      }
    ],
    "isTemplate": false,
    "count": 0,
    "lang": "en-au",
    "updated": 0
  },
  {
    "id": "1d09ac68-431f-4a2b-a93a-5b969c6ca2bc",
    "data": [
      {
        "text": "I got things to do",
        "userDefined": false
      }
    ],
    "isTemplate": false,
    "count": 0,
    "lang": "en-au",
    "updated": 0
  },
  {
    "id": "e514d788-de5a-4a01-9a84-f33b4385a512",
    "data": [
      {
        "text": "I\u0027m overloaded",
        "userDefined": false
      }
    ],
    "isTemplate": false,
    "count": 0,
    "lang": "en-au",
    "updated": 0
  },
  {
    "id": "6acb560f-73ea-40aa-bfa9-130b786d7be8",
    "data": [
      {
        "text": "I don\u0027t have time for this",
        "userDefined": false
      }
    ],
    "isTemplate": false,
    "count": 0,
    "lang": "en-au",
    "updated": 0
  },
  {
    "id": "98ffbbc2-f365-40d8-b4cd-41f43aebe3bd",
    "data": [
      {
        "text": "I\u0027m swamped",
        "userDefined": false
      }
    ],
    "isTemplate": false,
    "count": 0,
    "lang": "en-au",
    "updated": 0
  },
  {
    "id": "a157b401-6181-4887-ac6e-0ad0dce14328",
    "data": [
      {
        "text": "how busy I am",
        "userDefined": false
      }
    ],
    "isTemplate": false,
    "count": 0,
    "lang": "en-au",
    "updated": 0
  },
  {
    "id": "154b0519-4921-453c-a058-51b5d779636d",
    "data": [
      {
        "text": "I\u0027m working",
        "userDefined": false
      }
    ],
    "isTemplate": false,
    "count": 0,
    "lang": "en-au",
    "updated": 0
  },
  {
    "id": "c18b9a95-959f-47df-86ed-511ccdf4a9b8",
    "data": [
      {
        "text": "I got work to do",
        "userDefined": false
      }
    ],
    "isTemplate": false,
    "count": 0,
    "lang": "en-au",
    "updated": 0
  }
]