[
  {
    "id": "b9032564-ccb0-40f4-af7d-825ef26974cb",
    "data": [
      {
        "text": "hello hello",
        "userDefined": false
      }
    ],
    "isTemplate": false,
    "count": 0,
    "lang": "en-ca",
    "updated": 0
  },
  {
    "id": "42c51c70-589e-4d93-9639-0d0f5aff008a",
    "data": [
      {
        "text": "hello",
        "userDefined": false
      }
    ],
    "isTemplate": false,
    "count": 0,
    "lang": "en-ca",
    "updated": 0
  },
  {
    "id": "5c4bbfe8-6b88-4863-9252-1fafac678425",
    "data": [
      {
        "text": "afternoon",
        "userDefined": false
      }
    ],
    "isTemplate": false,
    "count": 0,
    "lang": "en-ca",
    "updated": 0
  },
  {
    "id": "c842076d-466b-4741-be9c-e71ff2ae14a8",
    "data": [
      {
        "text": "hey",
        "userDefined": false
      }
    ],
    "isTemplate": false,
    "count": 0,
    "lang": "en-ca",
    "updated": 0
  },
  {
    "id": "55d32791-484e-4cf4-876d-6c5fd36996f8",
    "data": [
      {
        "text": "a good day",
        "userDefined": false
      }
    ],
    "isTemplate": false,
    "count": 0,
    "lang": "en-ca",
    "updated": 0
  },
  {
    "id": "c382b304-9826-4f73-80ad-00335c659f26",
    "data": [
      {
        "text": "hi there",
        "userDefined": false
      }
    ],
    "isTemplate": false,
    "count": 0,
    "lang": "en-ca",
    "updated": 0
  },
  {
    "id": "951e4aad-1b55-477f-8c38-bd6e7bb07f5b",
    "data": [
      {
        "text": "heya",
        "userDefined": false
      }
    ],
    "isTemplate": false,
    "count": 0,
    "lang": "en-ca",
    "updated": 0
  },
  {
    "id": "cbc92e9e-b83e-4848-9fb4-5f5bce09ed84",
    "data": [
      {
        "text": "long",
        "meta": "@sys.ignore",
        "userDefined": true
      },
      {
        "text": " time no see",
        "userDefined": false
      }
    ],
    "isTemplate": false,
    "count": 0,
    "lang": "en-ca",
    "updated": 0
  },
  {
    "id": "179138ec-05d0-4c0b-bc03-262cdf53ab3e",
    "data": [
      {
        "text": "greetings",
        "userDefined": false
      }
    ],
    "isTemplate": false,
    "count": 0,
    "lang": "en-ca",
    "updated": 0
  },
  {
    "id": "9343868b-8cc2-4444-bbc6-580e6cd18b5c",
    "data": [
      {
        "text": "I greet you",
        "userDefined": false
      }
    ],
    "isTemplate": false,
    "count": 0,
    "lang": "en-ca",
    "updated": 0
  },
  {
    "id": "4107593e-a964-45d2-929b-5fdd5ccc702a",
    "data": [
      {
        "text": "hi",
        "userDefined": false
      }
    ],
    "isTemplate": false,
    "count": 0,
    "lang": "en-ca",
    "updated": 0
  },
  {
    "id": "9bb3400a-f94d-4842-a3f4-0b2f7a78c679",
    "data": [
      {
        "text": "just going to say hi",
        "userDefined": false
      }
    ],
    "isTemplate": false,
    "count": 0,
    "lang": "en-ca",
    "updated": 0
  },
  {
    "id": "fd1cd53c-eea1-4025-8559-1bab93ab2c43",
    "data": [
      {
        "text": "howdy",
        "userDefined": false
      }
    ],
    "isTemplate": false,
    "count": 0,
    "lang": "en-ca",
    "updated": 0
  },
  {
    "id": "b222d1a8-b973-4948-a13a-10402ea57afd",
    "data": [
      {
        "text": "lovely",
        "meta": "@sys.ignore",
        "userDefined": true
      },
      {
        "text": " ",
        "userDefined": false
      },
      {
        "text": "day",
        "meta": "@sys.ignore",
        "userDefined": true
      },
      {
        "text": " isn\u0027t ",
        "userDefined": false
      },
      {
        "text": "it",
        "meta": "@sys.ignore",
        "userDefined": true
      }
    ],
    "isTemplate": false,
    "count": 0,
    "lang": "en-ca",
    "updated": 0
  },
  {
    "id": "02671d69-de35-42a9-8342-c657be30f998",
    "data": [
      {
        "text": "hello there",
        "userDefined": false
      }
    ],
    "isTemplate": false,
    "count": 2,
    "lang": "en-ca",
    "updated": 0
  },
  {
    "id": "a570444b-fe4b-4cf2-92ca-f73ef4fadf27",
    "data": [
      {
        "text": "hi",
        "meta": "@sys.ignore",
        "userDefined": true
      },
      {
        "text": " there",
        "userDefined": false
      }
    ],
    "isTemplate": false,
    "count": 0,
    "lang": "en-ca",
    "updated": 0
  },
  {
    "id": "3fbaee89-f07e-4da8-a47e-b71ae893dd1b",
    "data": [
      {
        "text": "hello hi",
        "userDefined": false
      }
    ],
    "isTemplate": false,
    "count": 0,
    "lang": "en-ca",
    "updated": 0
  },
  {
    "id": "ac0f503d-3d04-4a96-b175-3f1c2cf40d26",
    "data": [
      {
        "text": "hello again",
        "userDefined": false
      }
    ],
    "isTemplate": false,
    "count": 1,
    "lang": "en-ca",
    "updated": 0
  },
  {
    "id": "09c6e68e-2543-4d06-8c74-e04b933cf2b5",
    "data": [
      {
        "text": "hey there",
        "userDefined": false
      }
    ],
    "isTemplate": false,
    "count": 1,
    "lang": "en-ca",
    "updated": 0
  }
]