[
  {
    "id": "1d0924a2-7f7b-440e-afaf-9412cbd64cfe",
    "data": [
      {
        "text": "don",
        "meta": "@sys.ignore",
        "userDefined": false
      },
      {
        "text": "\u0027t",
        "userDefined": false
      }
    ],
    "isTemplate": false,
    "count": 0,
    "lang": "en-us",
    "updated": 0
  },
  {
    "id": "35604215-4837-49d7-88a5-44c01e190118",
    "data": [
      {
        "text": "not needed",
        "userDefined": false
      }
    ],
    "isTemplate": false,
    "count": 0,
    "lang": "en-us",
    "updated": 0
  },
  {
    "id": "57f2ef2f-b5f3-42e2-be41-242a51b7de6e",
    "data": [
      {
        "text": "of",
        "meta": "@sys.ignore",
        "userDefined": false
      },
      {
        "text": " course not",
        "userDefined": false
      }
    ],
    "isTemplate": false,
    "count": 0,
    "lang": "en-us",
    "updated": 0
  },
  {
    "id": "7fd46829-795e-485e-90fa-dd58a0950e1d",
    "data": [
      {
        "text": "never",
        "userDefined": false
      }
    ],
    "isTemplate": false,
    "count": 0,
    "lang": "en-us",
    "updated": 0
  },
  {
    "id": "606f9f6b-5138-47f9-a348-13d553915109",
    "data": [
      {
        "text": "not at this time",
        "userDefined": false
      }
    ],
    "isTemplate": false,
    "count": 0,
    "lang": "en-us",
    "updated": 0
  },
  {
    "id": "915e3092-c4df-4b00-8ca3-8715754e093f",
    "data": [
      {
        "text": "not exactly",
        "userDefined": false
      }
    ],
    "isTemplate": false,
    "count": 0,
    "lang": "en-us",
    "updated": 0
  },
  {
    "id": "1964d18b-874b-4e12-bfcb-2e232fb194a9",
    "data": [
      {
        "text": "absolutely no",
        "userDefined": false
      }
    ],
    "isTemplate": false,
    "count": 0,
    "lang": "en-us",
    "updated": 0
  },
  {
    "id": "da84f39b-3e76-452d-9407-363690238f8e",
    "data": [
      {
        "text": "no forget",
        "userDefined": false
      }
    ],
    "isTemplate": false,
    "count": 0,
    "lang": "en-us",
    "updated": 0
  },
  {
    "id": "6bc76270-7aef-428f-9643-7b456b8fe0eb",
    "data": [
      {
        "text": "do not",
        "userDefined": false
      }
    ],
    "isTemplate": false,
    "count": 0,
    "lang": "en-us",
    "updated": 0
  },
  {
    "id": "a276ce9e-32e5-49a1-ad16-eb3111cdf028",
    "data": [
      {
        "text": "sorry no",
        "userDefined": false
      }
    ],
    "isTemplate": false,
    "count": 0,
    "lang": "en-us",
    "updated": 0
  },
  {
    "id": "3a4229f0-c420-43b9-b286-886f3d527feb",
    "data": [
      {
        "text": "na",
        "userDefined": false
      }
    ],
    "isTemplate": false,
    "count": 0,
    "lang": "en-us",
    "updated": 0
  },
  {
    "id": "e5799a57-fd4c-40ca-ad7d-6fee58d24c72",
    "data": [
      {
        "text": "no that\u0027s wrong",
        "userDefined": false
      }
    ],
    "isTemplate": false,
    "count": 0,
    "lang": "en-us",
    "updated": 0
  },
  {
    "id": "f39f5322-0839-47f3-8c7c-bf183b6c32b2",
    "data": [
      {
        "text": "I ",
        "userDefined": false
      },
      {
        "text": "don",
        "meta": "@sys.ignore",
        "userDefined": false
      },
      {
        "text": "\u0027t want that",
        "userDefined": false
      }
    ],
    "isTemplate": false,
    "count": 0,
    "lang": "en-us",
    "updated": 0
  },
  {
    "id": "c5c67225-fbdb-4a0e-9626-bf7c6b04c01d",
    "data": [
      {
        "text": "I think no",
        "userDefined": false
      }
    ],
    "isTemplate": false,
    "count": 0,
    "lang": "en-us",
    "updated": 0
  },
  {
    "id": "cfb0bfd2-1acc-4cda-ad51-9154c5c992f4",
    "data": [
      {
        "text": "no I ",
        "userDefined": false
      },
      {
        "text": "don\u0027t",
        "meta": "@sys.ignore",
        "userDefined": false
      }
    ],
    "isTemplate": false,
    "count": 0,
    "lang": "en-us",
    "updated": 0
  },
  {
    "id": "e72b7116-6286-4b00-8f04-4b75cbca242a",
    "data": [
      {
        "text": "not ",
        "userDefined": false
      },
      {
        "text": "today",
        "meta": "@sys.ignore",
        "userDefined": false
      }
    ],
    "isTemplate": false,
    "count": 0,
    "lang": "en-us",
    "updated": 0
  },
  {
    "id": "572ec3c7-ca66-4344-aa60-600507572d47",
    "data": [
      {
        "text": "no sorry",
        "userDefined": false
      }
    ],
    "isTemplate": false,
    "count": 0,
    "lang": "en-us",
    "updated": 0
  },
  {
    "id": "3e8d55c6-dfe1-406b-933b-00f3fc3e4291",
    "data": [
      {
        "text": "not that",
        "userDefined": false
      }
    ],
    "isTemplate": false,
    "count": 0,
    "lang": "en-us",
    "updated": 0
  },
  {
    "id": "be47f6dd-755c-418c-b5b6-f1be5280c414",
    "data": [
      {
        "text": "nope sorry",
        "userDefined": false
      }
    ],
    "isTemplate": false,
    "count": 0,
    "lang": "en-us",
    "updated": 0
  },
  {
    "id": "231b6451-265e-44b3-bdb7-433609b91c7b",
    "data": [
      {
        "text": "no ",
        "userDefined": false
      },
      {
        "text": "don\u0027",
        "meta": "@sys.ignore",
        "userDefined": false
      },
      {
        "text": "t do that",
        "userDefined": false
      }
    ],
    "isTemplate": false,
    "count": 0,
    "lang": "en-us",
    "updated": 0
  },
  {
    "id": "cbe78cf3-81af-467d-8ec6-01419162e573",
    "data": [
      {
        "text": "no do not",
        "userDefined": false
      }
    ],
    "isTemplate": false,
    "count": 0,
    "lang": "en-us",
    "updated": 0
  },
  {
    "id": "76ec6036-3cd5-42dd-8f3c-5dfa075cc650",
    "data": [
      {
        "text": "no",
        "userDefined": false
      }
    ],
    "isTemplate": false,
    "count": 0,
    "lang": "en-us",
    "updated": 0
  },
  {
    "id": "07f8dc57-4890-41eb-8f91-9530376eb8da",
    "data": [
      {
        "text": "nooo",
        "userDefined": false
      }
    ],
    "isTemplate": false,
    "count": 0,
    "lang": "en-us",
    "updated": 0
  },
  {
    "id": "e673475c-a402-4766-ae0c-d7e6d634645c",
    "data": [
      {
        "text": "no don\u0027t",
        "userDefined": false
      }
    ],
    "isTemplate": false,
    "count": 0,
    "lang": "en-us",
    "updated": 0
  },
  {
    "id": "5b59a4f3-bd07-49a3-b6ee-0c916dbb6580",
    "data": [
      {
        "text": "nah",
        "userDefined": false
      }
    ],
    "isTemplate": false,
    "count": 0,
    "lang": "en-us",
    "updated": 0
  },
  {
    "id": "0d16e397-5d27-4d4b-b4e3-7241528997f8",
    "data": [
      {
        "text": "no incorrect",
        "userDefined": false
      }
    ],
    "isTemplate": false,
    "count": 0,
    "lang": "en-us",
    "updated": 0
  },
  {
    "id": "fddd4055-86e5-44ec-9383-bf79fcd18b0d",
    "data": [
      {
        "text": "no ",
        "userDefined": false
      },
      {
        "text": "it\u0027s",
        "meta": "@sys.ignore",
        "userDefined": false
      },
      {
        "text": " not",
        "userDefined": false
      }
    ],
    "isTemplate": false,
    "count": 0,
    "lang": "en-us",
    "updated": 0
  },
  {
    "id": "8cfe50e9-cf95-4664-a3a2-2569500543e7",
    "data": [
      {
        "text": "I ",
        "userDefined": false
      },
      {
        "text": "don",
        "meta": "@sys.ignore",
        "userDefined": false
      },
      {
        "text": "\u0027t want",
        "userDefined": false
      }
    ],
    "isTemplate": false,
    "count": 0,
    "lang": "en-us",
    "updated": 0
  },
  {
    "id": "d1c733df-e6e7-4026-ba0f-43b20b639cf9",
    "data": [
      {
        "text": "let \u0027s not",
        "userDefined": false
      }
    ],
    "isTemplate": false,
    "count": 0,
    "lang": "en-us",
    "updated": 0
  },
  {
    "id": "a1e1af9d-d3b1-4180-901e-2ab8996b0c87",
    "data": [
      {
        "text": "not interested",
        "userDefined": false
      }
    ],
    "isTemplate": false,
    "count": 0,
    "lang": "en-us",
    "updated": 0
  },
  {
    "id": "d06033ef-9261-4cdc-b07e-164ac8bc2372",
    "data": [
      {
        "text": "absolutely not",
        "userDefined": false
      }
    ],
    "isTemplate": false,
    "count": 1,
    "lang": "en-us",
    "updated": 0
  },
  {
    "id": "0587b7e4-2d58-4141-a0bc-5ba359b1b4a0",
    "data": [
      {
        "text": "not really",
        "userDefined": false
      }
    ],
    "isTemplate": false,
    "count": 1,
    "lang": "en-us",
    "updated": 0
  },
  {
    "id": "76c16383-8050-47cd-955c-b9ea3bd67ea2",
    "data": [
      {
        "text": "no need thanks",
        "userDefined": false
      }
    ],
    "isTemplate": false,
    "count": 0,
    "lang": "en-us",
    "updated": 0
  },
  {
    "id": "2df34032-b35b-4a50-b689-b2b85c67f00f",
    "data": [
      {
        "text": "not ",
        "userDefined": false
      },
      {
        "text": "right now",
        "meta": "@sys.ignore",
        "userDefined": false
      },
      {
        "text": " thanks",
        "userDefined": false
      }
    ],
    "isTemplate": false,
    "count": 0,
    "lang": "en-us",
    "updated": 0
  },
  {
    "id": "a8ea1203-ed5b-4eb9-bd14-c09442f1ad12",
    "data": [
      {
        "text": "no ",
        "userDefined": false
      },
      {
        "text": "thank you",
        "meta": "@sys.ignore",
        "userDefined": false
      },
      {
        "text": " not ",
        "userDefined": false
      },
      {
        "text": "right now",
        "meta": "@sys.ignore",
        "userDefined": false
      }
    ],
    "isTemplate": false,
    "count": 0,
    "lang": "en-us",
    "updated": 0
  },
  {
    "id": "5613e425-1f79-4304-9af4-1f00b5e19841",
    "data": [
      {
        "text": "I ",
        "userDefined": false
      },
      {
        "text": "don\u0027t",
        "meta": "@sys.ignore",
        "userDefined": false
      },
      {
        "text": " think so",
        "userDefined": false
      }
    ],
    "isTemplate": false,
    "count": 0,
    "lang": "en-us",
    "updated": 0
  },
  {
    "id": "9a54ae0b-78fb-48e9-9199-973c100f1668",
    "data": [
      {
        "text": "no just no",
        "userDefined": false
      }
    ],
    "isTemplate": false,
    "count": 0,
    "lang": "en-us",
    "updated": 0
  },
  {
    "id": "47ffde48-27f0-4436-8282-dc03ecb7da38",
    "data": [
      {
        "text": "I disagree",
        "userDefined": false
      }
    ],
    "isTemplate": false,
    "count": 0,
    "lang": "en-us",
    "updated": 0
  },
  {
    "id": "8dbd4be8-f61d-40d9-ac22-7791f2b2ce65",
    "data": [
      {
        "text": "no never",
        "userDefined": false
      }
    ],
    "isTemplate": false,
    "count": 0,
    "lang": "en-us",
    "updated": 0
  },
  {
    "id": "e8652516-d86f-4c15-8df4-05d35bcf5181",
    "data": [
      {
        "text": "I say no",
        "userDefined": false
      }
    ],
    "isTemplate": false,
    "count": 0,
    "lang": "en-us",
    "updated": 0
  },
  {
    "id": "bc18653d-7dff-4eee-9e45-c09f7b47bffc",
    "data": [
      {
        "text": "I said no",
        "userDefined": false
      }
    ],
    "isTemplate": false,
    "count": 0,
    "lang": "en-us",
    "updated": 0
  },
  {
    "id": "41c3d6f8-ed51-448c-9642-c2053cdbc804",
    "data": [
      {
        "text": "don t have a sense",
        "userDefined": false
      }
    ],
    "isTemplate": false,
    "count": 0,
    "lang": "en-us",
    "updated": 0
  },
  {
    "id": "630fa59a-e306-45f4-b21f-95846d5a28fd",
    "data": [
      {
        "text": "no thanks",
        "userDefined": false
      }
    ],
    "isTemplate": false,
    "count": 1,
    "lang": "en-us",
    "updated": 0
  },
  {
    "id": "1645e89f-2900-47d8-8648-4622b21b3c4f",
    "data": [
      {
        "text": "no need",
        "userDefined": false
      }
    ],
    "isTemplate": false,
    "count": 0,
    "lang": "en-us",
    "updated": 0
  },
  {
    "id": "eac88b91-2f22-4ffa-bfa0-b2edea73f766",
    "data": [
      {
        "text": "not really no",
        "userDefined": false
      }
    ],
    "isTemplate": false,
    "count": 0,
    "lang": "en-us",
    "updated": 0
  },
  {
    "id": "7cb4f24f-56de-4c2e-8020-daf5629160a1",
    "data": [
      {
        "text": "how ",
        "userDefined": false
      },
      {
        "text": "about",
        "meta": "@sys.ignore",
        "userDefined": false
      },
      {
        "text": " no",
        "userDefined": false
      }
    ],
    "isTemplate": false,
    "count": 0,
    "lang": "en-us",
    "updated": 0
  },
  {
    "id": "b8f3aa34-af01-4087-8529-6bed9679d270",
    "data": [
      {
        "text": "actually no",
        "userDefined": false
      }
    ],
    "isTemplate": false,
    "count": 1,
    "lang": "en-us",
    "updated": 0
  },
  {
    "id": "9b307b31-cf93-4d6f-a2e7-ca0957355190",
    "data": [
      {
        "text": "no thank you though",
        "userDefined": false
      }
    ],
    "isTemplate": false,
    "count": 0,
    "lang": "en-us",
    "updated": 0
  },
  {
    "id": "d58d93fb-81f4-48d9-96ab-de8856d82019",
    "data": [
      {
        "text": "I ",
        "userDefined": false
      },
      {
        "text": "don\u0027t",
        "meta": "@sys.ignore",
        "userDefined": false
      },
      {
        "text": " want to",
        "userDefined": false
      }
    ],
    "isTemplate": false,
    "count": 0,
    "lang": "en-us",
    "updated": 0
  },
  {
    "id": "41da498e-5b39-4aea-917b-6ff4023093ad",
    "data": [
      {
        "text": "no but thank you",
        "userDefined": false
      }
    ],
    "isTemplate": false,
    "count": 0,
    "lang": "en-us",
    "updated": 0
  },
  {
    "id": "0d2818a0-d157-488d-baee-ac0e335d6fc1",
    "data": [
      {
        "text": "definitely not",
        "userDefined": false
      }
    ],
    "isTemplate": false,
    "count": 0,
    "lang": "en-us",
    "updated": 0
  },
  {
    "id": "110c3f0c-61e6-4163-8803-068898600d8b",
    "data": [
      {
        "text": "not this",
        "userDefined": false
      }
    ],
    "isTemplate": false,
    "count": 0,
    "lang": "en-us",
    "updated": 0
  },
  {
    "id": "7ef22459-6397-4183-8358-8b628e9d91f4",
    "data": [
      {
        "text": "no thanks not right now",
        "userDefined": false
      }
    ],
    "isTemplate": false,
    "count": 0,
    "lang": "en-us",
    "updated": 0
  },
  {
    "id": "a455332c-06dd-44a3-a5cc-3aa408720042",
    "data": [
      {
        "text": "thanks but no thanks",
        "userDefined": false
      }
    ],
    "isTemplate": false,
    "count": 0,
    "lang": "en-us",
    "updated": 0
  },
  {
    "id": "8ced575d-1884-440f-9992-9c75e6bd9380",
    "data": [
      {
        "text": "I\u0027m not",
        "userDefined": false
      }
    ],
    "isTemplate": false,
    "count": 1,
    "lang": "en-us",
    "updated": 0
  },
  {
    "id": "e31f3511-4a68-4212-9dfd-06fccfadbfa2",
    "data": [
      {
        "text": "don\u0027t",
        "userDefined": false
      }
    ],
    "isTemplate": false,
    "count": 0,
    "lang": "en-us",
    "updated": 0
  },
  {
    "id": "0b58fc59-6f53-40a5-a120-ecd78b8e15fc",
    "data": [
      {
        "text": "no I would not",
        "userDefined": false
      }
    ],
    "isTemplate": false,
    "count": 0,
    "lang": "en-us",
    "updated": 0
  },
  {
    "id": "c64b968c-2447-4db2-847d-558ae6051e10",
    "data": [
      {
        "text": "no actually",
        "userDefined": false
      }
    ],
    "isTemplate": false,
    "count": 1,
    "lang": "en-us",
    "updated": 0
  },
  {
    "id": "62b83796-23a0-4c0e-af6b-93f61bbabf19",
    "data": [
      {
        "text": "no that\u0027s ",
        "userDefined": false
      },
      {
        "text": "fine",
        "meta": "@sys.ignore",
        "userDefined": false
      },
      {
        "text": " ",
        "userDefined": false
      },
      {
        "text": "thank you",
        "meta": "@sys.ignore",
        "userDefined": false
      }
    ],
    "isTemplate": false,
    "count": 0,
    "lang": "en-us",
    "updated": 0
  },
  {
    "id": "305e08d2-b121-47d0-97bf-d55997e243be",
    "data": [
      {
        "text": "disagree",
        "userDefined": false
      }
    ],
    "isTemplate": false,
    "count": 0,
    "lang": "en-us",
    "updated": 0
  },
  {
    "id": "82e4b4cd-df5d-4529-9fe9-2ff9a6f17ca1",
    "data": [
      {
        "text": "no way",
        "userDefined": false
      }
    ],
    "isTemplate": false,
    "count": 0,
    "lang": "en-us",
    "updated": 0
  },
  {
    "id": "5c6e8091-1fb1-4b66-9498-c40b69e89205",
    "data": [
      {
        "text": "no thank you very much",
        "userDefined": false
      }
    ],
    "isTemplate": false,
    "count": 0,
    "lang": "en-us",
    "updated": 0
  },
  {
    "id": "21fab61c-44bb-47b8-bf3e-4e5a65c71f06",
    "data": [
      {
        "text": "no tanks",
        "userDefined": false
      }
    ],
    "isTemplate": false,
    "count": 0,
    "lang": "en-us",
    "updated": 0
  },
  {
    "id": "27dac67c-f730-42bf-858d-dc381985d135",
    "data": [
      {
        "text": "not this time",
        "userDefined": false
      }
    ],
    "isTemplate": false,
    "count": 0,
    "lang": "en-us",
    "updated": 0
  },
  {
    "id": "20efa313-1acd-4047-96f6-da7dbb93a485",
    "data": [
      {
        "text": "no ",
        "userDefined": false
      },
      {
        "text": "leave",
        "meta": "@sys.ignore",
        "userDefined": false
      },
      {
        "text": " ",
        "userDefined": false
      },
      {
        "text": "it",
        "meta": "@sys.ignore",
        "userDefined": false
      }
    ],
    "isTemplate": false,
    "count": 0,
    "lang": "en-us",
    "updated": 0
  },
  {
    "id": "6b43442e-8e42-4884-8308-c8fb5d08473a",
    "data": [
      {
        "text": "no ",
        "userDefined": false
      },
      {
        "text": "it",
        "meta": "@sys.ignore",
        "userDefined": false
      },
      {
        "text": " isn\u0027t",
        "userDefined": false
      }
    ],
    "isTemplate": false,
    "count": 0,
    "lang": "en-us",
    "updated": 0
  },
  {
    "id": "6762b2f9-0402-4778-9bab-a085493d4e52",
    "data": [
      {
        "text": "apparently not",
        "userDefined": false
      }
    ],
    "isTemplate": false,
    "count": 0,
    "lang": "en-us",
    "updated": 0
  },
  {
    "id": "57890979-ebda-40d1-a116-81a83f165e34",
    "data": [
      {
        "text": "nope",
        "userDefined": false
      }
    ],
    "isTemplate": false,
    "count": 1,
    "lang": "en-us",
    "updated": 0
  }
]