[
  {
    "id": "89d8636b-0a9c-4aca-810e-b02a5bbc7fd5",
    "data": [
      {
        "text": "hello hello",
        "userDefined": false
      }
    ],
    "isTemplate": false,
    "count": 0,
    "lang": "en-in",
    "updated": 0
  },
  {
    "id": "a4fede4b-8ddc-4033-a327-152c2ed96867",
    "data": [
      {
        "text": "hello",
        "userDefined": false
      }
    ],
    "isTemplate": false,
    "count": 0,
    "lang": "en-in",
    "updated": 0
  },
  {
    "id": "354216f0-c039-40db-a0f3-c15c7f9e781d",
    "data": [
      {
        "text": "afternoon",
        "userDefined": false
      }
    ],
    "isTemplate": false,
    "count": 0,
    "lang": "en-in",
    "updated": 0
  },
  {
    "id": "f9b5b150-25f0-436d-9a22-09cd27454c11",
    "data": [
      {
        "text": "hey",
        "userDefined": false
      }
    ],
    "isTemplate": false,
    "count": 0,
    "lang": "en-in",
    "updated": 0
  },
  {
    "id": "8fa13f65-e014-406e-857d-7ab664c587cf",
    "data": [
      {
        "text": "a good day",
        "userDefined": false
      }
    ],
    "isTemplate": false,
    "count": 0,
    "lang": "en-in",
    "updated": 0
  },
  {
    "id": "9aa1640e-6299-42a8-bddc-ede861642041",
    "data": [
      {
        "text": "hi there",
        "userDefined": false
      }
    ],
    "isTemplate": false,
    "count": 0,
    "lang": "en-in",
    "updated": 0
  },
  {
    "id": "1dd14ae0-ca47-4097-891a-c06a5ae61288",
    "data": [
      {
        "text": "heya",
        "userDefined": false
      }
    ],
    "isTemplate": false,
    "count": 0,
    "lang": "en-in",
    "updated": 0
  },
  {
    "id": "5b95d712-a8bf-4533-b601-10f9cc1677da",
    "data": [
      {
        "text": "long",
        "meta": "@sys.ignore",
        "userDefined": true
      },
      {
        "text": " time no see",
        "userDefined": false
      }
    ],
    "isTemplate": false,
    "count": 0,
    "lang": "en-in",
    "updated": 0
  },
  {
    "id": "b061f505-eed1-4bf9-8bd4-5ef0365f9c2a",
    "data": [
      {
        "text": "greetings",
        "userDefined": false
      }
    ],
    "isTemplate": false,
    "count": 0,
    "lang": "en-in",
    "updated": 0
  },
  {
    "id": "5aba0308-650b-45b8-80b7-75aa240ec096",
    "data": [
      {
        "text": "I greet you",
        "userDefined": false
      }
    ],
    "isTemplate": false,
    "count": 0,
    "lang": "en-in",
    "updated": 0
  },
  {
    "id": "8db331bf-92e6-44b1-8143-a219e8a90717",
    "data": [
      {
        "text": "hi",
        "userDefined": false
      }
    ],
    "isTemplate": false,
    "count": 0,
    "lang": "en-in",
    "updated": 0
  },
  {
    "id": "fff34b34-5249-4241-a3a9-6c075c214c2f",
    "data": [
      {
        "text": "just going to say hi",
        "userDefined": false
      }
    ],
    "isTemplate": false,
    "count": 0,
    "lang": "en-in",
    "updated": 0
  },
  {
    "id": "9007a837-ed08-4883-8585-9127a10c396a",
    "data": [
      {
        "text": "howdy",
        "userDefined": false
      }
    ],
    "isTemplate": false,
    "count": 0,
    "lang": "en-in",
    "updated": 0
  },
  {
    "id": "1839dba9-2975-4a23-8f60-84c491fcec74",
    "data": [
      {
        "text": "lovely",
        "meta": "@sys.ignore",
        "userDefined": true
      },
      {
        "text": " ",
        "userDefined": false
      },
      {
        "text": "day",
        "meta": "@sys.ignore",
        "userDefined": true
      },
      {
        "text": " isn\u0027t ",
        "userDefined": false
      },
      {
        "text": "it",
        "meta": "@sys.ignore",
        "userDefined": true
      }
    ],
    "isTemplate": false,
    "count": 0,
    "lang": "en-in",
    "updated": 0
  },
  {
    "id": "2da2aed2-74a3-4275-8689-b6c7dce42c49",
    "data": [
      {
        "text": "hello there",
        "userDefined": false
      }
    ],
    "isTemplate": false,
    "count": 2,
    "lang": "en-in",
    "updated": 0
  },
  {
    "id": "f4907b22-7af0-4518-aaa6-d5889430bf54",
    "data": [
      {
        "text": "hi",
        "meta": "@sys.ignore",
        "userDefined": true
      },
      {
        "text": " there",
        "userDefined": false
      }
    ],
    "isTemplate": false,
    "count": 0,
    "lang": "en-in",
    "updated": 0
  },
  {
    "id": "b57b2a02-0d1a-4525-9692-8adf6ca82836",
    "data": [
      {
        "text": "hello hi",
        "userDefined": false
      }
    ],
    "isTemplate": false,
    "count": 0,
    "lang": "en-in",
    "updated": 0
  },
  {
    "id": "4a594347-8331-4056-8428-2591135b4872",
    "data": [
      {
        "text": "hello again",
        "userDefined": false
      }
    ],
    "isTemplate": false,
    "count": 1,
    "lang": "en-in",
    "updated": 0
  },
  {
    "id": "7a1eb025-53fb-4e24-9154-cbc69f83ecb9",
    "data": [
      {
        "text": "hey there",
        "userDefined": false
      }
    ],
    "isTemplate": false,
    "count": 1,
    "lang": "en-in",
    "updated": 0
  }
]