[
  {
    "id": "c1afe228-ebf8-4ebc-a535-77d721397a64",
    "data": [
      {
        "text": "boring",
        "meta": "@sys.ignore",
        "userDefined": false
      }
    ],
    "isTemplate": false,
    "count": 0,
    "lang": "en",
    "updated": 0
  },
  {
    "id": "55e79f0a-78f7-462a-ad3c-49199ffe24af",
    "data": [
      {
        "text": "very ",
        "userDefined": false
      },
      {
        "text": "boring",
        "meta": "@sys.ignore",
        "userDefined": false
      }
    ],
    "isTemplate": false,
    "count": 0,
    "lang": "en",
    "updated": 0
  },
  {
    "id": "3233b37e-65f9-45d2-bcc9-9da5407a0d92",
    "data": [
      {
        "text": "that was ",
        "userDefined": false
      },
      {
        "text": "boring",
        "meta": "@sys.ignore",
        "userDefined": false
      }
    ],
    "isTemplate": false,
    "count": 0,
    "lang": "en",
    "updated": 0
  },
  {
    "id": "c66e4513-237b-4577-a089-e5ca2dc78eea",
    "data": [
      {
        "text": "this is ",
        "userDefined": false
      },
      {
        "text": "boring",
        "meta": "@sys.ignore",
        "userDefined": false
      }
    ],
    "isTemplate": false,
    "count": 0,
    "lang": "en",
    "updated": 0
  },
  {
    "id": "c8c0adbf-2415-4e50-836a-e63460fdb4c1",
    "data": [
      {
        "text": "I\u0027m bored",
        "userDefined": false
      }
    ],
    "isTemplate": false,
    "count": 0,
    "lang": "en",
    "updated": 0
  },
  {
    "id": "b06c5092-254b-4abf-a8d8-75a98f165109",
    "data": [
      {
        "text": "I am getting bored",
        "userDefined": false
      }
    ],
    "isTemplate": false,
    "count": 0,
    "lang": "en",
    "updated": 0
  },
  {
    "id": "68a9fcce-370d-47f5-af19-f943da2ab92d",
    "data": [
      {
        "text": "bored",
        "userDefined": false
      }
    ],
    "isTemplate": false,
    "count": 0,
    "lang": "en",
    "updated": 0
  },
  {
    "id": "118d0c32-2a7f-4554-af6f-cbb44cede59c",
    "data": [
      {
        "text": "it bores me",
        "userDefined": false
      }
    ],
    "isTemplate": false,
    "count": 0,
    "lang": "en",
    "updated": 0
  }
]