[
  {
    "id": "a2b77ba2-9de5-42b9-83e1-bddec974d8dd",
    "data": [
      {
        "text": "time",
        "meta": "@sys.ignore",
        "userDefined": false
      }
    ],
    "isTemplate": false,
    "count": 0,
    "lang": "en-ca",
    "updated": 0
  },
  {
    "id": "e2069619-17ec-4348-8d0d-150602d1eda7",
    "data": [
      {
        "text": "what is the time",
        "userDefined": false
      }
    ],
    "isTemplate": false,
    "count": 1,
    "lang": "en-ca",
    "updated": 0
  },
  {
    "id": "9f5baeed-2966-4726-b10f-759484db4f0a",
    "data": [
      {
        "text": "time please",
        "userDefined": false
      }
    ],
    "isTemplate": false,
    "count": 0,
    "lang": "en-ca",
    "updated": 0
  },
  {
    "id": "f34f9edd-7275-4f8d-a50a-0cc9c690e6ed",
    "data": [
      {
        "text": "what\u0027s the time",
        "userDefined": false
      }
    ],
    "isTemplate": false,
    "count": 0,
    "lang": "en-ca",
    "updated": 0
  },
  {
    "id": "cc599a2b-2b45-462b-89ea-85ed4bea9ef5",
    "data": [
      {
        "text": "what time is it",
        "userDefined": false
      }
    ],
    "isTemplate": false,
    "count": 0,
    "lang": "en-ca",
    "updated": 0
  }
]