[
  {
    "id": "62eb832b-8608-4820-ac0f-78945e2234be",
    "data": [
      {
        "text": "time",
        "meta": "@sys.ignore",
        "userDefined": false
      }
    ],
    "isTemplate": false,
    "count": 0,
    "lang": "en-au",
    "updated": 0
  },
  {
    "id": "3bba6de8-58ab-4e0f-93a0-09f4b6bff6ad",
    "data": [
      {
        "text": "what is the time",
        "userDefined": false
      }
    ],
    "isTemplate": false,
    "count": 1,
    "lang": "en-au",
    "updated": 0
  },
  {
    "id": "5b2d4a9f-e8de-453c-a112-da93583f099f",
    "data": [
      {
        "text": "time please",
        "userDefined": false
      }
    ],
    "isTemplate": false,
    "count": 0,
    "lang": "en-au",
    "updated": 0
  },
  {
    "id": "935b8c3b-6b67-487a-befa-104b76733fb0",
    "data": [
      {
        "text": "what\u0027s the time",
        "userDefined": false
      }
    ],
    "isTemplate": false,
    "count": 0,
    "lang": "en-au",
    "updated": 0
  },
  {
    "id": "1c813d56-9355-4bc5-adb7-8e300fb87a7f",
    "data": [
      {
        "text": "what time is it",
        "userDefined": false
      }
    ],
    "isTemplate": false,
    "count": 0,
    "lang": "en-au",
    "updated": 0
  }
]