[
  {
    "id": "2cb6dfbf-a281-4082-b891-58f1b0a467ed",
    "data": [
      {
        "text": "time",
        "meta": "@sys.ignore",
        "userDefined": false
      }
    ],
    "isTemplate": false,
    "count": 0,
    "lang": "en",
    "updated": 0
  },
  {
    "id": "583c88e9-6378-4c14-af0e-6dc0aff7d70c",
    "data": [
      {
        "text": "what is the time",
        "userDefined": false
      }
    ],
    "isTemplate": false,
    "count": 1,
    "lang": "en",
    "updated": 0
  },
  {
    "id": "5d12595a-4cd5-4b2e-a0cc-fe1a89ad981c",
    "data": [
      {
        "text": "time please",
        "userDefined": false
      }
    ],
    "isTemplate": false,
    "count": 0,
    "lang": "en",
    "updated": 0
  },
  {
    "id": "371b08b0-3bf4-48b3-832d-fda3e823466f",
    "data": [
      {
        "text": "what\u0027s the time",
        "userDefined": false
      }
    ],
    "isTemplate": false,
    "count": 0,
    "lang": "en",
    "updated": 0
  },
  {
    "id": "57b02c15-1eed-45b5-bacb-dcd240ec5546",
    "data": [
      {
        "text": "what time is it",
        "userDefined": false
      }
    ],
    "isTemplate": false,
    "count": 0,
    "lang": "en",
    "updated": 0
  }
]