[
  {
    "id": "90a61358-c540-40e6-9c14-3ced7fc8ffdd",
    "data": [
      {
        "text": "time",
        "meta": "@sys.ignore",
        "userDefined": false
      }
    ],
    "isTemplate": false,
    "count": 0,
    "lang": "en-us",
    "updated": 0
  },
  {
    "id": "ddb94420-799e-49d9-8a3c-b82e64ddac1d",
    "data": [
      {
        "text": "what is the time",
        "userDefined": false
      }
    ],
    "isTemplate": false,
    "count": 1,
    "lang": "en-us",
    "updated": 0
  },
  {
    "id": "2be88561-10bc-4407-8325-5de966d00a80",
    "data": [
      {
        "text": "time please",
        "userDefined": false
      }
    ],
    "isTemplate": false,
    "count": 0,
    "lang": "en-us",
    "updated": 0
  },
  {
    "id": "1d760c04-df0d-4123-b34b-ab76352459b9",
    "data": [
      {
        "text": "what\u0027s the time",
        "userDefined": false
      }
    ],
    "isTemplate": false,
    "count": 0,
    "lang": "en-us",
    "updated": 0
  },
  {
    "id": "27651c41-afd2-41dc-9830-29f7ce1845ce",
    "data": [
      {
        "text": "what time is it",
        "userDefined": false
      }
    ],
    "isTemplate": false,
    "count": 0,
    "lang": "en-us",
    "updated": 0
  }
]