[
  {
    "id": "5ea25640-80fa-468e-9ef7-0b7d8366f93a",
    "data": [
      {
        "text": "what is the ",
        "userDefined": false
      },
      {
        "text": "traffic",
        "meta": "@sys.ignore",
        "userDefined": true
      },
      {
        "text": " like in ",
        "userDefined": false
      },
      {
        "text": "Louisville",
        "meta": "@sys.location",
        "alias": "address",
        "userDefined": true
      }
    ],
    "isTemplate": false,
    "count": 0,
    "lang": "en",
    "updated": 0
  },
  {
    "id": "bdeb4d2f-8bc1-4a67-935e-7ff60c24ce3d",
    "data": [
      {
        "text": "are",
        "meta": "@sys.ignore",
        "userDefined": true
      },
      {
        "text": " there any ",
        "userDefined": false
      },
      {
        "text": "accidents",
        "meta": "@traffic-event",
        "alias": "event",
        "userDefined": true
      },
      {
        "text": " ",
        "userDefined": false
      },
      {
        "text": "right now",
        "meta": "@sys.ignore",
        "userDefined": true
      }
    ],
    "isTemplate": false,
    "count": 0,
    "lang": "en",
    "updated": 0
  },
  {
    "id": "4d18f20e-4202-446e-a61a-bb0d7d49bf58",
    "data": [
      {
        "text": "traffic in ",
        "userDefined": false
      },
      {
        "text": "San Francisco",
        "meta": "@sys.location",
        "alias": "address",
        "userDefined": true
      }
    ],
    "isTemplate": false,
    "count": 0,
    "lang": "en",
    "updated": 0
  },
  {
    "id": "19a2c05d-0144-4e3c-b9de-6257d48967ee",
    "data": [
      {
        "text": "any ",
        "userDefined": false
      },
      {
        "text": "road works",
        "meta": "@traffic-event",
        "alias": "event",
        "userDefined": true
      },
      {
        "text": " ",
        "userDefined": false
      },
      {
        "text": "nearby",
        "meta": "@sys.ignore",
        "userDefined": true
      }
    ],
    "isTemplate": false,
    "count": 0,
    "lang": "en",
    "updated": 0
  },
  {
    "id": "f3601c81-5976-4edf-b5df-a4cf7e5797c9",
    "data": [
      {
        "text": "report if there are any ",
        "userDefined": false
      },
      {
        "text": "accidents",
        "meta": "@traffic-event",
        "alias": "event",
        "userDefined": true
      },
      {
        "text": " near here",
        "userDefined": false
      }
    ],
    "isTemplate": false,
    "count": 0,
    "lang": "en",
    "updated": 0
  },
  {
    "id": "3f1e33ea-711d-41bc-8c3f-f822beda8fc1",
    "data": [
      {
        "text": "road ",
        "userDefined": false
      },
      {
        "text": "accidents",
        "meta": "@traffic-event",
        "alias": "event",
        "userDefined": true
      },
      {
        "text": " ",
        "userDefined": false
      },
      {
        "text": "nearby",
        "meta": "@sys.ignore",
        "userDefined": true
      }
    ],
    "isTemplate": false,
    "count": 1,
    "lang": "en",
    "updated": 0
  },
  {
    "id": "f327998f-ef0b-48e5-9c86-78a10ff05b6a",
    "data": [
      {
        "text": "how is the traffic in ",
        "userDefined": false
      },
      {
        "text": "San Francisco",
        "meta": "@sys.location",
        "alias": "address",
        "userDefined": true
      }
    ],
    "isTemplate": false,
    "count": 0,
    "lang": "en",
    "updated": 0
  },
  {
    "id": "935fa70c-41d6-452e-9579-741390ee83f0",
    "data": [
      {
        "text": "are",
        "meta": "@sys.ignore",
        "userDefined": true
      },
      {
        "text": " there ",
        "userDefined": false
      },
      {
        "text": "road works",
        "meta": "@traffic-event",
        "alias": "event",
        "userDefined": true
      },
      {
        "text": " near ",
        "userDefined": false
      },
      {
        "text": "Paris",
        "meta": "@sys.location",
        "alias": "address",
        "userDefined": true
      }
    ],
    "isTemplate": false,
    "count": 0,
    "lang": "en",
    "updated": 0
  },
  {
    "id": "55a99a98-aeea-48db-81f0-9e4a7bd8d3cf",
    "data": [
      {
        "text": "tell me the traffic for my location",
        "userDefined": false
      }
    ],
    "isTemplate": false,
    "count": 1,
    "lang": "en",
    "updated": 0
  },
  {
    "id": "050399c8-379b-4d40-8c8d-6c11a224262e",
    "data": [
      {
        "text": "what is the ",
        "userDefined": false
      },
      {
        "text": "traffic",
        "meta": "@sys.ignore",
        "userDefined": true
      },
      {
        "text": " like near ",
        "userDefined": false
      },
      {
        "text": "Hollywood",
        "meta": "@sys.location",
        "alias": "address",
        "userDefined": true
      }
    ],
    "isTemplate": false,
    "count": 0,
    "lang": "en",
    "updated": 0
  },
  {
    "id": "532cb309-71c1-4314-917b-dd0627256d32",
    "data": [
      {
        "text": "please show me a ",
        "userDefined": false
      },
      {
        "text": "traffic",
        "meta": "@sys.ignore",
        "userDefined": true
      },
      {
        "text": " ",
        "userDefined": false
      },
      {
        "text": "map",
        "meta": "@sys.ignore",
        "userDefined": true
      },
      {
        "text": " ",
        "userDefined": false
      },
      {
        "text": "of",
        "meta": "@sys.ignore",
        "userDefined": true
      },
      {
        "text": " my location",
        "userDefined": false
      }
    ],
    "isTemplate": false,
    "count": 0,
    "lang": "en",
    "updated": 0
  },
  {
    "id": "2882caf4-71cb-4b49-93e1-54f212d6648e",
    "data": [
      {
        "text": "where ",
        "userDefined": false
      },
      {
        "text": "are",
        "meta": "@sys.ignore",
        "userDefined": true
      },
      {
        "text": " the ",
        "userDefined": false
      },
      {
        "text": "traffic jams",
        "meta": "@traffic-event",
        "alias": "event",
        "userDefined": true
      }
    ],
    "isTemplate": false,
    "count": 0,
    "lang": "en",
    "updated": 0
  },
  {
    "id": "a7ad4006-1396-4222-bba0-69ecd923d62b",
    "data": [
      {
        "text": "are",
        "meta": "@sys.ignore",
        "userDefined": true
      },
      {
        "text": " there ",
        "userDefined": false
      },
      {
        "text": "traffic jams",
        "meta": "@traffic-event",
        "alias": "event",
        "userDefined": true
      },
      {
        "text": " ",
        "userDefined": false
      },
      {
        "text": "around here",
        "meta": "@sys.ignore",
        "userDefined": true
      }
    ],
    "isTemplate": false,
    "count": 0,
    "lang": "en",
    "updated": 0
  },
  {
    "id": "d4eee382-b953-4df6-80f5-9b72bdba1bc6",
    "data": [
      {
        "text": "any ",
        "userDefined": false
      },
      {
        "text": "accidents",
        "meta": "@traffic-event",
        "alias": "event",
        "userDefined": true
      },
      {
        "text": " on the road",
        "userDefined": false
      }
    ],
    "isTemplate": false,
    "count": 0,
    "lang": "en",
    "updated": 0
  },
  {
    "id": "0526e5c1-2c4c-4847-a504-27422ddb8f39",
    "data": [
      {
        "text": "are there ",
        "userDefined": false
      },
      {
        "text": "speed cameras",
        "meta": "@traffic-event",
        "alias": "event",
        "userDefined": true
      },
      {
        "text": " near me",
        "userDefined": false
      }
    ],
    "isTemplate": false,
    "count": 0,
    "lang": "en",
    "updated": 0
  },
  {
    "id": "d581afd9-63c4-47c8-a5ee-81ac75b88589",
    "data": [
      {
        "text": "traffic",
        "meta": "@sys.ignore",
        "userDefined": true
      },
      {
        "text": " report",
        "userDefined": false
      }
    ],
    "isTemplate": false,
    "count": 0,
    "lang": "en",
    "updated": 0
  },
  {
    "id": "5e105aae-3bed-44a1-b168-7f8c19a90492",
    "data": [
      {
        "text": "are there any ",
        "userDefined": false
      },
      {
        "text": "road works",
        "meta": "@traffic-event",
        "alias": "event",
        "userDefined": true
      },
      {
        "text": " nearby",
        "userDefined": false
      }
    ],
    "isTemplate": false,
    "count": 0,
    "lang": "en",
    "updated": 0
  },
  {
    "id": "7afccb2b-e300-4041-bc18-0b5008392f02",
    "data": [
      {
        "text": "are",
        "meta": "@sys.ignore",
        "userDefined": true
      },
      {
        "text": " there any ",
        "userDefined": false
      },
      {
        "text": "accidents",
        "meta": "@traffic-event",
        "alias": "event",
        "userDefined": true
      },
      {
        "text": " nearby",
        "userDefined": false
      }
    ],
    "isTemplate": false,
    "count": 0,
    "lang": "en",
    "updated": 0
  },
  {
    "id": "77b43075-8013-49fa-a274-8c6ad72b27c5",
    "data": [
      {
        "text": "how is the traffic today",
        "userDefined": false
      }
    ],
    "isTemplate": false,
    "count": 0,
    "lang": "en",
    "updated": 0
  },
  {
    "id": "69329825-17c5-4a2d-ab9a-3eb114906cc8",
    "data": [
      {
        "text": "are",
        "meta": "@sys.ignore",
        "userDefined": true
      },
      {
        "text": " there ",
        "userDefined": false
      },
      {
        "text": "speed cameras",
        "meta": "@traffic-event",
        "alias": "event",
        "userDefined": true
      },
      {
        "text": " near ",
        "userDefined": false
      },
      {
        "text": "Munich",
        "meta": "@sys.location",
        "alias": "address",
        "userDefined": true
      }
    ],
    "isTemplate": false,
    "count": 0,
    "lang": "en",
    "updated": 0
  },
  {
    "id": "633b0a47-ba81-4463-963c-56a0e0c42bc2",
    "data": [
      {
        "text": "what\u0027s ",
        "userDefined": false
      },
      {
        "text": "I-95",
        "meta": "@sys.location",
        "alias": "address",
        "userDefined": true
      },
      {
        "text": " looking like right now",
        "userDefined": false
      }
    ],
    "isTemplate": false,
    "count": 0,
    "lang": "en",
    "updated": 0
  },
  {
    "id": "297efd47-b71b-4967-b3a2-1e13730e5282",
    "data": [
      {
        "text": "what\u0027s the ",
        "userDefined": false
      },
      {
        "text": "traffic",
        "meta": "@sys.ignore",
        "userDefined": true
      },
      {
        "text": " now in ",
        "userDefined": false
      },
      {
        "text": "London",
        "meta": "@sys.location",
        "alias": "address",
        "userDefined": true
      }
    ],
    "isTemplate": false,
    "count": 0,
    "lang": "en",
    "updated": 0
  },
  {
    "id": "9747f9f3-6724-45e7-b202-cbb884f1c93a",
    "data": [
      {
        "text": "how\u0027s the ",
        "userDefined": false
      },
      {
        "text": "traffic",
        "meta": "@sys.ignore",
        "userDefined": true
      },
      {
        "text": " on the ",
        "userDefined": false
      },
      {
        "text": "I-205",
        "meta": "@sys.location",
        "alias": "address",
        "userDefined": true
      }
    ],
    "isTemplate": false,
    "count": 1,
    "lang": "en",
    "updated": 0
  },
  {
    "id": "126ae0bb-6789-4aa9-b2d1-1038b29e5b22",
    "data": [
      {
        "text": "give",
        "meta": "@sys.ignore",
        "userDefined": true
      },
      {
        "text": " me a ",
        "userDefined": false
      },
      {
        "text": "traffic",
        "meta": "@sys.ignore",
        "userDefined": true
      },
      {
        "text": " report for ",
        "userDefined": false
      },
      {
        "text": "Manhattan",
        "meta": "@sys.location",
        "alias": "address",
        "userDefined": true
      }
    ],
    "isTemplate": false,
    "count": 0,
    "lang": "en",
    "updated": 0
  }
]