[
  {
    "id": "acc82ca7-b94e-4e63-8594-1a1d680ad2f8",
    "data": [
      {
        "text": "are",
        "meta": "@sys.ignore",
        "userDefined": false
      },
      {
        "text": " there ",
        "userDefined": false
      },
      {
        "text": "traffic jams",
        "meta": "@traffic-event",
        "alias": "event",
        "userDefined": false
      },
      {
        "text": " ",
        "userDefined": false
      },
      {
        "text": "on my way",
        "meta": "@sys.ignore",
        "userDefined": false
      },
      {
        "text": " to ",
        "userDefined": false
      },
      {
        "text": "London",
        "meta": "@sys.location",
        "alias": "address-to",
        "userDefined": false
      }
    ],
    "isTemplate": false,
    "count": 0,
    "lang": "en",
    "updated": 0
  },
  {
    "id": "30b2ad93-7f2d-45b2-83cd-41d4e5a1c3ed",
    "data": [
      {
        "text": "traffic from ",
        "userDefined": false
      },
      {
        "text": "work",
        "meta": "@sys.location",
        "alias": "address-from",
        "userDefined": true
      },
      {
        "text": " to ",
        "userDefined": false
      },
      {
        "text": "home",
        "meta": "@sys.location",
        "alias": "address-to",
        "userDefined": true
      }
    ],
    "isTemplate": false,
    "count": 1,
    "lang": "en",
    "updated": 0
  },
  {
    "id": "a6317e48-27cd-4de7-81d0-813e37f392a5",
    "data": [
      {
        "text": "any ",
        "userDefined": false
      },
      {
        "text": "speed cameras",
        "meta": "@traffic-event",
        "alias": "event",
        "userDefined": true
      },
      {
        "text": " on my way",
        "userDefined": false
      }
    ],
    "isTemplate": false,
    "count": 0,
    "lang": "en",
    "updated": 0
  },
  {
    "id": "1c5741b6-2a21-476c-afff-01e8e8051f36",
    "data": [
      {
        "text": "what is the ",
        "userDefined": false
      },
      {
        "text": "traffic",
        "meta": "@sys.ignore",
        "userDefined": true
      },
      {
        "text": " like in ",
        "userDefined": false
      },
      {
        "text": "my way",
        "meta": "@sys.ignore",
        "userDefined": true
      }
    ],
    "isTemplate": false,
    "count": 0,
    "lang": "en",
    "updated": 0
  },
  {
    "id": "cfe56755-a00c-4484-959a-453e0cefa54f",
    "data": [
      {
        "text": "are there ",
        "userDefined": false
      },
      {
        "text": "traffic jams",
        "meta": "@traffic-event",
        "alias": "event",
        "userDefined": true
      },
      {
        "text": " on ",
        "userDefined": false
      },
      {
        "text": "my way",
        "meta": "@sys.ignore",
        "userDefined": true
      }
    ],
    "isTemplate": false,
    "count": 0,
    "lang": "en",
    "updated": 0
  },
  {
    "id": "267ae90c-7d60-44e8-9f6b-e194b719bde1",
    "data": [
      {
        "text": "traffic situation on the route to the ",
        "userDefined": false
      },
      {
        "text": "office",
        "meta": "@sys.location",
        "alias": "address-to",
        "userDefined": true
      }
    ],
    "isTemplate": false,
    "count": 0,
    "lang": "en",
    "updated": 0
  },
  {
    "id": "485bc582-03c4-43d0-a59f-5ecf9affa827",
    "data": [
      {
        "text": "will",
        "meta": "@sys.ignore",
        "userDefined": true
      },
      {
        "text": " there be ",
        "userDefined": false
      },
      {
        "text": "accidents",
        "meta": "@traffic-event",
        "alias": "event",
        "userDefined": true
      },
      {
        "text": " ",
        "userDefined": false
      },
      {
        "text": "on",
        "meta": "@sys.ignore",
        "userDefined": true
      },
      {
        "text": " ",
        "userDefined": false
      },
      {
        "text": "my way",
        "meta": "@sys.ignore",
        "userDefined": true
      },
      {
        "text": " to ",
        "userDefined": false
      },
      {
        "text": "work",
        "meta": "@sys.location",
        "alias": "address-to",
        "userDefined": true
      }
    ],
    "isTemplate": false,
    "count": 0,
    "lang": "en",
    "updated": 0
  },
  {
    "id": "9f57b2dc-30e6-4116-a5e0-81f10afa33a3",
    "data": [
      {
        "text": "traffic",
        "meta": "@sys.ignore",
        "userDefined": true
      },
      {
        "text": " ",
        "userDefined": false
      },
      {
        "text": "on my way",
        "meta": "@sys.ignore",
        "userDefined": true
      }
    ],
    "isTemplate": false,
    "count": 0,
    "lang": "en",
    "updated": 0
  },
  {
    "id": "7f06a327-fe3c-4115-8d19-aec9b49b33ad",
    "data": [
      {
        "text": "what\u0027s traffic like between ",
        "userDefined": false
      },
      {
        "text": "London",
        "meta": "@sys.location",
        "alias": "address-from",
        "userDefined": true
      },
      {
        "text": " and ",
        "userDefined": false
      },
      {
        "text": "Bristol",
        "meta": "@sys.location",
        "alias": "address-to",
        "userDefined": true
      }
    ],
    "isTemplate": false,
    "count": 0,
    "lang": "en",
    "updated": 0
  },
  {
    "id": "7c3dc114-44a3-4d7f-8c6a-7df6d269389e",
    "data": [
      {
        "text": "show me ",
        "userDefined": false
      },
      {
        "text": "traffic jams",
        "meta": "@traffic-event",
        "alias": "event",
        "userDefined": true
      },
      {
        "text": " on the way from ",
        "userDefined": false
      },
      {
        "text": "12 Grimmauld Place",
        "meta": "@sys.location",
        "alias": "address-from",
        "userDefined": true
      },
      {
        "text": " to ",
        "userDefined": false
      },
      {
        "text": "1938 Sulivan Ln",
        "meta": "@sys.location",
        "alias": "address-to",
        "userDefined": true
      }
    ],
    "isTemplate": false,
    "count": 0,
    "lang": "en",
    "updated": 0
  },
  {
    "id": "953a3447-89be-455f-94e0-c5f7307e28a1",
    "data": [
      {
        "text": "speed cameras",
        "meta": "@traffic-event",
        "alias": "event",
        "userDefined": true
      },
      {
        "text": " ",
        "userDefined": false
      },
      {
        "text": "on",
        "meta": "@sys.ignore",
        "userDefined": true
      },
      {
        "text": " ",
        "userDefined": false
      },
      {
        "text": "my way",
        "meta": "@sys.ignore",
        "userDefined": true
      },
      {
        "text": " to ",
        "userDefined": false
      },
      {
        "text": "Bristol",
        "meta": "@sys.location",
        "alias": "address-to",
        "userDefined": true
      },
      {
        "text": " from ",
        "userDefined": false
      },
      {
        "text": "New York",
        "meta": "@sys.location",
        "alias": "address-from",
        "userDefined": true
      }
    ],
    "isTemplate": false,
    "count": 1,
    "lang": "en",
    "updated": 0
  },
  {
    "id": "3ac683fa-ae3e-4538-bb42-297dfe70af7f",
    "data": [
      {
        "text": "how\u0027s the traffic from ",
        "userDefined": false
      },
      {
        "text": "San Jose",
        "meta": "@sys.location",
        "alias": "address-from",
        "userDefined": true
      },
      {
        "text": " to ",
        "userDefined": false
      },
      {
        "text": "San Francisco",
        "meta": "@sys.location",
        "alias": "address-to",
        "userDefined": true
      }
    ],
    "isTemplate": false,
    "count": 0,
    "lang": "en",
    "updated": 0
  },
  {
    "id": "fc556571-c20d-4824-bc6c-701eacaae5d2",
    "data": [
      {
        "text": "will",
        "meta": "@sys.ignore",
        "userDefined": true
      },
      {
        "text": " there be ",
        "userDefined": false
      },
      {
        "text": "road works",
        "meta": "@traffic-event",
        "alias": "event",
        "userDefined": true
      },
      {
        "text": " ",
        "userDefined": false
      },
      {
        "text": "on",
        "meta": "@sys.ignore",
        "userDefined": true
      },
      {
        "text": " ",
        "userDefined": false
      },
      {
        "text": "my way",
        "meta": "@sys.ignore",
        "userDefined": true
      },
      {
        "text": " to ",
        "userDefined": false
      },
      {
        "text": "Munich",
        "meta": "@sys.location",
        "alias": "address-to",
        "userDefined": true
      }
    ],
    "isTemplate": false,
    "count": 0,
    "lang": "en",
    "updated": 0
  }
]