[
  {
    "id": "139e6adf-00dc-41dc-9bbc-8be30da5da43",
    "data": [
      {
        "text": "wonderful day it is",
        "userDefined": false
      }
    ],
    "isTemplate": false,
    "count": 0,
    "lang": "en-au",
    "updated": 0
  },
  {
    "id": "69bd0a27-cb94-4976-90ef-9c5562ffc896",
    "data": [
      {
        "text": "it was a wonderfulday",
        "userDefined": false
      }
    ],
    "isTemplate": false,
    "count": 0,
    "lang": "en-au",
    "updated": 0
  },
  {
    "id": "8f580607-3859-4719-b2cc-82c7aa7d30f8",
    "data": [
      {
        "text": "it was a ",
        "userDefined": false
      },
      {
        "text": "good",
        "meta": "@sys.ignore",
        "userDefined": false
      },
      {
        "text": " day",
        "userDefined": false
      }
    ],
    "isTemplate": false,
    "count": 0,
    "lang": "en-au",
    "updated": 0
  },
  {
    "id": "b6fee0a4-f0fc-4a89-b8c5-7d046e3727ed",
    "data": [
      {
        "text": "day is better",
        "userDefined": false
      }
    ],
    "isTemplate": false,
    "count": 0,
    "lang": "en-au",
    "updated": 0
  },
  {
    "id": "94bcb91a-7225-425b-98ae-31dcb636a8bd",
    "data": [
      {
        "text": "day was very ",
        "userDefined": false
      },
      {
        "text": "good",
        "meta": "@sys.ignore",
        "userDefined": false
      }
    ],
    "isTemplate": false,
    "count": 0,
    "lang": "en-au",
    "updated": 0
  },
  {
    "id": "143b2a23-7d24-46f6-8c41-7012bf81705d",
    "data": [
      {
        "text": "day was ",
        "userDefined": false
      },
      {
        "text": "good",
        "meta": "@sys.ignore",
        "userDefined": false
      }
    ],
    "isTemplate": false,
    "count": 0,
    "lang": "en-au",
    "updated": 0
  },
  {
    "id": "052406ee-b8ad-49ba-bbe5-d51ae9d572f8",
    "data": [
      {
        "text": "day was fine",
        "userDefined": false
      }
    ],
    "isTemplate": false,
    "count": 0,
    "lang": "en-au",
    "updated": 0
  },
  {
    "id": "0fba971f-4119-4ef2-96e4-2e331d9b4d9e",
    "data": [
      {
        "text": "my day was fine",
        "userDefined": false
      }
    ],
    "isTemplate": false,
    "count": 0,
    "lang": "en-au",
    "updated": 0
  }
]