[
  {
    "id": "6b5566ae-ea7b-4580-a5d9-6079c8e023ca",
    "data": [
      {
        "text": "wonderful day it is",
        "userDefined": false
      }
    ],
    "isTemplate": false,
    "count": 0,
    "lang": "en-ca",
    "updated": 0
  },
  {
    "id": "f66b0ee1-b367-486e-88ba-6d6b71c0bf8c",
    "data": [
      {
        "text": "it was a wonderfulday",
        "userDefined": false
      }
    ],
    "isTemplate": false,
    "count": 0,
    "lang": "en-ca",
    "updated": 0
  },
  {
    "id": "f5c6e905-bdd5-4502-ad45-045a4e758cf6",
    "data": [
      {
        "text": "it was a ",
        "userDefined": false
      },
      {
        "text": "good",
        "meta": "@sys.ignore",
        "userDefined": false
      },
      {
        "text": " day",
        "userDefined": false
      }
    ],
    "isTemplate": false,
    "count": 0,
    "lang": "en-ca",
    "updated": 0
  },
  {
    "id": "9e125449-6a23-4250-a433-c25378c5af21",
    "data": [
      {
        "text": "day is better",
        "userDefined": false
      }
    ],
    "isTemplate": false,
    "count": 0,
    "lang": "en-ca",
    "updated": 0
  },
  {
    "id": "4415636b-b66d-4e41-9e3c-fcf45844b399",
    "data": [
      {
        "text": "day was very ",
        "userDefined": false
      },
      {
        "text": "good",
        "meta": "@sys.ignore",
        "userDefined": false
      }
    ],
    "isTemplate": false,
    "count": 0,
    "lang": "en-ca",
    "updated": 0
  },
  {
    "id": "49bc4d97-4625-4de5-987b-762c1862bb8e",
    "data": [
      {
        "text": "day was ",
        "userDefined": false
      },
      {
        "text": "good",
        "meta": "@sys.ignore",
        "userDefined": false
      }
    ],
    "isTemplate": false,
    "count": 0,
    "lang": "en-ca",
    "updated": 0
  },
  {
    "id": "2d65c830-0001-4f10-a6e5-c8c3e6f2e489",
    "data": [
      {
        "text": "day was fine",
        "userDefined": false
      }
    ],
    "isTemplate": false,
    "count": 0,
    "lang": "en-ca",
    "updated": 0
  },
  {
    "id": "08e17ac1-0839-4345-a0c3-83796cfd5f4d",
    "data": [
      {
        "text": "my day was fine",
        "userDefined": false
      }
    ],
    "isTemplate": false,
    "count": 0,
    "lang": "en-ca",
    "updated": 0
  }
]