[
  {
    "id": "54625df9-fdcb-4793-8d61-f081cc166fb1",
    "data": [
      {
        "text": "wonderful day it is",
        "userDefined": false
      }
    ],
    "isTemplate": false,
    "count": 0,
    "lang": "en-in",
    "updated": 0
  },
  {
    "id": "1a90d8cf-75f2-42da-a891-a852c846a27d",
    "data": [
      {
        "text": "it was a wonderfulday",
        "userDefined": false
      }
    ],
    "isTemplate": false,
    "count": 0,
    "lang": "en-in",
    "updated": 0
  },
  {
    "id": "2561cd28-076a-423c-84a1-2943246966b6",
    "data": [
      {
        "text": "it was a ",
        "userDefined": false
      },
      {
        "text": "good",
        "meta": "@sys.ignore",
        "userDefined": false
      },
      {
        "text": " day",
        "userDefined": false
      }
    ],
    "isTemplate": false,
    "count": 0,
    "lang": "en-in",
    "updated": 0
  },
  {
    "id": "2352f755-96a9-4047-bf70-9eabacb91235",
    "data": [
      {
        "text": "day is better",
        "userDefined": false
      }
    ],
    "isTemplate": false,
    "count": 0,
    "lang": "en-in",
    "updated": 0
  },
  {
    "id": "f3ab44c4-96c1-42f1-9cac-8270a11bea7b",
    "data": [
      {
        "text": "day was very ",
        "userDefined": false
      },
      {
        "text": "good",
        "meta": "@sys.ignore",
        "userDefined": false
      }
    ],
    "isTemplate": false,
    "count": 0,
    "lang": "en-in",
    "updated": 0
  },
  {
    "id": "f03e8402-fab7-41e4-9ae1-a2fc7ba10361",
    "data": [
      {
        "text": "day was ",
        "userDefined": false
      },
      {
        "text": "good",
        "meta": "@sys.ignore",
        "userDefined": false
      }
    ],
    "isTemplate": false,
    "count": 0,
    "lang": "en-in",
    "updated": 0
  },
  {
    "id": "b6643b02-a8c3-4941-99ab-3e9f38b10d13",
    "data": [
      {
        "text": "day was fine",
        "userDefined": false
      }
    ],
    "isTemplate": false,
    "count": 0,
    "lang": "en-in",
    "updated": 0
  },
  {
    "id": "f8dab4e2-36a1-48bd-9d4d-78bb4f7eb87c",
    "data": [
      {
        "text": "my day was fine",
        "userDefined": false
      }
    ],
    "isTemplate": false,
    "count": 0,
    "lang": "en-in",
    "updated": 0
  }
]