[
  {
    "id": "96288e5b-2c6b-4daf-91e5-9d52689b8735",
    "data": [
      {
        "text": "wonderful day it is",
        "userDefined": false
      }
    ],
    "isTemplate": false,
    "count": 0,
    "lang": "en-gb",
    "updated": 0
  },
  {
    "id": "d4f23ca2-d4ea-4f2a-8aab-d761f03e9a48",
    "data": [
      {
        "text": "it was a wonderfulday",
        "userDefined": false
      }
    ],
    "isTemplate": false,
    "count": 0,
    "lang": "en-gb",
    "updated": 0
  },
  {
    "id": "b984d6be-6f5d-4421-b913-30655346df70",
    "data": [
      {
        "text": "it was a ",
        "userDefined": false
      },
      {
        "text": "good",
        "meta": "@sys.ignore",
        "userDefined": false
      },
      {
        "text": " day",
        "userDefined": false
      }
    ],
    "isTemplate": false,
    "count": 0,
    "lang": "en-gb",
    "updated": 0
  },
  {
    "id": "47291bf6-1f55-4164-bf56-c67ed04889ce",
    "data": [
      {
        "text": "day is better",
        "userDefined": false
      }
    ],
    "isTemplate": false,
    "count": 0,
    "lang": "en-gb",
    "updated": 0
  },
  {
    "id": "b9c8b7a7-2b7d-49d3-95e2-22bbbc7dfa3b",
    "data": [
      {
        "text": "day was very ",
        "userDefined": false
      },
      {
        "text": "good",
        "meta": "@sys.ignore",
        "userDefined": false
      }
    ],
    "isTemplate": false,
    "count": 0,
    "lang": "en-gb",
    "updated": 0
  },
  {
    "id": "4ac870d4-635b-424c-bcbf-38c5d26ccf43",
    "data": [
      {
        "text": "day was ",
        "userDefined": false
      },
      {
        "text": "good",
        "meta": "@sys.ignore",
        "userDefined": false
      }
    ],
    "isTemplate": false,
    "count": 0,
    "lang": "en-gb",
    "updated": 0
  },
  {
    "id": "92e8e8cb-c08b-4b0a-a90d-5c78e6a1f92b",
    "data": [
      {
        "text": "day was fine",
        "userDefined": false
      }
    ],
    "isTemplate": false,
    "count": 0,
    "lang": "en-gb",
    "updated": 0
  },
  {
    "id": "1026c17a-8b6f-4954-b246-c0b994be8b56",
    "data": [
      {
        "text": "my day was fine",
        "userDefined": false
      }
    ],
    "isTemplate": false,
    "count": 0,
    "lang": "en-gb",
    "updated": 0
  }
]