[
  {
    "id": "a373333e-4cc9-44a1-9863-4b56ca236aca",
    "data": [
      {
        "text": "wonderful day it is",
        "userDefined": false
      }
    ],
    "isTemplate": false,
    "count": 0,
    "lang": "en-us",
    "updated": 0
  },
  {
    "id": "61ce1478-f271-48b6-bd9b-71ab6ebc97c8",
    "data": [
      {
        "text": "it was a wonderfulday",
        "userDefined": false
      }
    ],
    "isTemplate": false,
    "count": 0,
    "lang": "en-us",
    "updated": 0
  },
  {
    "id": "a0461036-5f1f-4b17-83fc-d75140d16482",
    "data": [
      {
        "text": "it was a ",
        "userDefined": false
      },
      {
        "text": "good",
        "meta": "@sys.ignore",
        "userDefined": false
      },
      {
        "text": " day",
        "userDefined": false
      }
    ],
    "isTemplate": false,
    "count": 0,
    "lang": "en-us",
    "updated": 0
  },
  {
    "id": "6821282f-5576-4878-a877-62f30b608942",
    "data": [
      {
        "text": "day is better",
        "userDefined": false
      }
    ],
    "isTemplate": false,
    "count": 0,
    "lang": "en-us",
    "updated": 0
  },
  {
    "id": "a81a1300-0510-4b69-a152-815ea5064603",
    "data": [
      {
        "text": "day was very ",
        "userDefined": false
      },
      {
        "text": "good",
        "meta": "@sys.ignore",
        "userDefined": false
      }
    ],
    "isTemplate": false,
    "count": 0,
    "lang": "en-us",
    "updated": 0
  },
  {
    "id": "42bce192-3dfd-4fcd-84f9-aa805ef43722",
    "data": [
      {
        "text": "day was ",
        "userDefined": false
      },
      {
        "text": "good",
        "meta": "@sys.ignore",
        "userDefined": false
      }
    ],
    "isTemplate": false,
    "count": 0,
    "lang": "en-us",
    "updated": 0
  },
  {
    "id": "c566dcd6-b5e9-4765-a790-3faa706fcaca",
    "data": [
      {
        "text": "day was fine",
        "userDefined": false
      }
    ],
    "isTemplate": false,
    "count": 0,
    "lang": "en-us",
    "updated": 0
  },
  {
    "id": "e5489fdb-4862-49f3-8f9d-853ebb571275",
    "data": [
      {
        "text": "my day was fine",
        "userDefined": false
      }
    ],
    "isTemplate": false,
    "count": 0,
    "lang": "en-us",
    "updated": 0
  }
]