[
  {
    "data": [
      {
        "text": "reduce the volume to ",
        "userDefined": false
      },
      {
        "text": "50",
        "meta": "@sys.number",
        "alias": "finalvalue",
        "userDefined": false
      },
      {
        "text": " points",
        "userDefined": false
      }
    ],
    "isTemplate": false,
    "count": 0,
    "lang": "en",
    "updated": 0
  },
  {
    "id": "e082eb39-1cb5-4ed0-b3ae-fd489bc41916",
    "data": [
      {
        "text": "adjust device volume",
        "userDefined": false
      }
    ],
    "isTemplate": false,
    "count": 0,
    "lang": "en",
    "updated": 0
  },
  {
    "id": "23854b27-b77c-4b0a-b8da-76033f4e300d",
    "data": [
      {
        "text": "set volume",
        "userDefined": false
      }
    ],
    "isTemplate": false,
    "count": 0,
    "lang": "en",
    "updated": 0
  },
  {
    "id": "6e95dab6-255b-4e97-989d-02312f7fc3af",
    "data": [
      {
        "text": "set volume level",
        "userDefined": false
      }
    ],
    "isTemplate": false,
    "count": 0,
    "lang": "en",
    "updated": 0
  },
  {
    "id": "37ae1b1f-c3cb-4415-a73e-05da1b330033",
    "data": [
      {
        "text": "the volume to ",
        "userDefined": false
      },
      {
        "text": "15",
        "meta": "@sys.number",
        "alias": "finalvalue",
        "userDefined": true
      },
      {
        "text": " points",
        "userDefined": false
      }
    ],
    "isTemplate": false,
    "count": 0,
    "lang": "en",
    "updated": 0
  },
  {
    "id": "80b654f3-aa83-4b9e-aeea-f1119c23e1af",
    "data": [
      {
        "text": "set the volume to ",
        "userDefined": false
      },
      {
        "text": "20",
        "meta": "@sys.number",
        "alias": "finalvalue",
        "userDefined": true
      },
      {
        "text": " points",
        "userDefined": false
      }
    ],
    "isTemplate": false,
    "count": 0,
    "lang": "en",
    "updated": 0
  },
  {
    "id": "15afefda-4a90-4b88-8cf0-490490ab19c4",
    "data": [
      {
        "text": "I\u0027d like to set the volume to ",
        "userDefined": false
      },
      {
        "text": "30",
        "meta": "@sys.number",
        "alias": "finalvalue",
        "userDefined": true
      },
      {
        "text": " points",
        "userDefined": false
      }
    ],
    "isTemplate": false,
    "count": 0,
    "lang": "en",
    "updated": 0
  },
  {
    "id": "cf72dab4-226a-4398-9443-56ce59d138bf",
    "data": [
      {
        "text": "could you set the volume",
        "userDefined": false
      }
    ],
    "isTemplate": false,
    "count": 0,
    "lang": "en",
    "updated": 0
  },
  {
    "id": "e05b402c-42bc-403a-b73f-cb0a622f4466",
    "data": [
      {
        "text": "how can I adjust the volume",
        "userDefined": false
      }
    ],
    "isTemplate": false,
    "count": 0,
    "lang": "en",
    "updated": 0
  },
  {
    "id": "61709e57-671b-4bd8-8765-4fe4ae6fa82d",
    "data": [
      {
        "text": "change the volume to ",
        "userDefined": false
      },
      {
        "text": "24",
        "meta": "@sys.number",
        "alias": "finalvalue",
        "userDefined": true
      },
      {
        "text": " points",
        "userDefined": false
      }
    ],
    "isTemplate": false,
    "count": 0,
    "lang": "en",
    "updated": 0
  },
  {
    "id": "3d0d6a66-1719-4ade-922a-44cac808ea8f",
    "data": [
      {
        "text": "could you adjust the volume",
        "userDefined": false
      }
    ],
    "isTemplate": false,
    "count": 0,
    "lang": "en",
    "updated": 0
  }
]