[
  {
    "data": [
      {
        "text": "max",
        "meta": "@sys.number",
        "alias": "finalvalue",
        "userDefined": true
      },
      {
        "text": " volume",
        "userDefined": false
      }
    ],
    "isTemplate": false,
    "count": 0,
    "lang": "en",
    "updated": 0
  },
  {
    "data": [
      {
        "text": "increase the volume by ",
        "userDefined": false
      },
      {
        "text": "20",
        "meta": "@sys.number",
        "alias": "changevalue",
        "userDefined": false
      },
      {
        "text": "%",
        "userDefined": false
      }
    ],
    "isTemplate": false,
    "count": 0,
    "lang": "en",
    "updated": 0
  },
  {
    "data": [
      {
        "text": "increase the volume by ",
        "userDefined": false
      },
      {
        "text": "2",
        "meta": "@sys.number",
        "alias": "changevalue",
        "userDefined": false
      },
      {
        "text": "%",
        "userDefined": false
      }
    ],
    "isTemplate": false,
    "count": 0,
    "lang": "en",
    "updated": 0
  },
  {
    "id": "884cf3e6-757e-4511-b535-a5b02142ae5e",
    "data": [
      {
        "text": "turn up the volume to ",
        "userDefined": false
      },
      {
        "text": "20",
        "meta": "@sys.number",
        "alias": "finalvalue",
        "userDefined": true
      }
    ],
    "isTemplate": false,
    "count": 0,
    "lang": "en",
    "updated": 0
  },
  {
    "id": "4d87fa67-3e20-4eb4-a20c-bf59fd9ee7f3",
    "data": [
      {
        "text": "could you turn the volume up by ",
        "userDefined": false
      },
      {
        "text": "5",
        "meta": "@sys.number",
        "alias": "changevalue",
        "userDefined": true
      },
      {
        "text": "%",
        "userDefined": false
      }
    ],
    "isTemplate": false,
    "count": 0,
    "lang": "en",
    "updated": 0
  },
  {
    "id": "b966555a-1746-4549-b290-3cc4ce3cdd8f",
    "data": [
      {
        "text": "it\u0027s too quiet",
        "userDefined": false
      }
    ],
    "isTemplate": false,
    "count": 1,
    "lang": "en",
    "updated": 0
  },
  {
    "id": "0dfdf3b7-70b8-468d-8472-0c9ee0bc4c91",
    "data": [
      {
        "text": "volume up by ",
        "userDefined": false
      },
      {
        "text": "2",
        "meta": "@sys.number",
        "alias": "changevalue",
        "userDefined": true
      },
      {
        "text": " points",
        "userDefined": false
      }
    ],
    "isTemplate": false,
    "count": 0,
    "lang": "en",
    "updated": 0
  },
  {
    "id": "7c53fe3e-a9b9-41a7-b3d4-b0a4b97a5750",
    "data": [
      {
        "text": "increase the ",
        "userDefined": false
      },
      {
        "text": "volume",
        "meta": "@sys.ignore",
        "userDefined": true
      }
    ],
    "isTemplate": false,
    "count": 1,
    "lang": "en",
    "updated": 0
  },
  {
    "id": "a3fc855d-d2dd-49c6-adc1-aa877c17f312",
    "data": [
      {
        "text": "volume up",
        "userDefined": false
      }
    ],
    "isTemplate": false,
    "count": 0,
    "lang": "en",
    "updated": 0
  },
  {
    "id": "1098a636-eae4-4084-93f7-346179864625",
    "data": [
      {
        "text": "turn up the volume by ",
        "userDefined": false
      },
      {
        "text": "3",
        "meta": "@sys.number",
        "alias": "changevalue",
        "userDefined": true
      },
      {
        "text": " ponits",
        "userDefined": false
      }
    ],
    "isTemplate": false,
    "count": 0,
    "lang": "en",
    "updated": 0
  },
  {
    "id": "a2236436-cc12-44a8-896c-005d50ed61d1",
    "data": [
      {
        "text": "sound up",
        "userDefined": false
      }
    ],
    "isTemplate": false,
    "count": 0,
    "lang": "en",
    "updated": 0
  },
  {
    "id": "d9b1a3cd-7820-48e9-a5f5-309c4bf3045b",
    "data": [
      {
        "text": "increase the volume to ",
        "userDefined": false
      },
      {
        "text": "30",
        "meta": "@sys.number",
        "alias": "finalvalue",
        "userDefined": true
      },
      {
        "text": " points",
        "userDefined": false
      }
    ],
    "isTemplate": false,
    "count": 0,
    "lang": "en",
    "updated": 0
  },
  {
    "id": "9c407ca0-e9d8-47b4-a4d6-c9d5f41828d3",
    "data": [
      {
        "text": "could you turn the volume up",
        "userDefined": false
      }
    ],
    "isTemplate": false,
    "count": 0,
    "lang": "en",
    "updated": 0
  },
  {
    "id": "c4dff2a7-a9fe-40b6-93fd-0dc079ac3b22",
    "data": [
      {
        "text": "turn up the volume",
        "userDefined": false
      }
    ],
    "isTemplate": false,
    "count": 0,
    "lang": "en",
    "updated": 0
  },
  {
    "id": "575af266-02c3-4f08-86e0-ffe4d9615f9b",
    "data": [
      {
        "text": "I\u0027d like to turn up the volume",
        "userDefined": false
      }
    ],
    "isTemplate": false,
    "count": 1,
    "lang": "en",
    "updated": 0
  }
]