[
  {
    "id": "a849e4a9-82d3-47c7-8bc4-cf060c886ee6",
    "data": [
      {
        "text": "will it be warm enough for ",
        "userDefined": false
      },
      {
        "text": "mushroom hunting",
        "meta": "@activity",
        "alias": "activity",
        "userDefined": true
      },
      {
        "text": " on ",
        "userDefined": false
      },
      {
        "text": "Friday",
        "meta": "@sys.date-time",
        "alias": "date-time",
        "userDefined": true
      },
      {
        "text": " in ",
        "userDefined": false
      },
      {
        "text": "Ottawa",
        "meta": "@sys.location",
        "alias": "address",
        "userDefined": true
      }
    ],
    "isTemplate": false,
    "count": 0,
    "lang": "en-us",
    "updated": 0
  },
  {
    "id": "d2fe3149-30be-4bc7-999d-6168200f6146",
    "data": [
      {
        "text": "ok do",
        "meta": "@sys.ignore",
        "userDefined": false
      },
      {
        "text": " you think it\u0027s the ",
        "userDefined": false
      },
      {
        "text": "good",
        "meta": "@sys.ignore",
        "userDefined": false
      },
      {
        "text": " weather for ",
        "userDefined": false
      },
      {
        "text": "cycling",
        "meta": "@activity",
        "alias": "activity",
        "userDefined": false
      },
      {
        "text": " ",
        "userDefined": false
      },
      {
        "text": "right now",
        "meta": "@sys.ignore",
        "userDefined": false
      }
    ],
    "isTemplate": false,
    "count": 0,
    "lang": "en-us",
    "updated": 0
  },
  {
    "id": "cf36f7a1-7069-47e6-930f-78603db794e4",
    "data": [
      {
        "text": "I plan to ",
        "userDefined": false
      },
      {
        "text": "ski",
        "meta": "@activity",
        "alias": "activity",
        "userDefined": true
      },
      {
        "text": " ",
        "userDefined": false
      },
      {
        "text": "today",
        "meta": "@sys.date-time",
        "alias": "date-time",
        "userDefined": true
      },
      {
        "text": " is it possible",
        "userDefined": false
      }
    ],
    "isTemplate": false,
    "count": 1,
    "lang": "en-us",
    "updated": 0
  },
  {
    "id": "7076dba7-fa9c-409a-ad0e-a6a895f684f3",
    "data": [
      {
        "text": "is the",
        "meta": "@sys.ignore",
        "userDefined": false
      },
      {
        "text": " weather ",
        "userDefined": false
      },
      {
        "text": "good",
        "meta": "@sys.ignore",
        "userDefined": false
      },
      {
        "text": " for ",
        "userDefined": false
      },
      {
        "text": "snowball fights",
        "meta": "@activity",
        "alias": "activity",
        "userDefined": true
      }
    ],
    "isTemplate": false,
    "count": 0,
    "lang": "en-us",
    "updated": 0
  },
  {
    "id": "49183a30-1409-44f4-bce9-41818ea46437",
    "data": [
      {
        "text": "is the weather good enough to go ",
        "userDefined": false
      },
      {
        "text": "climbing",
        "meta": "@activity",
        "alias": "activity",
        "userDefined": true
      },
      {
        "text": " to ",
        "userDefined": false
      },
      {
        "text": "Malaga",
        "meta": "@sys.location",
        "alias": "address",
        "userDefined": true
      }
    ],
    "isTemplate": false,
    "count": 0,
    "lang": "en-us",
    "updated": 0
  },
  {
    "id": "75f1af8c-4db3-4fc5-a1ce-055e283aec38",
    "data": [
      {
        "text": "can I go ",
        "userDefined": false
      },
      {
        "text": "tree climbing",
        "meta": "@activity",
        "alias": "activity",
        "userDefined": true
      },
      {
        "text": " in ",
        "userDefined": false
      },
      {
        "text": "Chicago",
        "meta": "@sys.location",
        "alias": "address",
        "userDefined": true
      },
      {
        "text": " on the ",
        "userDefined": false
      },
      {
        "text": "weekend",
        "meta": "@sys.date-time",
        "alias": "date-time",
        "userDefined": true
      }
    ],
    "isTemplate": false,
    "count": 0,
    "lang": "en-us",
    "updated": 0
  },
  {
    "id": "81bbb80e-c7c9-4f6b-92d3-5c7e93ab525a",
    "data": [
      {
        "text": "should I go ",
        "userDefined": false
      },
      {
        "text": "jogging",
        "meta": "@activity",
        "alias": "activity",
        "userDefined": true
      },
      {
        "text": " ",
        "userDefined": false
      },
      {
        "text": "this evening",
        "meta": "@sys.date-time",
        "alias": "date-time",
        "userDefined": true
      }
    ],
    "isTemplate": false,
    "count": 0,
    "lang": "en-us",
    "updated": 0
  },
  {
    "id": "401d40f9-9882-4742-91c4-51b4e00c9e53",
    "data": [
      {
        "text": "will it be cold enough for ",
        "userDefined": false
      },
      {
        "text": "snowball fighting",
        "meta": "@activity",
        "alias": "activity",
        "userDefined": true
      },
      {
        "text": " on ",
        "userDefined": false
      },
      {
        "text": "Friday",
        "meta": "@sys.date-time",
        "alias": "date-time",
        "userDefined": true
      }
    ],
    "isTemplate": false,
    "count": 0,
    "lang": "en-us",
    "updated": 0
  },
  {
    "id": "98895fdf-6140-4b89-85bd-c61358d37492",
    "data": [
      {
        "text": "can I go ",
        "userDefined": false
      },
      {
        "text": "skiing",
        "meta": "@activity",
        "alias": "activity",
        "userDefined": true
      },
      {
        "text": " in ",
        "userDefined": false
      },
      {
        "text": "Vienna",
        "meta": "@sys.location",
        "alias": "address",
        "userDefined": true
      }
    ],
    "isTemplate": false,
    "count": 0,
    "lang": "en-us",
    "updated": 0
  },
  {
    "id": "eb40c93a-ab14-41aa-aa72-d329f59b5a0f",
    "data": [
      {
        "text": "can I go ",
        "userDefined": false
      },
      {
        "text": "climbing",
        "meta": "@activity",
        "alias": "activity",
        "userDefined": true
      },
      {
        "text": " mount ",
        "userDefined": false
      },
      {
        "text": "Fuji",
        "meta": "@sys.location",
        "alias": "address",
        "userDefined": true
      }
    ],
    "isTemplate": false,
    "count": 0,
    "lang": "en-us",
    "updated": 0
  },
  {
    "id": "615ebd86-a703-4d24-b315-1fecff0453d3",
    "data": [
      {
        "text": "is the",
        "meta": "@sys.ignore",
        "userDefined": false
      },
      {
        "text": " weather good for ",
        "userDefined": false
      },
      {
        "text": "walking",
        "meta": "@activity",
        "alias": "activity",
        "userDefined": true
      }
    ],
    "isTemplate": false,
    "count": 0,
    "lang": "en-us",
    "updated": 0
  },
  {
    "id": "2eb04cb0-0542-406c-876d-9d1dc1e38cf9",
    "data": [
      {
        "text": "do you ",
        "userDefined": false
      },
      {
        "text": "think the weather is",
        "meta": "@sys.ignore",
        "userDefined": false
      },
      {
        "text": " bad for ",
        "userDefined": false
      },
      {
        "text": "frisbee",
        "meta": "@activity",
        "alias": "activity",
        "userDefined": true
      }
    ],
    "isTemplate": false,
    "count": 1,
    "lang": "en-us",
    "updated": 0
  },
  {
    "id": "aeb9a050-2ef3-4b52-926e-1cf43ae80375",
    "data": [
      {
        "text": "can I go ",
        "userDefined": false
      },
      {
        "text": "surfing",
        "meta": "@activity",
        "alias": "activity",
        "userDefined": true
      }
    ],
    "isTemplate": false,
    "count": 0,
    "lang": "en-us",
    "updated": 0
  },
  {
    "id": "be79772d-f6fc-4025-ada5-8f420fbaa801",
    "data": [
      {
        "text": "is it the perfect weather for ",
        "userDefined": false
      },
      {
        "text": "windsurfing",
        "meta": "@activity",
        "alias": "activity",
        "userDefined": true
      },
      {
        "text": " in ",
        "userDefined": false
      },
      {
        "text": "Phuket",
        "meta": "@sys.location",
        "alias": "address",
        "userDefined": true
      }
    ],
    "isTemplate": false,
    "count": 0,
    "lang": "en-us",
    "updated": 0
  },
  {
    "id": "64345cc3-f260-4fdc-b3be-6e00bf877619",
    "data": [
      {
        "text": "can I go ",
        "userDefined": false
      },
      {
        "text": "snowboarding",
        "meta": "@activity",
        "alias": "activity",
        "userDefined": true
      },
      {
        "text": " on the ",
        "userDefined": false
      },
      {
        "text": "weekend",
        "meta": "@sys.date-time",
        "alias": "date-time",
        "userDefined": true
      }
    ],
    "isTemplate": false,
    "count": 0,
    "lang": "en-us",
    "updated": 0
  },
  {
    "id": "b7019a47-6d0f-4d8d-a8b3-75fb29b4d052",
    "data": [
      {
        "text": "is it the perfect weather for ",
        "userDefined": false
      },
      {
        "text": "mountain biking",
        "meta": "@activity",
        "alias": "activity",
        "userDefined": true
      },
      {
        "text": " in ",
        "userDefined": false
      },
      {
        "text": "Bansko",
        "meta": "@sys.location",
        "alias": "address",
        "userDefined": true
      },
      {
        "text": " ",
        "userDefined": false
      },
      {
        "text": "tonight",
        "meta": "@sys.date-time",
        "alias": "date-time",
        "userDefined": true
      }
    ],
    "isTemplate": false,
    "count": 0,
    "lang": "en-us",
    "updated": 0
  },
  {
    "id": "b483e753-7c84-40dc-a3c0-c4f750e2b9b1",
    "data": [
      {
        "text": "should I go ",
        "userDefined": false
      },
      {
        "text": "cycling",
        "meta": "@activity",
        "alias": "activity",
        "userDefined": true
      },
      {
        "text": " in ",
        "userDefined": false
      },
      {
        "text": "Moscow",
        "meta": "@sys.location",
        "alias": "address",
        "userDefined": true
      }
    ],
    "isTemplate": false,
    "count": 0,
    "lang": "en-us",
    "updated": 0
  },
  {
    "id": "d0ccc3d2-5b61-4469-936a-adf2762eda34",
    "data": [
      {
        "text": "do you think it\u0027s the ",
        "userDefined": false
      },
      {
        "text": "good",
        "meta": "@sys.ignore",
        "userDefined": false
      },
      {
        "text": " weather for ",
        "userDefined": false
      },
      {
        "text": "cycling",
        "meta": "@activity",
        "alias": "activity",
        "userDefined": false
      }
    ],
    "isTemplate": false,
    "count": 1,
    "lang": "en-us",
    "updated": 0
  },
  {
    "id": "f00b1119-0671-4855-884c-7d331e08721f",
    "data": [
      {
        "text": "is the",
        "meta": "@sys.ignore",
        "userDefined": false
      },
      {
        "text": " weather ",
        "userDefined": false
      },
      {
        "text": "good",
        "meta": "@sys.ignore",
        "userDefined": false
      },
      {
        "text": " enough to play ",
        "userDefined": false
      },
      {
        "text": "frisbee",
        "meta": "@activity",
        "alias": "activity",
        "userDefined": true
      },
      {
        "text": " outside",
        "userDefined": false
      }
    ],
    "isTemplate": false,
    "count": 0,
    "lang": "en-us",
    "updated": 0
  },
  {
    "id": "9d55e825-3d60-479f-bbcd-5e80690b803a",
    "data": [
      {
        "text": "is it the perfect weather for ",
        "userDefined": false
      },
      {
        "text": "elephant safari",
        "meta": "@activity",
        "alias": "activity",
        "userDefined": true
      },
      {
        "text": " ",
        "userDefined": false
      },
      {
        "text": "tonight",
        "meta": "@sys.date-time",
        "alias": "date-time",
        "userDefined": true
      }
    ],
    "isTemplate": false,
    "count": 0,
    "lang": "en-us",
    "updated": 0
  },
  {
    "id": "89b4d0e7-16fe-4a58-8dad-85aa0ecb6fb9",
    "data": [
      {
        "text": "is it the perfect weather for ",
        "userDefined": false
      },
      {
        "text": "camping",
        "meta": "@activity",
        "alias": "activity",
        "userDefined": true
      }
    ],
    "isTemplate": false,
    "count": 0,
    "lang": "en-us",
    "updated": 0
  },
  {
    "id": "e9490e30-7eea-4599-8412-0d40bb5de04c",
    "data": [
      {
        "text": "should I go ",
        "userDefined": false
      },
      {
        "text": "kayaking",
        "meta": "@activity",
        "alias": "activity",
        "userDefined": true
      },
      {
        "text": " in ",
        "userDefined": false
      },
      {
        "text": "Miami",
        "meta": "@sys.location",
        "alias": "address",
        "userDefined": true
      },
      {
        "text": " ",
        "userDefined": false
      },
      {
        "text": "this evening",
        "meta": "@sys.date-time",
        "alias": "date-time",
        "userDefined": true
      }
    ],
    "isTemplate": false,
    "count": 0,
    "lang": "en-us",
    "updated": 0
  },
  {
    "id": "a1a848f5-7c45-4bc7-8a63-3a5f85181c8b",
    "data": [
      {
        "text": "is the weather nice enough to go ",
        "userDefined": false
      },
      {
        "text": "birdwatching",
        "meta": "@activity",
        "alias": "activity",
        "userDefined": true
      },
      {
        "text": " in ",
        "userDefined": false
      },
      {
        "text": "Norfolk",
        "meta": "@sys.location",
        "alias": "address",
        "userDefined": true
      },
      {
        "text": " ",
        "userDefined": false
      },
      {
        "text": "today",
        "meta": "@sys.date-time",
        "alias": "date-time",
        "userDefined": true
      }
    ],
    "isTemplate": false,
    "count": 0,
    "lang": "en-us",
    "updated": 0
  },
  {
    "id": "0885fc06-dda7-44f6-9e27-797518eb7523",
    "data": [
      {
        "text": "is the weather nice enough to go ",
        "userDefined": false
      },
      {
        "text": "sightseeing",
        "meta": "@activity",
        "alias": "activity",
        "userDefined": true
      },
      {
        "text": " ",
        "userDefined": false
      },
      {
        "text": "today",
        "meta": "@sys.date-time",
        "alias": "date-time",
        "userDefined": true
      }
    ],
    "isTemplate": false,
    "count": 0,
    "lang": "en-us",
    "updated": 0
  },
  {
    "id": "a4bf4c38-44d9-4f91-9f1d-ae507625d81b",
    "data": [
      {
        "text": "is the weather nice enough to go ",
        "userDefined": false
      },
      {
        "text": "surfing",
        "meta": "@activity",
        "alias": "activity",
        "userDefined": true
      }
    ],
    "isTemplate": false,
    "count": 0,
    "lang": "en-us",
    "updated": 0
  },
  {
    "id": "22d1d2e9-0e4d-4826-ae6d-c484cf063773",
    "data": [
      {
        "text": "should I go for a ",
        "userDefined": false
      },
      {
        "text": "run",
        "meta": "@activity",
        "alias": "activity",
        "userDefined": true
      }
    ],
    "isTemplate": false,
    "count": 0,
    "lang": "en-us",
    "updated": 0
  },
  {
    "id": "d6fd781f-1160-450c-82d6-23eff52ed410",
    "data": [
      {
        "text": "is it hot enough to go ",
        "userDefined": false
      },
      {
        "text": "swimming",
        "meta": "@activity",
        "alias": "activity",
        "userDefined": true
      }
    ],
    "isTemplate": false,
    "count": 0,
    "lang": "en-us",
    "updated": 0
  },
  {
    "id": "ad9b82cb-420a-44f5-b847-8f1f31ad3e3e",
    "data": [
      {
        "text": "is ",
        "userDefined": false
      },
      {
        "text": "hiking",
        "meta": "@activity",
        "alias": "activity",
        "userDefined": false
      },
      {
        "text": " a ",
        "userDefined": false
      },
      {
        "text": "good",
        "meta": "@sys.ignore",
        "userDefined": false
      },
      {
        "text": " idea ",
        "userDefined": false
      },
      {
        "text": "right now",
        "meta": "@sys.ignore",
        "userDefined": true
      }
    ],
    "isTemplate": false,
    "count": 0,
    "lang": "en-us",
    "updated": 0
  }
]