[
  {
    "id": "cd84ad47-3f84-40b0-845a-b5ffe8dbb4c8",
    "data": [
      {
        "text": "show ",
        "userDefined": false
      },
      {
        "text": "me",
        "meta": "@sys.ignore",
        "userDefined": false
      },
      {
        "text": " the weather",
        "userDefined": false
      }
    ],
    "isTemplate": false,
    "count": 1,
    "lang": "en-gb",
    "updated": 0
  },
  {
    "id": "f7dc6990-27a6-4904-91a1-99087ed29b35",
    "data": [
      {
        "text": "what\u0027s the weather going to be ",
        "userDefined": false
      },
      {
        "text": "tomorrow",
        "meta": "@sys.date-time",
        "alias": "date-time",
        "userDefined": true
      }
    ],
    "isTemplate": false,
    "count": 1,
    "lang": "en-gb",
    "updated": 0
  },
  {
    "id": "9b97f224-caac-47fd-82e2-1f257db6b6c9",
    "data": [
      {
        "text": "I\u0027d like to get the weather for ",
        "userDefined": false
      },
      {
        "text": "July 22",
        "meta": "@sys.date-time",
        "alias": "date-time",
        "userDefined": true
      }
    ],
    "isTemplate": false,
    "count": 1,
    "lang": "en-gb",
    "updated": 0
  },
  {
    "id": "7f097e51-2f64-43a1-9865-999007afe79b",
    "data": [
      {
        "text": "what is ",
        "userDefined": false
      },
      {
        "text": "today",
        "meta": "@sys.date-time",
        "alias": "date-time",
        "userDefined": true
      },
      {
        "text": "\u0027s weather",
        "userDefined": false
      }
    ],
    "isTemplate": false,
    "count": 1,
    "lang": "en-gb",
    "updated": 0
  },
  {
    "id": "2cfb4b56-bbd1-4601-91ce-66e2a698742e",
    "data": [
      {
        "text": "how\u0027s the weather ",
        "userDefined": false
      },
      {
        "text": "today",
        "meta": "@sys.date-time",
        "alias": "date-time",
        "userDefined": true
      }
    ],
    "isTemplate": false,
    "count": 1,
    "lang": "en-gb",
    "updated": 0
  },
  {
    "id": "fc6ec889-cf6a-4416-8616-272d6d1605ee",
    "data": [
      {
        "text": "what is the weather going to be like ",
        "userDefined": false
      },
      {
        "text": "today",
        "meta": "@sys.date-time",
        "alias": "date-time",
        "userDefined": true
      }
    ],
    "isTemplate": false,
    "count": 1,
    "lang": "en-gb",
    "updated": 0
  },
  {
    "id": "70a8b1b1-0d55-4a91-8318-a77c45f7e38c",
    "data": [
      {
        "text": "weather in the ",
        "userDefined": false
      },
      {
        "text": "evening",
        "meta": "@sys.date-time",
        "alias": "date-time",
        "userDefined": true
      }
    ],
    "isTemplate": false,
    "count": 1,
    "lang": "en-gb",
    "updated": 0
  },
  {
    "id": "85988577-1c11-4143-9ced-97a3f6bab8b7",
    "data": [
      {
        "text": "what is",
        "meta": "@sys.ignore",
        "userDefined": false
      },
      {
        "text": " the current weather at ",
        "userDefined": false
      },
      {
        "text": "SVO",
        "meta": "@sys.location",
        "alias": "address",
        "userDefined": true
      }
    ],
    "isTemplate": false,
    "count": 1,
    "lang": "en-gb",
    "updated": 0
  },
  {
    "id": "4f9bcae4-9e6d-4815-b8c0-9d654e819c81",
    "data": [
      {
        "text": "what is",
        "meta": "@sys.ignore",
        "userDefined": false
      },
      {
        "text": " the weather ",
        "userDefined": false
      },
      {
        "text": "tomorrow",
        "meta": "@sys.date-time",
        "alias": "date-time",
        "userDefined": true
      },
      {
        "text": " ",
        "userDefined": false
      },
      {
        "text": "in",
        "meta": "@sys.ignore",
        "userDefined": false
      },
      {
        "text": " ",
        "userDefined": false
      },
      {
        "text": "Canberra",
        "meta": "@sys.location",
        "alias": "address",
        "userDefined": false
      }
    ],
    "isTemplate": false,
    "count": 1,
    "lang": "en-gb",
    "updated": 0
  },
  {
    "id": "f42a6f45-6315-48ca-acae-31bac0415865",
    "data": [
      {
        "text": "show me the weather in ",
        "userDefined": false
      },
      {
        "text": "Munich",
        "meta": "@sys.location",
        "alias": "address",
        "userDefined": true
      }
    ],
    "isTemplate": false,
    "count": 1,
    "lang": "en-gb",
    "updated": 0
  },
  {
    "id": "7051afb2-1339-4244-b487-81e040313f55",
    "data": [
      {
        "text": "what\u0027s the weather supposed to be in ",
        "userDefined": false
      },
      {
        "text": "Moscow",
        "meta": "@sys.location",
        "alias": "address",
        "userDefined": true
      }
    ],
    "isTemplate": false,
    "count": 2,
    "lang": "en-gb",
    "updated": 0
  },
  {
    "id": "370219a3-1c99-4dc6-aad4-c7b2c083091d",
    "data": [
      {
        "text": "what\u0027s the weather like ",
        "userDefined": false
      },
      {
        "text": "this evening",
        "meta": "@sys.date-time",
        "alias": "date-time",
        "userDefined": true
      }
    ],
    "isTemplate": false,
    "count": 1,
    "lang": "en-gb",
    "updated": 0
  },
  {
    "id": "0575d81a-dcad-4d94-84ba-6f54b8de7741",
    "data": [
      {
        "text": "how\u0027s the weather gonna be on ",
        "userDefined": false
      },
      {
        "text": "Monday",
        "meta": "@sys.date-time",
        "alias": "date-time",
        "userDefined": true
      }
    ],
    "isTemplate": false,
    "count": 1,
    "lang": "en-gb",
    "updated": 0
  },
  {
    "id": "b6439be7-4ed4-4f40-a7b8-274410ae8166",
    "data": [
      {
        "text": "what is the weather like ",
        "userDefined": false
      },
      {
        "text": "today",
        "meta": "@sys.date-time",
        "alias": "date-time",
        "userDefined": true
      }
    ],
    "isTemplate": false,
    "count": 1,
    "lang": "en-gb",
    "updated": 0
  },
  {
    "id": "b68fefad-7793-46ee-ac8d-5ad0704fab17",
    "data": [
      {
        "text": "weather ",
        "userDefined": false
      },
      {
        "text": "this morning",
        "meta": "@sys.date-time",
        "alias": "date-time",
        "userDefined": true
      }
    ],
    "isTemplate": false,
    "count": 1,
    "lang": "en-gb",
    "updated": 0
  },
  {
    "id": "c8dca062-0ed9-452c-a8e8-bd1dcbb663cd",
    "data": [
      {
        "text": "weather on ",
        "userDefined": false
      },
      {
        "text": "Friday",
        "meta": "@sys.date-time",
        "alias": "date-time",
        "userDefined": true
      }
    ],
    "isTemplate": false,
    "count": 1,
    "lang": "en-gb",
    "updated": 0
  },
  {
    "id": "591e59f9-4095-4ef4-a830-223dae0c7496",
    "data": [
      {
        "text": "weather ",
        "userDefined": false
      },
      {
        "text": "Seattle",
        "meta": "@sys.location",
        "alias": "address",
        "userDefined": false
      }
    ],
    "isTemplate": false,
    "count": 1,
    "lang": "en-gb",
    "updated": 0
  },
  {
    "id": "427d9eca-6f97-4c75-98ec-409025cb33ba",
    "data": [
      {
        "text": "weather report",
        "userDefined": false
      }
    ],
    "isTemplate": false,
    "count": 1,
    "lang": "en-gb",
    "updated": 0
  },
  {
    "id": "88939825-b736-48fb-bc52-790973572f2c",
    "data": [
      {
        "text": "weather in ",
        "userDefined": false
      },
      {
        "text": "London",
        "meta": "@sys.location",
        "alias": "address",
        "userDefined": true
      }
    ],
    "isTemplate": false,
    "count": 1,
    "lang": "en-gb",
    "updated": 0
  },
  {
    "id": "5557a1a6-0131-4760-8485-ec9d4d11c791",
    "data": [
      {
        "text": "weather in ",
        "userDefined": false
      },
      {
        "text": "afternoon",
        "meta": "@sys.date-time",
        "alias": "date-time",
        "userDefined": true
      }
    ],
    "isTemplate": false,
    "count": 1,
    "lang": "en-gb",
    "updated": 0
  },
  {
    "id": "1375a6f3-a39b-49f5-b727-5e4b1e0b5a3b",
    "data": [
      {
        "text": "what\u0027s the weather like in our area",
        "userDefined": false
      }
    ],
    "isTemplate": false,
    "count": 1,
    "lang": "en-gb",
    "updated": 0
  },
  {
    "id": "01ff0299-e425-46c6-a72c-620e57a010b5",
    "data": [
      {
        "text": "weather at ",
        "userDefined": false
      },
      {
        "text": "night",
        "meta": "@sys.date-time",
        "alias": "date-time",
        "userDefined": true
      }
    ],
    "isTemplate": false,
    "count": 1,
    "lang": "en-gb",
    "updated": 0
  },
  {
    "id": "f5dee7a3-3bd0-4ea5-beb8-56903c7d2b44",
    "data": [
      {
        "text": "how\u0027s the weather in ",
        "userDefined": false
      },
      {
        "text": "Rome",
        "meta": "@sys.location",
        "alias": "address",
        "userDefined": true
      }
    ],
    "isTemplate": false,
    "count": 1,
    "lang": "en-gb",
    "updated": 0
  },
  {
    "id": "0cce87c9-3942-4031-855c-a68f9c26f5c1",
    "data": [
      {
        "text": "weather for ",
        "userDefined": false
      },
      {
        "text": "March 25",
        "meta": "@sys.date-time",
        "alias": "date-time",
        "userDefined": true
      }
    ],
    "isTemplate": false,
    "count": 1,
    "lang": "en-gb",
    "updated": 0
  },
  {
    "id": "8e15948b-8602-4297-a04f-a2d556171cab",
    "data": [
      {
        "text": "could you give ",
        "userDefined": false
      },
      {
        "text": "me",
        "meta": "@sys.ignore",
        "userDefined": false
      },
      {
        "text": " the weather forecast for ",
        "userDefined": false
      },
      {
        "text": "Hong Kong",
        "meta": "@sys.location",
        "alias": "address",
        "userDefined": true
      },
      {
        "text": " please",
        "userDefined": false
      }
    ],
    "isTemplate": false,
    "count": 1,
    "lang": "en-gb",
    "updated": 0
  },
  {
    "id": "05be063d-ea1d-4159-94fa-dc0bd957575a",
    "data": [
      {
        "text": "what will be the weather like in ",
        "userDefined": false
      },
      {
        "text": "Tokyo",
        "meta": "@sys.location",
        "alias": "address",
        "userDefined": true
      },
      {
        "text": " on the ",
        "userDefined": false
      },
      {
        "text": "next weekend",
        "meta": "@sys.date-time",
        "alias": "date-time",
        "userDefined": true
      }
    ],
    "isTemplate": false,
    "count": 1,
    "lang": "en-gb",
    "updated": 0
  },
  {
    "id": "4bc8155d-340d-4f24-bd45-a1cda4d8ac11",
    "data": [
      {
        "text": "weather in ",
        "userDefined": false
      },
      {
        "text": "Paris",
        "meta": "@sys.location",
        "alias": "address",
        "userDefined": true
      },
      {
        "text": " in ",
        "userDefined": false
      },
      {
        "text": "Celsius",
        "meta": "@unit-temperature",
        "alias": "unit",
        "userDefined": true
      }
    ],
    "isTemplate": false,
    "count": 2,
    "lang": "en-gb",
    "updated": 0
  },
  {
    "id": "3ee50177-23d2-4949-81b3-a4880737a8e2",
    "data": [
      {
        "text": "weather ",
        "userDefined": false
      },
      {
        "text": "today",
        "meta": "@sys.date-time",
        "alias": "date-time",
        "userDefined": true
      }
    ],
    "isTemplate": false,
    "count": 1,
    "lang": "en-gb",
    "updated": 0
  },
  {
    "id": "c04390fb-9f99-46fc-94b9-8d388fd62d78",
    "data": [
      {
        "text": "how\u0027s the weather going to be ",
        "userDefined": false
      },
      {
        "text": "today",
        "meta": "@sys.date-time",
        "alias": "date-time",
        "userDefined": true
      }
    ],
    "isTemplate": false,
    "count": 1,
    "lang": "en-gb",
    "updated": 0
  },
  {
    "id": "08fdc1f3-3d8c-4793-a440-61276cb56cc6",
    "data": [
      {
        "text": "weather in ",
        "userDefined": false
      },
      {
        "text": "Mamda",
        "meta": "@sys.location",
        "alias": "address",
        "userDefined": true
      }
    ],
    "isTemplate": false,
    "count": 2,
    "lang": "en-gb",
    "updated": 0
  },
  {
    "id": "f6e15c3b-7a4a-4434-84a6-be4d1fd44c02",
    "data": [
      {
        "text": "weather of ",
        "userDefined": false
      },
      {
        "text": "Salalah",
        "meta": "@sys.location",
        "alias": "address",
        "userDefined": true
      }
    ],
    "isTemplate": false,
    "count": 1,
    "lang": "en-gb",
    "updated": 0
  },
  {
    "id": "83cd06f3-09ff-43b4-b1ca-b83b88ec5d57",
    "data": [
      {
        "text": "weather ",
        "userDefined": false
      },
      {
        "text": "Montana",
        "meta": "@sys.location",
        "alias": "address",
        "userDefined": false
      }
    ],
    "isTemplate": false,
    "count": 1,
    "lang": "en-gb",
    "updated": 0
  },
  {
    "id": "b6ded1d1-c520-4e50-a28b-afd1f01dfbd2",
    "data": [
      {
        "text": "what will be the weather ",
        "userDefined": false
      },
      {
        "text": "today",
        "meta": "@sys.date-time",
        "alias": "date-time",
        "userDefined": true
      }
    ],
    "isTemplate": false,
    "count": 1,
    "lang": "en-gb",
    "updated": 0
  },
  {
    "id": "4ba7c838-a028-4111-aff8-4cc191264e2b",
    "data": [
      {
        "text": "what is",
        "meta": "@sys.ignore",
        "userDefined": false
      },
      {
        "text": " the weather ",
        "userDefined": false
      },
      {
        "text": "tomorrow",
        "meta": "@sys.date-time",
        "alias": "date-time",
        "userDefined": true
      },
      {
        "text": " ",
        "userDefined": false
      },
      {
        "text": "in",
        "meta": "@sys.ignore",
        "userDefined": false
      },
      {
        "text": " ",
        "userDefined": false
      },
      {
        "text": "Campbell",
        "meta": "@sys.location",
        "alias": "address",
        "userDefined": false
      }
    ],
    "isTemplate": false,
    "count": 1,
    "lang": "en-gb",
    "updated": 0
  },
  {
    "id": "f036e271-206c-477f-af9b-67e154fb1718",
    "data": [
      {
        "text": "weather forecast ",
        "userDefined": false
      },
      {
        "text": "in",
        "meta": "@sys.ignore",
        "userDefined": false
      },
      {
        "text": " ",
        "userDefined": false
      },
      {
        "text": "Oakland",
        "meta": "@sys.location",
        "alias": "address",
        "userDefined": false
      },
      {
        "text": " ",
        "userDefined": false
      },
      {
        "text": "next week",
        "meta": "@sys.date-time",
        "alias": "date-time",
        "userDefined": true
      }
    ],
    "isTemplate": false,
    "count": 1,
    "lang": "en-gb",
    "updated": 0
  },
  {
    "id": "ad730bd8-6ddf-49c9-9348-c35f50cacb34",
    "data": [
      {
        "text": "how is the weather in my area",
        "userDefined": false
      }
    ],
    "isTemplate": false,
    "count": 1,
    "lang": "en-gb",
    "updated": 0
  },
  {
    "id": "2e999553-f402-41bb-a0ca-5d2e3cb44e3f",
    "data": [
      {
        "text": "what\u0027s the weather forecast for ",
        "userDefined": false
      },
      {
        "text": "today",
        "meta": "@sys.date-time",
        "alias": "date-time",
        "userDefined": true
      }
    ],
    "isTemplate": false,
    "count": 1,
    "lang": "en-gb",
    "updated": 0
  },
  {
    "id": "db1f3b49-62b8-411f-9fd1-ba97237fccf4",
    "data": [
      {
        "text": "weather ",
        "userDefined": false
      },
      {
        "text": "Durban",
        "meta": "@sys.location",
        "alias": "address",
        "userDefined": false
      }
    ],
    "isTemplate": false,
    "count": 1,
    "lang": "en-gb",
    "updated": 0
  },
  {
    "id": "02b6ddf3-e94c-4de9-9a68-4d197fcb319c",
    "data": [
      {
        "text": "weather ",
        "userDefined": false
      },
      {
        "text": "in",
        "meta": "@sys.ignore",
        "userDefined": false
      },
      {
        "text": " ",
        "userDefined": false
      },
      {
        "text": "Khanapur",
        "meta": "@sys.location",
        "alias": "address",
        "userDefined": true
      }
    ],
    "isTemplate": false,
    "count": 2,
    "lang": "en-gb",
    "updated": 0
  },
  {
    "id": "df323993-7735-4dab-8136-57c4aa148c8a",
    "data": [
      {
        "text": "tomorrow",
        "meta": "@sys.date-time",
        "alias": "date-time",
        "userDefined": true
      },
      {
        "text": "\u0027s weather",
        "userDefined": false
      }
    ],
    "isTemplate": false,
    "count": 1,
    "lang": "en-gb",
    "updated": 0
  },
  {
    "id": "8ff024bb-8203-473c-8e49-e79b7b3450c7",
    "data": [
      {
        "text": "weather ",
        "userDefined": false
      },
      {
        "text": "now",
        "meta": "@sys.date-time",
        "alias": "date-time",
        "userDefined": true
      }
    ],
    "isTemplate": false,
    "count": 1,
    "lang": "en-gb",
    "updated": 0
  },
  {
    "id": "953e1408-b44d-48e7-a94b-489fff67b2d2",
    "data": [
      {
        "text": "what is",
        "meta": "@sys.ignore",
        "userDefined": false
      },
      {
        "text": " the current weather ",
        "userDefined": false
      },
      {
        "text": "in",
        "meta": "@sys.ignore",
        "userDefined": false
      },
      {
        "text": " ",
        "userDefined": false
      },
      {
        "text": "Pune",
        "meta": "@sys.location",
        "alias": "address",
        "userDefined": false
      }
    ],
    "isTemplate": false,
    "count": 1,
    "lang": "en-gb",
    "updated": 0
  },
  {
    "id": "3f665c1b-a66b-4da8-ac5e-0bb29e6097c3",
    "data": [
      {
        "text": "what is the weather ",
        "userDefined": false
      },
      {
        "text": "this afternoon",
        "meta": "@sys.date-time",
        "alias": "date-time",
        "userDefined": true
      }
    ],
    "isTemplate": false,
    "count": 1,
    "lang": "en-gb",
    "updated": 0
  },
  {
    "id": "c9bf0c6a-7549-4e60-9043-70fd5f9509d8",
    "data": [
      {
        "text": "weather ",
        "userDefined": false
      },
      {
        "text": "today",
        "meta": "@sys.date-time",
        "alias": "date-time",
        "userDefined": true
      },
      {
        "text": " in ",
        "userDefined": false
      },
      {
        "text": "New York",
        "meta": "@sys.location",
        "alias": "address",
        "userDefined": true
      }
    ],
    "isTemplate": false,
    "count": 1,
    "lang": "en-gb",
    "updated": 0
  },
  {
    "id": "7c0b811e-45e6-4437-936c-f69308c5e32c",
    "data": [
      {
        "text": "tell me the weather for the ",
        "userDefined": false
      },
      {
        "text": "next week",
        "meta": "@sys.date-time",
        "alias": "date-time",
        "userDefined": true
      }
    ],
    "isTemplate": false,
    "count": 1,
    "lang": "en-gb",
    "updated": 0
  },
  {
    "id": "59417e6a-90d8-40ab-b8b9-dbc0ffbaa349",
    "data": [
      {
        "text": "tell me the weather in ",
        "userDefined": false
      },
      {
        "text": "Rome",
        "meta": "@sys.location",
        "alias": "address",
        "userDefined": true
      },
      {
        "text": " in ",
        "userDefined": false
      },
      {
        "text": "Fahrenheit",
        "meta": "@unit-temperature",
        "alias": "unit",
        "userDefined": true
      }
    ],
    "isTemplate": false,
    "count": 1,
    "lang": "en-gb",
    "updated": 0
  },
  {
    "id": "1bc80fc3-58ef-4ef2-9445-aeaa9743fd31",
    "data": [
      {
        "text": "weather forecast ",
        "userDefined": false
      },
      {
        "text": "in",
        "meta": "@sys.ignore",
        "userDefined": false
      },
      {
        "text": " ",
        "userDefined": false
      },
      {
        "text": "Denver",
        "meta": "@sys.location",
        "alias": "address",
        "userDefined": false
      }
    ],
    "isTemplate": false,
    "count": 1,
    "lang": "en-gb",
    "updated": 0
  },
  {
    "id": "00bb26c5-d361-4549-8979-5c43210f6168",
    "data": [
      {
        "text": "today",
        "meta": "@sys.date-time",
        "alias": "date-time",
        "userDefined": true
      },
      {
        "text": "\u0027s weather in ",
        "userDefined": false
      },
      {
        "text": "London",
        "meta": "@sys.location",
        "alias": "address",
        "userDefined": true
      }
    ],
    "isTemplate": false,
    "count": 1,
    "lang": "en-gb",
    "updated": 0
  },
  {
    "id": "7794afd9-ecd9-4c0e-b5dd-057608561085",
    "data": [
      {
        "text": "what is",
        "meta": "@sys.ignore",
        "userDefined": false
      },
      {
        "text": " the weather for ",
        "userDefined": false
      },
      {
        "text": "Kernersville",
        "meta": "@sys.location",
        "alias": "address",
        "userDefined": false
      }
    ],
    "isTemplate": false,
    "count": 2,
    "lang": "en-gb",
    "updated": 0
  },
  {
    "id": "bbfe9f18-9fb1-408a-86f4-505527dfcd27",
    "data": [
      {
        "text": "what\u0027s the weather for ",
        "userDefined": false
      },
      {
        "text": "tomorrow",
        "meta": "@sys.date-time",
        "alias": "date-time",
        "userDefined": true
      }
    ],
    "isTemplate": false,
    "count": 1,
    "lang": "en-gb",
    "updated": 0
  },
  {
    "id": "e2ac9212-9dce-41cc-a68c-42eee0ca66f4",
    "data": [
      {
        "text": "what\u0027s the weather supposed to be ",
        "userDefined": false
      },
      {
        "text": "next Friday",
        "meta": "@sys.date-time",
        "alias": "date-time",
        "userDefined": true
      },
      {
        "text": " in ",
        "userDefined": false
      },
      {
        "text": "San Francisco",
        "meta": "@sys.location",
        "alias": "address",
        "userDefined": true
      }
    ],
    "isTemplate": false,
    "count": 1,
    "lang": "en-gb",
    "updated": 0
  },
  {
    "id": "b28f3859-89d3-4127-bdd6-7a5fd85fbdd4",
    "data": [
      {
        "text": "what is the weather in ",
        "userDefined": false
      },
      {
        "text": "Melbourne",
        "meta": "@sys.location",
        "alias": "address",
        "userDefined": true
      },
      {
        "text": " ",
        "userDefined": false
      },
      {
        "text": "right now",
        "meta": "@sys.date-time",
        "alias": "date-time",
        "userDefined": true
      }
    ],
    "isTemplate": false,
    "count": 1,
    "lang": "en-gb",
    "updated": 0
  },
  {
    "id": "83a04839-0467-4eea-aede-c37626b38e28",
    "data": [
      {
        "text": "I\u0027d like to know the weather in ",
        "userDefined": false
      },
      {
        "text": "Madrid",
        "meta": "@sys.location",
        "alias": "address",
        "userDefined": true
      }
    ],
    "isTemplate": false,
    "count": 1,
    "lang": "en-gb",
    "updated": 0
  },
  {
    "id": "eac70c6d-84eb-451e-a3c8-4f92649761c4",
    "data": [
      {
        "text": "weather outside",
        "userDefined": false
      }
    ],
    "isTemplate": false,
    "count": 1,
    "lang": "en-gb",
    "updated": 0
  },
  {
    "id": "80999463-e361-4c97-b022-25a20a072071",
    "data": [
      {
        "text": "weather ",
        "userDefined": false
      },
      {
        "text": "in",
        "meta": "@sys.ignore",
        "userDefined": false
      },
      {
        "text": " ",
        "userDefined": false
      },
      {
        "text": "Nirmal",
        "meta": "@sys.location",
        "alias": "address",
        "userDefined": true
      }
    ],
    "isTemplate": false,
    "count": 2,
    "lang": "en-gb",
    "updated": 0
  },
  {
    "id": "23f7fec4-9f02-4a96-b07f-32e3cc220955",
    "data": [
      {
        "text": "what is the weather in ",
        "userDefined": false
      },
      {
        "text": "Cape Town",
        "meta": "@sys.location",
        "alias": "address",
        "userDefined": true
      }
    ],
    "isTemplate": false,
    "count": 1,
    "lang": "en-gb",
    "updated": 0
  },
  {
    "id": "a9d079a5-12af-4023-8f5d-7386b69253bf",
    "data": [
      {
        "text": "what is the weather like ",
        "userDefined": false
      },
      {
        "text": "right now",
        "meta": "@sys.date-time",
        "alias": "date-time",
        "userDefined": true
      }
    ],
    "isTemplate": false,
    "count": 1,
    "lang": "en-gb",
    "updated": 0
  },
  {
    "id": "dce5519a-f138-4d69-9a0e-d9ddf65deaef",
    "data": [
      {
        "text": "tomorrow",
        "meta": "@sys.date-time",
        "alias": "date-time",
        "userDefined": true
      },
      {
        "text": "\u0027s weather report for ",
        "userDefined": false
      },
      {
        "text": "Brussels",
        "meta": "@sys.location",
        "alias": "address",
        "userDefined": true
      }
    ],
    "isTemplate": false,
    "count": 1,
    "lang": "en-gb",
    "updated": 0
  },
  {
    "id": "176029b9-772c-44bf-bdc5-ec407566bc69",
    "data": [
      {
        "text": "what\u0027s the weather in my country",
        "userDefined": false
      }
    ],
    "isTemplate": false,
    "count": 1,
    "lang": "en-gb",
    "updated": 0
  },
  {
    "id": "e343192a-d26b-4e76-b1a6-3dd0e5e58a50",
    "data": [
      {
        "text": "what\u0027s the weather like",
        "userDefined": false
      }
    ],
    "isTemplate": false,
    "count": 1,
    "lang": "en-gb",
    "updated": 0
  },
  {
    "id": "1f5bff28-3a30-47d3-bb07-424da3413e78",
    "data": [
      {
        "text": "weather in ",
        "userDefined": false
      },
      {
        "text": "Brooklyn",
        "meta": "@sys.location",
        "alias": "address",
        "userDefined": true
      },
      {
        "text": " in ",
        "userDefined": false
      },
      {
        "text": "Celsius",
        "meta": "@unit-temperature",
        "alias": "unit",
        "userDefined": true
      }
    ],
    "isTemplate": false,
    "count": 1,
    "lang": "en-gb",
    "updated": 0
  },
  {
    "id": "4ebfe7b0-0819-4dbb-8614-fa59ba41862a",
    "data": [
      {
        "text": "weather forecast for ",
        "userDefined": false
      },
      {
        "text": "Tuesday",
        "meta": "@sys.date-time",
        "alias": "date-time",
        "userDefined": true
      }
    ],
    "isTemplate": false,
    "count": 1,
    "lang": "en-gb",
    "updated": 0
  },
  {
    "id": "4ad353a6-1b6a-454b-85d6-ba331a2580c4",
    "data": [
      {
        "text": "the weather in ",
        "userDefined": false
      },
      {
        "text": "Miami",
        "meta": "@sys.location",
        "alias": "address",
        "userDefined": true
      },
      {
        "text": " is what",
        "userDefined": false
      }
    ],
    "isTemplate": false,
    "count": 2,
    "lang": "en-gb",
    "updated": 0
  },
  {
    "id": "dc406582-811b-4d9a-a847-55ec9fa5cd35",
    "data": [
      {
        "text": "weather in ",
        "userDefined": false
      },
      {
        "text": "New York",
        "meta": "@sys.location",
        "alias": "address",
        "userDefined": true
      },
      {
        "text": " ",
        "userDefined": false
      },
      {
        "text": "this morning",
        "meta": "@sys.date-time",
        "alias": "date-time",
        "userDefined": true
      }
    ],
    "isTemplate": false,
    "count": 1,
    "lang": "en-gb",
    "updated": 0
  },
  {
    "id": "951e9b7d-6dc1-4db2-94e7-6474f5f821da",
    "data": [
      {
        "text": "what was the weather for ",
        "userDefined": false
      },
      {
        "text": "March 2nd",
        "meta": "@sys.date-time",
        "alias": "date-time",
        "userDefined": true
      }
    ],
    "isTemplate": false,
    "count": 1,
    "lang": "en-gb",
    "updated": 0
  },
  {
    "id": "c6ef0f49-9a44-413d-b0df-ba5dd7707fa8",
    "data": [
      {
        "text": "show me weather for ",
        "userDefined": false
      },
      {
        "text": "today",
        "meta": "@sys.date-time",
        "alias": "date-time",
        "userDefined": true
      }
    ],
    "isTemplate": false,
    "count": 1,
    "lang": "en-gb",
    "updated": 0
  },
  {
    "id": "2962a8e3-92fc-43a4-864a-73606e6246fb",
    "data": [
      {
        "text": "what\u0027s the weather ",
        "userDefined": false
      },
      {
        "text": "today",
        "meta": "@sys.date-time",
        "alias": "date-time",
        "userDefined": true
      }
    ],
    "isTemplate": false,
    "count": 1,
    "lang": "en-gb",
    "updated": 0
  },
  {
    "id": "77233254-de4a-457e-8746-b8ea9df1e816",
    "data": [
      {
        "text": "what\u0027s the weather like at ",
        "userDefined": false
      },
      {
        "text": "New York",
        "meta": "@sys.location",
        "alias": "address",
        "userDefined": true
      }
    ],
    "isTemplate": false,
    "count": 1,
    "lang": "en-gb",
    "updated": 0
  },
  {
    "id": "50bbdac0-baff-4cde-a4b8-e85a48da382c",
    "data": [
      {
        "text": "today",
        "meta": "@sys.date-time",
        "alias": "date-time",
        "userDefined": true
      },
      {
        "text": " weather",
        "userDefined": false
      }
    ],
    "isTemplate": false,
    "count": 1,
    "lang": "en-gb",
    "updated": 0
  },
  {
    "id": "8ddeac9a-e941-4e54-bfdc-c34d6085c314",
    "data": [
      {
        "text": "what\u0027s the weather like ",
        "userDefined": false
      },
      {
        "text": "in",
        "meta": "@sys.ignore",
        "userDefined": false
      },
      {
        "text": " ",
        "userDefined": false
      },
      {
        "text": "San Diego",
        "meta": "@sys.location",
        "alias": "address",
        "userDefined": false
      },
      {
        "text": " ",
        "userDefined": false
      },
      {
        "text": "tomorrow",
        "meta": "@sys.date-time",
        "alias": "date-time",
        "userDefined": true
      }
    ],
    "isTemplate": false,
    "count": 2,
    "lang": "en-gb",
    "updated": 0
  },
  {
    "id": "8cbf1ae2-7a5f-4939-87ff-6ac5a951abda",
    "data": [
      {
        "text": "what is the weather forecast for ",
        "userDefined": false
      },
      {
        "text": "this afternoon",
        "meta": "@sys.date-time",
        "alias": "date-time",
        "userDefined": true
      }
    ],
    "isTemplate": false,
    "count": 1,
    "lang": "en-gb",
    "updated": 0
  },
  {
    "id": "4564f964-ae20-445b-86e1-924357e99a52",
    "data": [
      {
        "text": "now",
        "meta": "@sys.ignore",
        "userDefined": false
      },
      {
        "text": " tell ",
        "userDefined": false
      },
      {
        "text": "me",
        "meta": "@sys.ignore",
        "userDefined": false
      },
      {
        "text": " the weather forecast ",
        "userDefined": false
      },
      {
        "text": "in",
        "meta": "@sys.ignore",
        "userDefined": false
      },
      {
        "text": " ",
        "userDefined": false
      },
      {
        "text": "Aspen",
        "meta": "@sys.location",
        "alias": "address",
        "userDefined": false
      }
    ],
    "isTemplate": false,
    "count": 1,
    "lang": "en-gb",
    "updated": 0
  },
  {
    "id": "979430e7-8db7-4b91-a9ec-0c86f75742e6",
    "data": [
      {
        "text": "I\u0027d like to know the weather for ",
        "userDefined": false
      },
      {
        "text": "November 13",
        "meta": "@sys.date-time",
        "alias": "date-time",
        "userDefined": true
      },
      {
        "text": " in ",
        "userDefined": false
      },
      {
        "text": "Zurich",
        "meta": "@sys.location",
        "alias": "address",
        "userDefined": true
      }
    ],
    "isTemplate": false,
    "count": 1,
    "lang": "en-gb",
    "updated": 0
  },
  {
    "id": "6e4cc313-e26e-441c-90e0-dc7a20c0de45",
    "data": [
      {
        "text": "weather for the ",
        "userDefined": false
      },
      {
        "text": "fifth of May",
        "meta": "@sys.date-time",
        "alias": "date-time",
        "userDefined": true
      }
    ],
    "isTemplate": false,
    "count": 1,
    "lang": "en-gb",
    "updated": 0
  },
  {
    "id": "fa458a02-b700-4022-bbca-b116509b2f6e",
    "data": [
      {
        "text": "what is the weather forecast for ",
        "userDefined": false
      },
      {
        "text": "this morning",
        "meta": "@sys.date-time",
        "alias": "date-time",
        "userDefined": true
      }
    ],
    "isTemplate": false,
    "count": 1,
    "lang": "en-gb",
    "updated": 0
  },
  {
    "id": "34bdf35f-4664-4275-a40d-79598fa022ce",
    "data": [
      {
        "text": "what is the weather forecast for ",
        "userDefined": false
      },
      {
        "text": "tomorrow morning",
        "meta": "@sys.date-time",
        "alias": "date-time",
        "userDefined": true
      }
    ],
    "isTemplate": false,
    "count": 1,
    "lang": "en-gb",
    "updated": 0
  },
  {
    "id": "046fc796-5a92-47be-bd6d-384a6f4727de",
    "data": [
      {
        "text": "I\u0027d like to know the weather",
        "userDefined": false
      }
    ],
    "isTemplate": false,
    "count": 1,
    "lang": "en-gb",
    "updated": 0
  },
  {
    "id": "b29f40fa-6c4b-4f17-9aa9-94af3f369c20",
    "data": [
      {
        "text": "what\u0027s the weather going to be like later ",
        "userDefined": false
      },
      {
        "text": "today",
        "meta": "@sys.date-time",
        "alias": "date-time",
        "userDefined": true
      }
    ],
    "isTemplate": false,
    "count": 1,
    "lang": "en-gb",
    "updated": 0
  },
  {
    "id": "a2c181f1-8e94-4601-abd4-874c14a70721",
    "data": [
      {
        "text": "what\u0027s the weather supposed to be ",
        "userDefined": false
      },
      {
        "text": "this week",
        "meta": "@sys.date-time",
        "alias": "date-time",
        "userDefined": true
      }
    ],
    "isTemplate": false,
    "count": 1,
    "lang": "en-gb",
    "updated": 0
  },
  {
    "id": "349d4f4d-0df1-4ef7-90a7-3e3a84d2bf57",
    "data": [
      {
        "text": "what is the weather ",
        "userDefined": false
      },
      {
        "text": "today",
        "meta": "@sys.date-time",
        "alias": "date-time",
        "userDefined": true
      }
    ],
    "isTemplate": false,
    "count": 1,
    "lang": "en-gb",
    "updated": 0
  },
  {
    "id": "765b28f2-41e4-46b1-86b3-0ef19e267889",
    "data": [
      {
        "text": "what is",
        "meta": "@sys.ignore",
        "userDefined": false
      },
      {
        "text": " the weather for ",
        "userDefined": false
      },
      {
        "text": "Greenville",
        "meta": "@sys.location",
        "alias": "address",
        "userDefined": false
      }
    ],
    "isTemplate": false,
    "count": 1,
    "lang": "en-gb",
    "updated": 0
  },
  {
    "id": "427099b1-41fe-4226-aa65-f09be125e921",
    "data": [
      {
        "text": "what\u0027s the weather supposed to be",
        "userDefined": false
      }
    ],
    "isTemplate": false,
    "count": 1,
    "lang": "en-gb",
    "updated": 0
  },
  {
    "id": "b5521b58-2fc1-425d-8716-3e75c9847629",
    "data": [
      {
        "text": "weather on ",
        "userDefined": false
      },
      {
        "text": "Sunday",
        "meta": "@sys.date-time",
        "alias": "date-time",
        "userDefined": true
      }
    ],
    "isTemplate": false,
    "count": 1,
    "lang": "en-gb",
    "updated": 0
  },
  {
    "id": "81ec8581-65ea-4c2a-a0b9-38bbb96d0561",
    "data": [
      {
        "text": "what\u0027s the weather like ",
        "userDefined": false
      },
      {
        "text": "in",
        "meta": "@sys.ignore",
        "userDefined": false
      },
      {
        "text": " ",
        "userDefined": false
      },
      {
        "text": "London",
        "meta": "@sys.location",
        "alias": "address",
        "userDefined": true
      }
    ],
    "isTemplate": false,
    "count": 1,
    "lang": "en-gb",
    "updated": 0
  },
  {
    "id": "405e1f8f-834b-4663-a04c-c629c30094e0",
    "data": [
      {
        "text": "weather report for ",
        "userDefined": false
      },
      {
        "text": "Paris",
        "meta": "@sys.location",
        "alias": "address",
        "userDefined": true
      }
    ],
    "isTemplate": false,
    "count": 1,
    "lang": "en-gb",
    "updated": 0
  },
  {
    "id": "84bce83f-bf21-42b5-b19f-f780a5e0ba63",
    "data": [
      {
        "text": "weather in ",
        "userDefined": false
      },
      {
        "text": "Valencia",
        "meta": "@sys.location",
        "alias": "address",
        "userDefined": true
      },
      {
        "text": " for ",
        "userDefined": false
      },
      {
        "text": "today",
        "meta": "@sys.date-time",
        "alias": "date-time",
        "userDefined": true
      }
    ],
    "isTemplate": false,
    "count": 1,
    "lang": "en-gb",
    "updated": 0
  },
  {
    "id": "365c43a6-7c26-4869-ad84-bb384d3de1e5",
    "data": [
      {
        "text": "weather in ",
        "userDefined": false
      },
      {
        "text": "London",
        "meta": "@sys.location",
        "alias": "address",
        "userDefined": true
      },
      {
        "text": " ",
        "userDefined": false
      },
      {
        "text": "in 5 days",
        "meta": "@sys.date-time",
        "alias": "date-time",
        "userDefined": true
      }
    ],
    "isTemplate": false,
    "count": 1,
    "lang": "en-gb",
    "updated": 0
  },
  {
    "id": "0d8d6886-cc08-4bce-9a34-9da1f49319d7",
    "data": [
      {
        "text": "how is the weather ",
        "userDefined": false
      },
      {
        "text": "today",
        "meta": "@sys.date-time",
        "alias": "date-time",
        "userDefined": true
      }
    ],
    "isTemplate": false,
    "count": 1,
    "lang": "en-gb",
    "updated": 0
  },
  {
    "id": "cdd85dbb-4db6-4437-93dd-d4c327d4458c",
    "data": [
      {
        "text": "what\u0027s the weather forecast ",
        "userDefined": false
      },
      {
        "text": "in",
        "meta": "@sys.ignore",
        "userDefined": false
      },
      {
        "text": " ",
        "userDefined": false
      },
      {
        "text": "San Francisco",
        "meta": "@sys.location",
        "alias": "address",
        "userDefined": false
      }
    ],
    "isTemplate": false,
    "count": 1,
    "lang": "en-gb",
    "updated": 0
  },
  {
    "id": "9966f80b-2a29-4f2c-a027-53500c428160",
    "data": [
      {
        "text": "show me the weather in ",
        "userDefined": false
      },
      {
        "text": "Milan",
        "meta": "@sys.location",
        "alias": "address",
        "userDefined": true
      },
      {
        "text": " for ",
        "userDefined": false
      },
      {
        "text": "Wednesday",
        "meta": "@sys.date-time",
        "alias": "date-time",
        "userDefined": true
      }
    ],
    "isTemplate": false,
    "count": 1,
    "lang": "en-gb",
    "updated": 0
  },
  {
    "id": "1a372604-90be-44b9-a605-7a9d3c5b7c77",
    "data": [
      {
        "text": "weather in this area",
        "userDefined": false
      }
    ],
    "isTemplate": false,
    "count": 1,
    "lang": "en-gb",
    "updated": 0
  },
  {
    "id": "08b88166-fc99-41d9-8511-88faef085b96",
    "data": [
      {
        "text": "tell me what\u0027s the weather like in ",
        "userDefined": false
      },
      {
        "text": "Atlanta",
        "meta": "@sys.location",
        "alias": "address",
        "userDefined": true
      }
    ],
    "isTemplate": false,
    "count": 1,
    "lang": "en-gb",
    "updated": 0
  },
  {
    "id": "3718f4db-0fdf-4144-839c-e1579af82746",
    "data": [
      {
        "text": "what\u0027s the weather in ",
        "userDefined": false
      },
      {
        "text": "New York",
        "meta": "@sys.location",
        "alias": "address",
        "userDefined": true
      },
      {
        "text": " ",
        "userDefined": false
      },
      {
        "text": "this morning",
        "meta": "@sys.date-time",
        "alias": "date-time",
        "userDefined": true
      }
    ],
    "isTemplate": false,
    "count": 1,
    "lang": "en-gb",
    "updated": 0
  },
  {
    "id": "caa19857-84e9-4c4b-ab07-a78548d9be28",
    "data": [
      {
        "text": "find weather ",
        "userDefined": false
      },
      {
        "text": "India",
        "meta": "@sys.location",
        "alias": "address",
        "userDefined": true
      }
    ],
    "isTemplate": false,
    "count": 1,
    "lang": "en-gb",
    "updated": 0
  },
  {
    "id": "48bb37ba-57d7-45ee-91d2-58a8e9654278",
    "data": [
      {
        "text": "what is ",
        "userDefined": false
      },
      {
        "text": "today",
        "meta": "@sys.date-time",
        "alias": "date-time",
        "userDefined": true
      },
      {
        "text": "\u0027s weather like",
        "userDefined": false
      }
    ],
    "isTemplate": false,
    "count": 1,
    "lang": "en-gb",
    "updated": 0
  },
  {
    "id": "6c3a08ef-7caa-474f-8fd1-809afed840eb",
    "data": [
      {
        "text": "weather ",
        "userDefined": false
      },
      {
        "text": "in",
        "meta": "@sys.ignore",
        "userDefined": false
      },
      {
        "text": " ",
        "userDefined": false
      },
      {
        "text": "Moscow",
        "meta": "@sys.location",
        "alias": "address",
        "userDefined": false
      },
      {
        "text": " ",
        "userDefined": false
      },
      {
        "text": "tomorrow",
        "meta": "@sys.date-time",
        "alias": "date-time",
        "userDefined": false
      }
    ],
    "isTemplate": false,
    "count": 2,
    "lang": "en-gb",
    "updated": 0
  },
  {
    "id": "c82cabd5-0cc6-40f3-9e82-941432ef60ab",
    "data": [
      {
        "text": "weather outside ",
        "userDefined": false
      },
      {
        "text": "this evening",
        "meta": "@sys.date-time",
        "alias": "date-time",
        "userDefined": true
      }
    ],
    "isTemplate": false,
    "count": 1,
    "lang": "en-gb",
    "updated": 0
  },
  {
    "id": "a6abd5c4-7e2b-4dc6-be30-0e046ab55467",
    "data": [
      {
        "text": "weather forecast in ",
        "userDefined": false
      },
      {
        "text": "Oakland",
        "meta": "@sys.location",
        "alias": "address",
        "userDefined": true
      }
    ],
    "isTemplate": false,
    "count": 1,
    "lang": "en-gb",
    "updated": 0
  },
  {
    "id": "7b9b531e-13e8-4881-9e6a-aeb45e40d5d4",
    "data": [
      {
        "text": "what\u0027s it like outside",
        "userDefined": false
      }
    ],
    "isTemplate": false,
    "count": 1,
    "lang": "en-gb",
    "updated": 0
  },
  {
    "id": "7be6bb47-e61d-4fa6-be1f-6d66745a9812",
    "data": [
      {
        "text": "current forecast in ",
        "userDefined": false
      },
      {
        "text": "Valencia",
        "meta": "@sys.location",
        "alias": "address",
        "userDefined": true
      }
    ],
    "isTemplate": false,
    "count": 1,
    "lang": "en-gb",
    "updated": 0
  },
  {
    "id": "263b606e-35c1-43a8-a3e1-91b5e76841e4",
    "data": [
      {
        "text": "what will be the weather like on the ",
        "userDefined": false
      },
      {
        "text": "weekend",
        "meta": "@sys.date-time",
        "alias": "date-time",
        "userDefined": true
      }
    ],
    "isTemplate": false,
    "count": 1,
    "lang": "en-gb",
    "updated": 0
  },
  {
    "id": "7db3baf5-958f-4801-9fcb-c44249060a81",
    "data": [
      {
        "text": "forecast in ",
        "userDefined": false
      },
      {
        "text": "Tokyo",
        "meta": "@sys.location",
        "alias": "address",
        "userDefined": true
      }
    ],
    "isTemplate": false,
    "count": 1,
    "lang": "en-gb",
    "updated": 0
  },
  {
    "id": "34623f5a-3983-4922-9832-70f56d4f3bb2",
    "data": [
      {
        "text": "what\u0027s the weather like in ",
        "userDefined": false
      },
      {
        "text": "New York",
        "meta": "@sys.location",
        "alias": "address",
        "userDefined": true
      }
    ],
    "isTemplate": false,
    "count": 1,
    "lang": "en-gb",
    "updated": 0
  },
  {
    "id": "ec376416-7a0b-4f17-b741-8729ee967769",
    "data": [
      {
        "text": "what is ",
        "userDefined": false
      },
      {
        "text": "today",
        "meta": "@sys.date-time",
        "alias": "date-time",
        "userDefined": true
      },
      {
        "text": "\u0027s weather going to be in ",
        "userDefined": false
      },
      {
        "text": "London",
        "meta": "@sys.location",
        "alias": "address",
        "userDefined": true
      }
    ],
    "isTemplate": false,
    "count": 1,
    "lang": "en-gb",
    "updated": 0
  },
  {
    "id": "4553ff38-cd41-4c4e-b8af-5e4a7e92028e",
    "data": [
      {
        "text": "show me the weather in ",
        "userDefined": false
      },
      {
        "text": "Fahrenheit",
        "meta": "@unit-temperature",
        "alias": "unit",
        "userDefined": true
      }
    ],
    "isTemplate": false,
    "count": 1,
    "lang": "en-gb",
    "updated": 0
  },
  {
    "id": "e3a97490-7d19-46cc-8f67-2859ea3ca015",
    "data": [
      {
        "text": "weather for ",
        "userDefined": false
      },
      {
        "text": "April 3",
        "meta": "@sys.date-time",
        "alias": "date-time",
        "userDefined": true
      }
    ],
    "isTemplate": false,
    "count": 1,
    "lang": "en-gb",
    "updated": 0
  },
  {
    "id": "ddc2af9d-3d59-4d63-bc3a-9334413c5a79",
    "data": [
      {
        "text": "weather",
        "userDefined": false
      }
    ],
    "isTemplate": false,
    "count": 1,
    "lang": "en-gb",
    "updated": 0
  },
  {
    "id": "0c5d2014-c0c7-4c4c-9766-ed6059eb50e5",
    "data": [
      {
        "text": "India",
        "meta": "@sys.location",
        "alias": "address",
        "userDefined": true
      },
      {
        "text": " weather report",
        "userDefined": false
      }
    ],
    "isTemplate": false,
    "count": 1,
    "lang": "en-gb",
    "updated": 0
  }
]