[
  {
    "id": "99430948-95ef-4aba-ada3-f3ae088aeb4a",
    "data": [
      {
        "text": "tell me if it\u0027s ",
        "userDefined": false
      },
      {
        "text": "cold",
        "meta": "@temperature",
        "alias": "temperature",
        "userDefined": true
      },
      {
        "text": " outside",
        "userDefined": false
      }
    ],
    "isTemplate": false,
    "count": 0,
    "lang": "en-au",
    "updated": 0
  },
  {
    "id": "42fc327c-1de4-40c6-900d-711a1b71d526",
    "data": [
      {
        "text": "will it be ",
        "userDefined": false
      },
      {
        "text": "warm",
        "meta": "@temperature",
        "alias": "temperature",
        "userDefined": true
      },
      {
        "text": " ",
        "userDefined": false
      },
      {
        "text": "tomorrow",
        "meta": "@sys.date-time",
        "alias": "date-time",
        "userDefined": true
      }
    ],
    "isTemplate": false,
    "count": 0,
    "lang": "en-au",
    "updated": 0
  },
  {
    "id": "82cc89a0-df43-4940-afb8-c4ea0ebc2d92",
    "data": [
      {
        "text": "I\u0027d like to know the temperature",
        "userDefined": false
      }
    ],
    "isTemplate": false,
    "count": 0,
    "lang": "en-au",
    "updated": 0
  },
  {
    "id": "775f995a-767d-407e-9162-b06242320b11",
    "data": [
      {
        "text": "do you know if it\u0027s ",
        "userDefined": false
      },
      {
        "text": "cold",
        "meta": "@temperature",
        "alias": "temperature",
        "userDefined": true
      },
      {
        "text": " ",
        "userDefined": false
      },
      {
        "text": "now",
        "meta": "@sys.date-time",
        "alias": "date-time",
        "userDefined": true
      }
    ],
    "isTemplate": false,
    "count": 0,
    "lang": "en-au",
    "updated": 0
  },
  {
    "id": "f5c9f57a-a2ef-436a-92f4-56d34ec948aa",
    "data": [
      {
        "text": "is it going to be ",
        "userDefined": false
      },
      {
        "text": "chilly",
        "meta": "@temperature",
        "alias": "temperature",
        "userDefined": true
      },
      {
        "text": " ",
        "userDefined": false
      },
      {
        "text": "tomorrow",
        "meta": "@sys.date-time",
        "alias": "date-time",
        "userDefined": true
      }
    ],
    "isTemplate": false,
    "count": 0,
    "lang": "en-au",
    "updated": 0
  },
  {
    "id": "71ddcc0e-f338-4512-ba38-81fc9763afdd",
    "data": [
      {
        "text": "temperature",
        "userDefined": false
      }
    ],
    "isTemplate": false,
    "count": 1,
    "lang": "en-au",
    "updated": 0
  },
  {
    "id": "13bc5cc9-bec2-42dd-963a-9faf731deb13",
    "data": [
      {
        "text": "I\u0027d like to know the temperature on ",
        "userDefined": false
      },
      {
        "text": "July 22",
        "meta": "@sys.date-time",
        "alias": "date-time",
        "userDefined": true
      },
      {
        "text": " in ",
        "userDefined": false
      },
      {
        "text": "Tampa",
        "meta": "@sys.location",
        "alias": "address",
        "userDefined": true
      }
    ],
    "isTemplate": false,
    "count": 0,
    "lang": "en-au",
    "updated": 0
  },
  {
    "id": "63f6a374-8078-48fa-992f-1a993623012e",
    "data": [
      {
        "text": "show ",
        "userDefined": false
      },
      {
        "text": "me",
        "meta": "@sys.ignore",
        "userDefined": false
      },
      {
        "text": " the temperature",
        "userDefined": false
      }
    ],
    "isTemplate": false,
    "count": 0,
    "lang": "en-au",
    "updated": 0
  },
  {
    "id": "e4b65ced-a34d-4769-95ae-8f986df859ea",
    "data": [
      {
        "text": "I\u0027d like to know the temperature in ",
        "userDefined": false
      },
      {
        "text": "London",
        "meta": "@sys.location",
        "alias": "address",
        "userDefined": true
      }
    ],
    "isTemplate": false,
    "count": 0,
    "lang": "en-au",
    "updated": 0
  },
  {
    "id": "3670a118-f646-4cd7-b6de-c2a82a9f2bc0",
    "data": [
      {
        "text": "what will the temperature be in ",
        "userDefined": false
      },
      {
        "text": "Munich",
        "meta": "@sys.location",
        "alias": "address",
        "userDefined": true
      },
      {
        "text": " on ",
        "userDefined": false
      },
      {
        "text": "Monday",
        "meta": "@sys.date-time",
        "alias": "date-time",
        "userDefined": true
      }
    ],
    "isTemplate": false,
    "count": 0,
    "lang": "en-au",
    "updated": 0
  },
  {
    "id": "4a56a14c-8767-404f-b32f-4a9c88bb1966",
    "data": [
      {
        "text": "show ",
        "userDefined": false
      },
      {
        "text": "me",
        "meta": "@sys.ignore",
        "userDefined": false
      },
      {
        "text": " the temperature ",
        "userDefined": false
      },
      {
        "text": "in",
        "meta": "@sys.ignore",
        "userDefined": false
      },
      {
        "text": " ",
        "userDefined": false
      },
      {
        "text": "Paris",
        "meta": "@sys.location",
        "alias": "address",
        "userDefined": true
      },
      {
        "text": " in ",
        "userDefined": false
      },
      {
        "text": "Fahrenheit",
        "meta": "@unit-temperature",
        "alias": "unit",
        "userDefined": false
      }
    ],
    "isTemplate": false,
    "count": 1,
    "lang": "en-au",
    "updated": 0
  },
  {
    "id": "6bf2016e-f099-4842-a6fc-443ff00656da",
    "data": [
      {
        "text": "check temperature in ",
        "userDefined": false
      },
      {
        "text": "Berlin",
        "meta": "@sys.location",
        "alias": "address",
        "userDefined": true
      }
    ],
    "isTemplate": false,
    "count": 0,
    "lang": "en-au",
    "updated": 0
  },
  {
    "id": "f0fe5b00-0227-4584-b1d6-51347c768c8b",
    "data": [
      {
        "text": "temperature in ",
        "userDefined": false
      },
      {
        "text": "San Diego",
        "meta": "@sys.location",
        "alias": "address",
        "userDefined": true
      },
      {
        "text": " ",
        "userDefined": false
      },
      {
        "text": "next Wednesday",
        "meta": "@sys.date-time",
        "alias": "date-time",
        "userDefined": true
      }
    ],
    "isTemplate": false,
    "count": 0,
    "lang": "en-au",
    "updated": 0
  },
  {
    "id": "3e6a776f-4afa-45f6-806d-cd5415b743de",
    "data": [
      {
        "text": "do you know if it\u0027s ",
        "userDefined": false
      },
      {
        "text": "cold",
        "meta": "@temperature",
        "alias": "temperature",
        "userDefined": true
      },
      {
        "text": " outside ",
        "userDefined": false
      },
      {
        "text": "now",
        "meta": "@sys.date-time",
        "alias": "date-time",
        "userDefined": true
      }
    ],
    "isTemplate": false,
    "count": 0,
    "lang": "en-au",
    "updated": 0
  },
  {
    "id": "fec04102-190a-4861-b1ff-b1004ddd0bfb",
    "data": [
      {
        "text": "at ",
        "userDefined": false
      },
      {
        "text": "New York",
        "meta": "@sys.location",
        "alias": "address",
        "userDefined": true
      },
      {
        "text": " is there ",
        "userDefined": false
      },
      {
        "text": "cold",
        "meta": "@temperature",
        "alias": "temperature",
        "userDefined": false
      }
    ],
    "isTemplate": false,
    "count": 0,
    "lang": "en-au",
    "updated": 0
  },
  {
    "id": "3e71d283-e877-467f-8e51-235f7cb40a16",
    "data": [
      {
        "text": "today\u0027s",
        "meta": "@sys.date-time",
        "alias": "date-time",
        "userDefined": true
      },
      {
        "text": " temperature",
        "userDefined": false
      }
    ],
    "isTemplate": false,
    "count": 0,
    "lang": "en-au",
    "updated": 0
  },
  {
    "id": "8ed887ba-d5ae-4f7b-a828-0ee23f438423",
    "data": [
      {
        "text": "what is",
        "meta": "@sys.ignore",
        "userDefined": false
      },
      {
        "text": " the temperature ",
        "userDefined": false
      },
      {
        "text": "tomorrow",
        "meta": "@sys.date-time",
        "alias": "date-time",
        "userDefined": true
      },
      {
        "text": " ",
        "userDefined": false
      },
      {
        "text": "in",
        "meta": "@sys.ignore",
        "userDefined": false
      },
      {
        "text": " ",
        "userDefined": false
      },
      {
        "text": "Campbell",
        "meta": "@sys.location",
        "alias": "address",
        "userDefined": false
      }
    ],
    "isTemplate": false,
    "count": 0,
    "lang": "en-au",
    "updated": 0
  },
  {
    "id": "161acbfc-242a-418d-8cb2-e20d3dd8f7fd",
    "data": [
      {
        "text": "is it ",
        "userDefined": false
      },
      {
        "text": "hot",
        "meta": "@temperature",
        "alias": "temperature",
        "userDefined": true
      },
      {
        "text": " ",
        "userDefined": false
      },
      {
        "text": "now",
        "meta": "@sys.date-time",
        "alias": "date-time",
        "userDefined": true
      }
    ],
    "isTemplate": false,
    "count": 0,
    "lang": "en-au",
    "updated": 0
  },
  {
    "id": "1fbdbc62-f767-4301-9326-5134c3368b33",
    "data": [
      {
        "text": "temperature ",
        "userDefined": false
      },
      {
        "text": "tonight",
        "meta": "@sys.date-time",
        "alias": "date-time",
        "userDefined": true
      }
    ],
    "isTemplate": false,
    "count": 0,
    "lang": "en-au",
    "updated": 0
  },
  {
    "id": "910bc42e-e8eb-40a3-80c5-cb0366fa1cd7",
    "data": [
      {
        "text": "is it going to be ",
        "userDefined": false
      },
      {
        "text": "cold",
        "meta": "@temperature",
        "alias": "temperature",
        "userDefined": true
      },
      {
        "text": " ",
        "userDefined": false
      },
      {
        "text": "tomorrow",
        "meta": "@sys.date-time",
        "alias": "date-time",
        "userDefined": true
      },
      {
        "text": " in ",
        "userDefined": false
      },
      {
        "text": "Dresden",
        "meta": "@sys.location",
        "alias": "address",
        "userDefined": true
      }
    ],
    "isTemplate": false,
    "count": 0,
    "lang": "en-au",
    "updated": 0
  },
  {
    "id": "f952ba4d-30fb-44c5-8fbe-fcf216be9e39",
    "data": [
      {
        "text": "temperature ",
        "userDefined": false
      },
      {
        "text": "in",
        "meta": "@sys.ignore",
        "userDefined": false
      },
      {
        "text": " ",
        "userDefined": false
      },
      {
        "text": "Bangkok",
        "meta": "@sys.location",
        "alias": "address",
        "userDefined": true
      }
    ],
    "isTemplate": false,
    "count": 0,
    "lang": "en-au",
    "updated": 0
  },
  {
    "id": "aad55b76-d213-4a8d-a3d4-3a3288683d9d",
    "data": [
      {
        "text": "temperature in ",
        "userDefined": false
      },
      {
        "text": "Moscow",
        "meta": "@sys.location",
        "alias": "address",
        "userDefined": true
      }
    ],
    "isTemplate": false,
    "count": 0,
    "lang": "en-au",
    "updated": 0
  },
  {
    "id": "c7b6331e-e0d1-4141-9584-054d52f25d35",
    "data": [
      {
        "text": "what\u0027s the temperature ",
        "userDefined": false
      },
      {
        "text": "in",
        "meta": "@sys.ignore",
        "userDefined": false
      },
      {
        "text": " ",
        "userDefined": false
      },
      {
        "text": "Moscow",
        "meta": "@sys.location",
        "alias": "address",
        "userDefined": true
      },
      {
        "text": " in ",
        "userDefined": false
      },
      {
        "text": "Celsius",
        "meta": "@unit-temperature",
        "alias": "unit",
        "userDefined": false
      }
    ],
    "isTemplate": false,
    "count": 0,
    "lang": "en-au",
    "updated": 0
  },
  {
    "id": "e84c755a-2d94-4414-8e6d-bdfd71330e9a",
    "data": [
      {
        "text": "allright is it ",
        "userDefined": false
      },
      {
        "text": "cold",
        "meta": "@temperature",
        "alias": "temperature",
        "userDefined": true
      },
      {
        "text": " ",
        "userDefined": false
      },
      {
        "text": "tonight",
        "meta": "@sys.date-time",
        "alias": "date-time",
        "userDefined": true
      },
      {
        "text": " in ",
        "userDefined": false
      },
      {
        "text": "Aspen",
        "meta": "@sys.location",
        "alias": "address",
        "userDefined": true
      }
    ],
    "isTemplate": false,
    "count": 0,
    "lang": "en-au",
    "updated": 0
  },
  {
    "id": "bc35ee4a-bf07-44ef-9e78-c1618ddf1b1f",
    "data": [
      {
        "text": "show me the temperature for ",
        "userDefined": false
      },
      {
        "text": "this weekend",
        "meta": "@sys.date-time",
        "alias": "date-time",
        "userDefined": true
      }
    ],
    "isTemplate": false,
    "count": 0,
    "lang": "en-au",
    "updated": 0
  },
  {
    "id": "7698b401-4fef-40ef-a532-09e5fa0d0c57",
    "data": [
      {
        "text": "what will the temperature be on ",
        "userDefined": false
      },
      {
        "text": "Monday",
        "meta": "@sys.date-time",
        "alias": "date-time",
        "userDefined": true
      }
    ],
    "isTemplate": false,
    "count": 0,
    "lang": "en-au",
    "updated": 0
  },
  {
    "id": "ced6a4df-34ff-463a-a316-d097d69f51c9",
    "data": [
      {
        "text": "check temperature",
        "userDefined": false
      }
    ],
    "isTemplate": false,
    "count": 0,
    "lang": "en-au",
    "updated": 0
  },
  {
    "id": "146726f9-9987-4454-9d32-d373265fa8a4",
    "data": [
      {
        "text": "how ",
        "userDefined": false
      },
      {
        "text": "cold",
        "meta": "@temperature",
        "alias": "temperature",
        "userDefined": true
      },
      {
        "text": " is it",
        "userDefined": false
      }
    ],
    "isTemplate": false,
    "count": 0,
    "lang": "en-au",
    "updated": 0
  },
  {
    "id": "63f9884d-1ba0-483f-9848-04788385eca0",
    "data": [
      {
        "text": "is there ",
        "userDefined": false
      },
      {
        "text": "warm",
        "meta": "@temperature",
        "alias": "temperature",
        "userDefined": false
      },
      {
        "text": " ",
        "userDefined": false
      },
      {
        "text": "in",
        "meta": "@sys.ignore",
        "userDefined": false
      },
      {
        "text": " ",
        "userDefined": false
      },
      {
        "text": "New York",
        "meta": "@sys.location",
        "alias": "address",
        "userDefined": true
      }
    ],
    "isTemplate": false,
    "count": 0,
    "lang": "en-au",
    "updated": 0
  },
  {
    "id": "49d049ce-7e68-4749-9a9f-d31b84de90cc",
    "data": [
      {
        "text": "tell me if it\u0027s ",
        "userDefined": false
      },
      {
        "text": "cold",
        "meta": "@temperature",
        "alias": "temperature",
        "userDefined": true
      },
      {
        "text": " in ",
        "userDefined": false
      },
      {
        "text": "Oslo",
        "meta": "@sys.location",
        "alias": "address",
        "userDefined": true
      }
    ],
    "isTemplate": false,
    "count": 0,
    "lang": "en-au",
    "updated": 0
  },
  {
    "id": "ec777f8d-290e-4399-9791-5265ffcebbe0",
    "data": [
      {
        "text": "it\u0027s ",
        "userDefined": false
      },
      {
        "text": "chilly",
        "meta": "@temperature",
        "alias": "temperature",
        "userDefined": true
      },
      {
        "text": " in ",
        "userDefined": false
      },
      {
        "text": "New York",
        "meta": "@sys.location",
        "alias": "address",
        "userDefined": true
      },
      {
        "text": " right",
        "userDefined": false
      }
    ],
    "isTemplate": false,
    "count": 0,
    "lang": "en-au",
    "updated": 0
  },
  {
    "id": "77840c5f-4fee-4261-8841-5db1dea545c7",
    "data": [
      {
        "text": "in ",
        "userDefined": false
      },
      {
        "text": "New York",
        "meta": "@sys.location",
        "alias": "address",
        "userDefined": true
      },
      {
        "text": " is there ",
        "userDefined": false
      },
      {
        "text": "hot",
        "meta": "@temperature",
        "alias": "temperature",
        "userDefined": false
      }
    ],
    "isTemplate": false,
    "count": 0,
    "lang": "en-au",
    "updated": 0
  },
  {
    "id": "c02d1ec9-9f88-4d7a-90c4-ab6e38865f08",
    "data": [
      {
        "text": "what is the temperature ",
        "userDefined": false
      },
      {
        "text": "tomorrow",
        "meta": "@sys.date-time",
        "alias": "date-time",
        "userDefined": true
      },
      {
        "text": " in ",
        "userDefined": false
      },
      {
        "text": "Canberra",
        "meta": "@sys.location",
        "alias": "address",
        "userDefined": true
      }
    ],
    "isTemplate": false,
    "count": 0,
    "lang": "en-au",
    "updated": 0
  },
  {
    "id": "b0859283-cfce-4d80-804b-d28e44ed4101",
    "data": [
      {
        "text": "tell me if it will be ",
        "userDefined": false
      },
      {
        "text": "hot",
        "meta": "@temperature",
        "alias": "temperature",
        "userDefined": true
      },
      {
        "text": " in ",
        "userDefined": false
      },
      {
        "text": "Ibiza",
        "meta": "@sys.location",
        "alias": "address",
        "userDefined": true
      },
      {
        "text": " ",
        "userDefined": false
      },
      {
        "text": "next weekend",
        "meta": "@sys.date-time",
        "alias": "date-time",
        "userDefined": true
      }
    ],
    "isTemplate": false,
    "count": 1,
    "lang": "en-au",
    "updated": 0
  },
  {
    "id": "06de1303-f538-40f8-8ba2-8fe76095f0fd",
    "data": [
      {
        "text": "check temperature for ",
        "userDefined": false
      },
      {
        "text": "next week",
        "meta": "@sys.date-time",
        "alias": "date-time",
        "userDefined": true
      },
      {
        "text": " in ",
        "userDefined": false
      },
      {
        "text": "Budapest",
        "meta": "@sys.location",
        "alias": "address",
        "userDefined": true
      }
    ],
    "isTemplate": false,
    "count": 0,
    "lang": "en-au",
    "updated": 0
  },
  {
    "id": "670fe29e-97f4-44b0-a80b-b8a5f20ce845",
    "data": [
      {
        "text": "how ",
        "userDefined": false
      },
      {
        "text": "cold",
        "meta": "@temperature",
        "alias": "temperature",
        "userDefined": true
      },
      {
        "text": " is it supposed to be ",
        "userDefined": false
      },
      {
        "text": "this week",
        "meta": "@sys.date-time",
        "alias": "date-time",
        "userDefined": true
      }
    ],
    "isTemplate": false,
    "count": 0,
    "lang": "en-au",
    "updated": 0
  },
  {
    "id": "e2521530-e722-47eb-81b0-deea616cbb47",
    "data": [
      {
        "text": "show me the temperature in ",
        "userDefined": false
      },
      {
        "text": "Paris",
        "meta": "@sys.location",
        "alias": "address",
        "userDefined": true
      }
    ],
    "isTemplate": false,
    "count": 0,
    "lang": "en-au",
    "updated": 0
  },
  {
    "id": "ccf4b551-ce3a-442d-a830-2b4ea22375a3",
    "data": [
      {
        "text": "it is ",
        "userDefined": false
      },
      {
        "text": "chilly",
        "meta": "@temperature",
        "alias": "temperature",
        "userDefined": true
      },
      {
        "text": " in ",
        "userDefined": false
      },
      {
        "text": "London",
        "meta": "@sys.location",
        "alias": "address",
        "userDefined": true
      },
      {
        "text": " ",
        "userDefined": false
      },
      {
        "text": "right now",
        "meta": "@sys.date-time",
        "alias": "date-time",
        "userDefined": true
      }
    ],
    "isTemplate": false,
    "count": 0,
    "lang": "en-au",
    "updated": 0
  },
  {
    "id": "79071ac3-428f-4dc6-938e-13cacce5bb0b",
    "data": [
      {
        "text": "check if it\u0027s going to be ",
        "userDefined": false
      },
      {
        "text": "freezing",
        "meta": "@temperature",
        "alias": "temperature",
        "userDefined": true
      },
      {
        "text": " ",
        "userDefined": false
      },
      {
        "text": "tomorrow",
        "meta": "@sys.date-time",
        "alias": "date-time",
        "userDefined": true
      }
    ],
    "isTemplate": false,
    "count": 0,
    "lang": "en-au",
    "updated": 0
  },
  {
    "id": "1bc3d5b4-9d69-4e36-9443-3b9da8d26427",
    "data": [
      {
        "text": "how ",
        "userDefined": false
      },
      {
        "text": "cold",
        "meta": "@temperature",
        "alias": "temperature",
        "userDefined": true
      },
      {
        "text": " is it in ",
        "userDefined": false
      },
      {
        "text": "Chicago",
        "meta": "@sys.location",
        "alias": "address",
        "userDefined": true
      }
    ],
    "isTemplate": false,
    "count": 0,
    "lang": "en-au",
    "updated": 0
  },
  {
    "id": "891b86ba-de19-4a09-8225-d84123ff5785",
    "data": [
      {
        "text": "tell me if it will be ",
        "userDefined": false
      },
      {
        "text": "freezing",
        "meta": "@temperature",
        "alias": "temperature",
        "userDefined": true
      },
      {
        "text": " on ",
        "userDefined": false
      },
      {
        "text": "Tuesday",
        "meta": "@sys.date-time",
        "alias": "date-time",
        "userDefined": true
      }
    ],
    "isTemplate": false,
    "count": 0,
    "lang": "en-au",
    "updated": 0
  },
  {
    "id": "afc8796e-d97f-42ac-abd4-3836c0adacf4",
    "data": [
      {
        "text": "is it ",
        "userDefined": false
      },
      {
        "text": "hot",
        "meta": "@temperature",
        "alias": "temperature",
        "userDefined": true
      }
    ],
    "isTemplate": false,
    "count": 0,
    "lang": "en-au",
    "updated": 0
  },
  {
    "id": "87f091a3-b863-4c43-8b9b-b0c89b85cf70",
    "data": [
      {
        "text": "show me the temperature for ",
        "userDefined": false
      },
      {
        "text": "this weekend",
        "meta": "@sys.date-time",
        "alias": "date-time",
        "userDefined": true
      },
      {
        "text": " in ",
        "userDefined": false
      },
      {
        "text": "Los Angeles",
        "meta": "@sys.location",
        "alias": "address",
        "userDefined": true
      }
    ],
    "isTemplate": false,
    "count": 0,
    "lang": "en-au",
    "updated": 0
  },
  {
    "id": "dd12c6e6-359d-4957-a4f6-ee13bb81776e",
    "data": [
      {
        "text": "what\u0027s the temperature outside",
        "userDefined": false
      }
    ],
    "isTemplate": false,
    "count": 1,
    "lang": "en-au",
    "updated": 0
  },
  {
    "id": "e65c4761-d9a3-4b02-9018-d407efd67829",
    "data": [
      {
        "text": "I\u0027d like to know the temperature on ",
        "userDefined": false
      },
      {
        "text": "June 14",
        "meta": "@sys.date-time",
        "alias": "date-time",
        "userDefined": true
      }
    ],
    "isTemplate": false,
    "count": 0,
    "lang": "en-au",
    "updated": 0
  },
  {
    "id": "ec4776af-e56f-4a34-8e6c-4beeafd503eb",
    "data": [
      {
        "text": "is it ",
        "userDefined": false
      },
      {
        "text": "hot",
        "meta": "@temperature",
        "alias": "temperature",
        "userDefined": true
      },
      {
        "text": " in ",
        "userDefined": false
      },
      {
        "text": "Tokyo",
        "meta": "@sys.location",
        "alias": "address",
        "userDefined": true
      }
    ],
    "isTemplate": false,
    "count": 0,
    "lang": "en-au",
    "updated": 0
  },
  {
    "id": "f1a47809-815f-4869-a9dd-48e338424293",
    "data": [
      {
        "text": "today\u0027s",
        "meta": "@sys.date-time",
        "alias": "date-time",
        "userDefined": true
      },
      {
        "text": " temperature in ",
        "userDefined": false
      },
      {
        "text": "Salamanca",
        "meta": "@sys.location",
        "alias": "address",
        "userDefined": true
      }
    ],
    "isTemplate": false,
    "count": 0,
    "lang": "en-au",
    "updated": 0
  },
  {
    "id": "0164f9cf-3b74-4576-bac8-db344fef0b68",
    "data": [
      {
        "text": "what\u0027s the temperature in ",
        "userDefined": false
      },
      {
        "text": "Madrid",
        "meta": "@sys.location",
        "alias": "address",
        "userDefined": true
      }
    ],
    "isTemplate": false,
    "count": 0,
    "lang": "en-au",
    "updated": 0
  },
  {
    "id": "b06d3821-2ad2-419e-812e-e19a5fac02c9",
    "data": [
      {
        "text": "is ",
        "userDefined": false
      },
      {
        "text": "today",
        "meta": "@sys.date-time",
        "alias": "date-time",
        "userDefined": true
      },
      {
        "text": " a ",
        "userDefined": false
      },
      {
        "text": "hot",
        "meta": "@temperature",
        "alias": "temperature",
        "userDefined": false
      },
      {
        "text": " day",
        "userDefined": false
      }
    ],
    "isTemplate": false,
    "count": 0,
    "lang": "en-au",
    "updated": 0
  },
  {
    "id": "859ac50a-00e5-4ac5-a8b7-2575a59c0226",
    "data": [
      {
        "text": "it\u0027s ",
        "userDefined": false
      },
      {
        "text": "chilly",
        "meta": "@temperature",
        "alias": "temperature",
        "userDefined": true
      },
      {
        "text": " outside right",
        "userDefined": false
      }
    ],
    "isTemplate": false,
    "count": 0,
    "lang": "en-au",
    "updated": 0
  },
  {
    "id": "bef719db-9900-45f8-ae54-a21728e694da",
    "data": [
      {
        "text": "check temperature for ",
        "userDefined": false
      },
      {
        "text": "next Friday",
        "meta": "@sys.date-time",
        "alias": "date-time",
        "userDefined": true
      }
    ],
    "isTemplate": false,
    "count": 0,
    "lang": "en-au",
    "updated": 0
  },
  {
    "id": "e5468ff0-8ed5-4691-a4a4-848febea43bb",
    "data": [
      {
        "text": "how ",
        "userDefined": false
      },
      {
        "text": "cold",
        "meta": "@temperature",
        "alias": "temperature",
        "userDefined": true
      },
      {
        "text": " is it supposed to be ",
        "userDefined": false
      },
      {
        "text": "this Sunday",
        "meta": "@sys.date-time",
        "alias": "date-time",
        "userDefined": true
      },
      {
        "text": " in ",
        "userDefined": false
      },
      {
        "text": "Mountain View",
        "meta": "@sys.location",
        "alias": "address",
        "userDefined": true
      }
    ],
    "isTemplate": false,
    "count": 1,
    "lang": "en-au",
    "updated": 0
  }
]