[
  {
    "id": "5ffb4988-6250-4d2c-b880-daf221df5939",
    "data": [
      {
        "text": "show ",
        "userDefined": false
      },
      {
        "text": "me",
        "meta": "@sys.ignore",
        "userDefined": false
      },
      {
        "text": " the weather",
        "userDefined": false
      }
    ],
    "isTemplate": false,
    "count": 1,
    "lang": "en-au",
    "updated": 0
  },
  {
    "id": "f6c302fb-8cd3-43c2-88d0-565744dcd86f",
    "data": [
      {
        "text": "what\u0027s the weather going to be ",
        "userDefined": false
      },
      {
        "text": "tomorrow",
        "meta": "@sys.date-time",
        "alias": "date-time",
        "userDefined": true
      }
    ],
    "isTemplate": false,
    "count": 1,
    "lang": "en-au",
    "updated": 0
  },
  {
    "id": "a13c5186-d3e5-4fe7-b3ed-9f6b959e4e50",
    "data": [
      {
        "text": "I\u0027d like to get the weather for ",
        "userDefined": false
      },
      {
        "text": "July 22",
        "meta": "@sys.date-time",
        "alias": "date-time",
        "userDefined": true
      }
    ],
    "isTemplate": false,
    "count": 1,
    "lang": "en-au",
    "updated": 0
  },
  {
    "id": "90418c46-b976-429c-9737-5d412c2ae32f",
    "data": [
      {
        "text": "what is ",
        "userDefined": false
      },
      {
        "text": "today",
        "meta": "@sys.date-time",
        "alias": "date-time",
        "userDefined": true
      },
      {
        "text": "\u0027s weather",
        "userDefined": false
      }
    ],
    "isTemplate": false,
    "count": 1,
    "lang": "en-au",
    "updated": 0
  },
  {
    "id": "6f6ae574-c880-4929-ab64-7c5ae564359f",
    "data": [
      {
        "text": "how\u0027s the weather ",
        "userDefined": false
      },
      {
        "text": "today",
        "meta": "@sys.date-time",
        "alias": "date-time",
        "userDefined": true
      }
    ],
    "isTemplate": false,
    "count": 1,
    "lang": "en-au",
    "updated": 0
  },
  {
    "id": "dafb59e9-8124-482b-bf1a-1856438c2d15",
    "data": [
      {
        "text": "what is the weather going to be like ",
        "userDefined": false
      },
      {
        "text": "today",
        "meta": "@sys.date-time",
        "alias": "date-time",
        "userDefined": true
      }
    ],
    "isTemplate": false,
    "count": 1,
    "lang": "en-au",
    "updated": 0
  },
  {
    "id": "c39b5b59-8a58-4c30-85ad-3819caf755d2",
    "data": [
      {
        "text": "weather in the ",
        "userDefined": false
      },
      {
        "text": "evening",
        "meta": "@sys.date-time",
        "alias": "date-time",
        "userDefined": true
      }
    ],
    "isTemplate": false,
    "count": 1,
    "lang": "en-au",
    "updated": 0
  },
  {
    "id": "319e8375-1031-4646-8edb-7e2989fde164",
    "data": [
      {
        "text": "what is",
        "meta": "@sys.ignore",
        "userDefined": false
      },
      {
        "text": " the current weather at ",
        "userDefined": false
      },
      {
        "text": "SVO",
        "meta": "@sys.location",
        "alias": "address",
        "userDefined": true
      }
    ],
    "isTemplate": false,
    "count": 1,
    "lang": "en-au",
    "updated": 0
  },
  {
    "id": "908f7df9-5b37-43fd-887b-8128b8b08548",
    "data": [
      {
        "text": "what is",
        "meta": "@sys.ignore",
        "userDefined": false
      },
      {
        "text": " the weather ",
        "userDefined": false
      },
      {
        "text": "tomorrow",
        "meta": "@sys.date-time",
        "alias": "date-time",
        "userDefined": true
      },
      {
        "text": " ",
        "userDefined": false
      },
      {
        "text": "in",
        "meta": "@sys.ignore",
        "userDefined": false
      },
      {
        "text": " ",
        "userDefined": false
      },
      {
        "text": "Canberra",
        "meta": "@sys.location",
        "alias": "address",
        "userDefined": false
      }
    ],
    "isTemplate": false,
    "count": 1,
    "lang": "en-au",
    "updated": 0
  },
  {
    "id": "1ed96c32-bccf-444c-a430-dac137dc6736",
    "data": [
      {
        "text": "show me the weather in ",
        "userDefined": false
      },
      {
        "text": "Munich",
        "meta": "@sys.location",
        "alias": "address",
        "userDefined": true
      }
    ],
    "isTemplate": false,
    "count": 1,
    "lang": "en-au",
    "updated": 0
  },
  {
    "id": "70dc8ed6-cf00-4746-ad85-a9311eaa0338",
    "data": [
      {
        "text": "what\u0027s the weather supposed to be in ",
        "userDefined": false
      },
      {
        "text": "Moscow",
        "meta": "@sys.location",
        "alias": "address",
        "userDefined": true
      }
    ],
    "isTemplate": false,
    "count": 2,
    "lang": "en-au",
    "updated": 0
  },
  {
    "id": "c6882195-0f44-4a08-9159-794efc49b0af",
    "data": [
      {
        "text": "what\u0027s the weather like ",
        "userDefined": false
      },
      {
        "text": "this evening",
        "meta": "@sys.date-time",
        "alias": "date-time",
        "userDefined": true
      }
    ],
    "isTemplate": false,
    "count": 1,
    "lang": "en-au",
    "updated": 0
  },
  {
    "id": "e3060237-710e-4ab5-ad9e-c6e9bb5f9f87",
    "data": [
      {
        "text": "how\u0027s the weather gonna be on ",
        "userDefined": false
      },
      {
        "text": "Monday",
        "meta": "@sys.date-time",
        "alias": "date-time",
        "userDefined": true
      }
    ],
    "isTemplate": false,
    "count": 1,
    "lang": "en-au",
    "updated": 0
  },
  {
    "id": "b036b3b1-cffc-4812-8249-d812d4f9e8b1",
    "data": [
      {
        "text": "what is the weather like ",
        "userDefined": false
      },
      {
        "text": "today",
        "meta": "@sys.date-time",
        "alias": "date-time",
        "userDefined": true
      }
    ],
    "isTemplate": false,
    "count": 1,
    "lang": "en-au",
    "updated": 0
  },
  {
    "id": "5efb21ac-22cb-4180-940b-b3db5f719d69",
    "data": [
      {
        "text": "weather ",
        "userDefined": false
      },
      {
        "text": "this morning",
        "meta": "@sys.date-time",
        "alias": "date-time",
        "userDefined": true
      }
    ],
    "isTemplate": false,
    "count": 1,
    "lang": "en-au",
    "updated": 0
  },
  {
    "id": "896e2ae1-1411-4ffc-a767-2afca4f2ca3d",
    "data": [
      {
        "text": "weather on ",
        "userDefined": false
      },
      {
        "text": "Friday",
        "meta": "@sys.date-time",
        "alias": "date-time",
        "userDefined": true
      }
    ],
    "isTemplate": false,
    "count": 1,
    "lang": "en-au",
    "updated": 0
  },
  {
    "id": "5658ed0f-669f-4669-a8ca-83929686f78f",
    "data": [
      {
        "text": "weather ",
        "userDefined": false
      },
      {
        "text": "Seattle",
        "meta": "@sys.location",
        "alias": "address",
        "userDefined": false
      }
    ],
    "isTemplate": false,
    "count": 1,
    "lang": "en-au",
    "updated": 0
  },
  {
    "id": "ee32098b-178f-491d-bc2b-96fa26f768c9",
    "data": [
      {
        "text": "weather report",
        "userDefined": false
      }
    ],
    "isTemplate": false,
    "count": 1,
    "lang": "en-au",
    "updated": 0
  },
  {
    "id": "0766a012-b449-4e34-9af9-a7d8d7291f16",
    "data": [
      {
        "text": "weather in ",
        "userDefined": false
      },
      {
        "text": "London",
        "meta": "@sys.location",
        "alias": "address",
        "userDefined": true
      }
    ],
    "isTemplate": false,
    "count": 1,
    "lang": "en-au",
    "updated": 0
  },
  {
    "id": "4bc3da0d-dd26-4950-a7ce-e6cb44bbe96d",
    "data": [
      {
        "text": "weather in ",
        "userDefined": false
      },
      {
        "text": "afternoon",
        "meta": "@sys.date-time",
        "alias": "date-time",
        "userDefined": true
      }
    ],
    "isTemplate": false,
    "count": 1,
    "lang": "en-au",
    "updated": 0
  },
  {
    "id": "997631ac-1a67-4aa3-b429-bc09b53176f5",
    "data": [
      {
        "text": "what\u0027s the weather like in our area",
        "userDefined": false
      }
    ],
    "isTemplate": false,
    "count": 1,
    "lang": "en-au",
    "updated": 0
  },
  {
    "id": "94d10146-8cde-4229-9628-dd79ccb87499",
    "data": [
      {
        "text": "weather at ",
        "userDefined": false
      },
      {
        "text": "night",
        "meta": "@sys.date-time",
        "alias": "date-time",
        "userDefined": true
      }
    ],
    "isTemplate": false,
    "count": 1,
    "lang": "en-au",
    "updated": 0
  },
  {
    "id": "26e56504-71cf-4d86-aa84-a91c5501ee29",
    "data": [
      {
        "text": "how\u0027s the weather in ",
        "userDefined": false
      },
      {
        "text": "Rome",
        "meta": "@sys.location",
        "alias": "address",
        "userDefined": true
      }
    ],
    "isTemplate": false,
    "count": 1,
    "lang": "en-au",
    "updated": 0
  },
  {
    "id": "3bddc6b0-7714-4093-95fa-d8b7e4722b9f",
    "data": [
      {
        "text": "weather for ",
        "userDefined": false
      },
      {
        "text": "March 25",
        "meta": "@sys.date-time",
        "alias": "date-time",
        "userDefined": true
      }
    ],
    "isTemplate": false,
    "count": 1,
    "lang": "en-au",
    "updated": 0
  },
  {
    "id": "3035b783-2f94-4488-a60d-9810e07e7e16",
    "data": [
      {
        "text": "could you give ",
        "userDefined": false
      },
      {
        "text": "me",
        "meta": "@sys.ignore",
        "userDefined": false
      },
      {
        "text": " the weather forecast for ",
        "userDefined": false
      },
      {
        "text": "Hong Kong",
        "meta": "@sys.location",
        "alias": "address",
        "userDefined": true
      },
      {
        "text": " please",
        "userDefined": false
      }
    ],
    "isTemplate": false,
    "count": 1,
    "lang": "en-au",
    "updated": 0
  },
  {
    "id": "fd09dcf0-9f9d-4f5d-8c12-2386f091aa84",
    "data": [
      {
        "text": "what will be the weather like in ",
        "userDefined": false
      },
      {
        "text": "Tokyo",
        "meta": "@sys.location",
        "alias": "address",
        "userDefined": true
      },
      {
        "text": " on the ",
        "userDefined": false
      },
      {
        "text": "next weekend",
        "meta": "@sys.date-time",
        "alias": "date-time",
        "userDefined": true
      }
    ],
    "isTemplate": false,
    "count": 1,
    "lang": "en-au",
    "updated": 0
  },
  {
    "id": "d46f62e6-834e-4229-85b1-fffc56370d22",
    "data": [
      {
        "text": "weather in ",
        "userDefined": false
      },
      {
        "text": "Paris",
        "meta": "@sys.location",
        "alias": "address",
        "userDefined": true
      },
      {
        "text": " in ",
        "userDefined": false
      },
      {
        "text": "Celsius",
        "meta": "@unit-temperature",
        "alias": "unit",
        "userDefined": true
      }
    ],
    "isTemplate": false,
    "count": 2,
    "lang": "en-au",
    "updated": 0
  },
  {
    "id": "5b78e7cd-c4db-4827-8b16-95e4d959ead4",
    "data": [
      {
        "text": "weather ",
        "userDefined": false
      },
      {
        "text": "today",
        "meta": "@sys.date-time",
        "alias": "date-time",
        "userDefined": true
      }
    ],
    "isTemplate": false,
    "count": 1,
    "lang": "en-au",
    "updated": 0
  },
  {
    "id": "5b3a7cf5-c259-4edf-905b-620da59a631b",
    "data": [
      {
        "text": "how\u0027s the weather going to be ",
        "userDefined": false
      },
      {
        "text": "today",
        "meta": "@sys.date-time",
        "alias": "date-time",
        "userDefined": true
      }
    ],
    "isTemplate": false,
    "count": 1,
    "lang": "en-au",
    "updated": 0
  },
  {
    "id": "10d6b026-f9e7-47e1-b57c-e0be0a242cf0",
    "data": [
      {
        "text": "weather in ",
        "userDefined": false
      },
      {
        "text": "Mamda",
        "meta": "@sys.location",
        "alias": "address",
        "userDefined": true
      }
    ],
    "isTemplate": false,
    "count": 2,
    "lang": "en-au",
    "updated": 0
  },
  {
    "id": "0f7235bf-b39f-4ce1-80aa-1f2678f3d637",
    "data": [
      {
        "text": "weather of ",
        "userDefined": false
      },
      {
        "text": "Salalah",
        "meta": "@sys.location",
        "alias": "address",
        "userDefined": true
      }
    ],
    "isTemplate": false,
    "count": 1,
    "lang": "en-au",
    "updated": 0
  },
  {
    "id": "7ac6c32b-fd26-4581-82ba-1bd293464506",
    "data": [
      {
        "text": "weather ",
        "userDefined": false
      },
      {
        "text": "Montana",
        "meta": "@sys.location",
        "alias": "address",
        "userDefined": false
      }
    ],
    "isTemplate": false,
    "count": 1,
    "lang": "en-au",
    "updated": 0
  },
  {
    "id": "a45ff298-d196-4d75-bc06-7d77ab880063",
    "data": [
      {
        "text": "what will be the weather ",
        "userDefined": false
      },
      {
        "text": "today",
        "meta": "@sys.date-time",
        "alias": "date-time",
        "userDefined": true
      }
    ],
    "isTemplate": false,
    "count": 1,
    "lang": "en-au",
    "updated": 0
  },
  {
    "id": "f8b12b00-63ef-4301-9f54-58cf458b2868",
    "data": [
      {
        "text": "what is",
        "meta": "@sys.ignore",
        "userDefined": false
      },
      {
        "text": " the weather ",
        "userDefined": false
      },
      {
        "text": "tomorrow",
        "meta": "@sys.date-time",
        "alias": "date-time",
        "userDefined": true
      },
      {
        "text": " ",
        "userDefined": false
      },
      {
        "text": "in",
        "meta": "@sys.ignore",
        "userDefined": false
      },
      {
        "text": " ",
        "userDefined": false
      },
      {
        "text": "Campbell",
        "meta": "@sys.location",
        "alias": "address",
        "userDefined": false
      }
    ],
    "isTemplate": false,
    "count": 1,
    "lang": "en-au",
    "updated": 0
  },
  {
    "id": "99ea56e1-534d-4524-8a57-38347dcff0c3",
    "data": [
      {
        "text": "weather forecast ",
        "userDefined": false
      },
      {
        "text": "in",
        "meta": "@sys.ignore",
        "userDefined": false
      },
      {
        "text": " ",
        "userDefined": false
      },
      {
        "text": "Oakland",
        "meta": "@sys.location",
        "alias": "address",
        "userDefined": false
      },
      {
        "text": " ",
        "userDefined": false
      },
      {
        "text": "next week",
        "meta": "@sys.date-time",
        "alias": "date-time",
        "userDefined": true
      }
    ],
    "isTemplate": false,
    "count": 1,
    "lang": "en-au",
    "updated": 0
  },
  {
    "id": "6828c3bc-b9e5-489a-b701-c22b43169609",
    "data": [
      {
        "text": "how is the weather in my area",
        "userDefined": false
      }
    ],
    "isTemplate": false,
    "count": 1,
    "lang": "en-au",
    "updated": 0
  },
  {
    "id": "cdedee68-fc72-4028-8cdc-bbdc5ea4652b",
    "data": [
      {
        "text": "what\u0027s the weather forecast for ",
        "userDefined": false
      },
      {
        "text": "today",
        "meta": "@sys.date-time",
        "alias": "date-time",
        "userDefined": true
      }
    ],
    "isTemplate": false,
    "count": 1,
    "lang": "en-au",
    "updated": 0
  },
  {
    "id": "4f176a3e-238b-4a9b-9301-fdbeff50678f",
    "data": [
      {
        "text": "weather ",
        "userDefined": false
      },
      {
        "text": "Durban",
        "meta": "@sys.location",
        "alias": "address",
        "userDefined": false
      }
    ],
    "isTemplate": false,
    "count": 1,
    "lang": "en-au",
    "updated": 0
  },
  {
    "id": "52ec6e71-d155-4bce-bec8-43305f49008d",
    "data": [
      {
        "text": "weather ",
        "userDefined": false
      },
      {
        "text": "in",
        "meta": "@sys.ignore",
        "userDefined": false
      },
      {
        "text": " ",
        "userDefined": false
      },
      {
        "text": "Khanapur",
        "meta": "@sys.location",
        "alias": "address",
        "userDefined": true
      }
    ],
    "isTemplate": false,
    "count": 2,
    "lang": "en-au",
    "updated": 0
  },
  {
    "id": "199428ff-b686-4f5f-b42a-2afd7f96535c",
    "data": [
      {
        "text": "tomorrow",
        "meta": "@sys.date-time",
        "alias": "date-time",
        "userDefined": true
      },
      {
        "text": "\u0027s weather",
        "userDefined": false
      }
    ],
    "isTemplate": false,
    "count": 1,
    "lang": "en-au",
    "updated": 0
  },
  {
    "id": "ad6ed28b-f159-4154-b7e3-3234969c875d",
    "data": [
      {
        "text": "weather ",
        "userDefined": false
      },
      {
        "text": "now",
        "meta": "@sys.date-time",
        "alias": "date-time",
        "userDefined": true
      }
    ],
    "isTemplate": false,
    "count": 1,
    "lang": "en-au",
    "updated": 0
  },
  {
    "id": "0e147d68-c72f-49ee-8fd0-bb0771b80296",
    "data": [
      {
        "text": "what is",
        "meta": "@sys.ignore",
        "userDefined": false
      },
      {
        "text": " the current weather ",
        "userDefined": false
      },
      {
        "text": "in",
        "meta": "@sys.ignore",
        "userDefined": false
      },
      {
        "text": " ",
        "userDefined": false
      },
      {
        "text": "Pune",
        "meta": "@sys.location",
        "alias": "address",
        "userDefined": false
      }
    ],
    "isTemplate": false,
    "count": 1,
    "lang": "en-au",
    "updated": 0
  },
  {
    "id": "a60f90f6-c5da-40ed-b7e3-e9b553b7d5a9",
    "data": [
      {
        "text": "what is the weather ",
        "userDefined": false
      },
      {
        "text": "this afternoon",
        "meta": "@sys.date-time",
        "alias": "date-time",
        "userDefined": true
      }
    ],
    "isTemplate": false,
    "count": 1,
    "lang": "en-au",
    "updated": 0
  },
  {
    "id": "1ba57927-75e0-4c01-b102-a7fa8502e7cb",
    "data": [
      {
        "text": "weather ",
        "userDefined": false
      },
      {
        "text": "today",
        "meta": "@sys.date-time",
        "alias": "date-time",
        "userDefined": true
      },
      {
        "text": " in ",
        "userDefined": false
      },
      {
        "text": "New York",
        "meta": "@sys.location",
        "alias": "address",
        "userDefined": true
      }
    ],
    "isTemplate": false,
    "count": 1,
    "lang": "en-au",
    "updated": 0
  },
  {
    "id": "86594c81-bfde-4d93-bdf7-42976a27f6ee",
    "data": [
      {
        "text": "tell me the weather for the ",
        "userDefined": false
      },
      {
        "text": "next week",
        "meta": "@sys.date-time",
        "alias": "date-time",
        "userDefined": true
      }
    ],
    "isTemplate": false,
    "count": 1,
    "lang": "en-au",
    "updated": 0
  },
  {
    "id": "f3f644bf-18c3-49b6-9e87-643f022c3c48",
    "data": [
      {
        "text": "tell me the weather in ",
        "userDefined": false
      },
      {
        "text": "Rome",
        "meta": "@sys.location",
        "alias": "address",
        "userDefined": true
      },
      {
        "text": " in ",
        "userDefined": false
      },
      {
        "text": "Fahrenheit",
        "meta": "@unit-temperature",
        "alias": "unit",
        "userDefined": true
      }
    ],
    "isTemplate": false,
    "count": 1,
    "lang": "en-au",
    "updated": 0
  },
  {
    "id": "fa5205ee-312a-44df-8094-f1ddaf71245e",
    "data": [
      {
        "text": "weather forecast ",
        "userDefined": false
      },
      {
        "text": "in",
        "meta": "@sys.ignore",
        "userDefined": false
      },
      {
        "text": " ",
        "userDefined": false
      },
      {
        "text": "Denver",
        "meta": "@sys.location",
        "alias": "address",
        "userDefined": false
      }
    ],
    "isTemplate": false,
    "count": 1,
    "lang": "en-au",
    "updated": 0
  },
  {
    "id": "d45d0004-0fe5-4404-be28-273c055945fc",
    "data": [
      {
        "text": "today",
        "meta": "@sys.date-time",
        "alias": "date-time",
        "userDefined": true
      },
      {
        "text": "\u0027s weather in ",
        "userDefined": false
      },
      {
        "text": "London",
        "meta": "@sys.location",
        "alias": "address",
        "userDefined": true
      }
    ],
    "isTemplate": false,
    "count": 1,
    "lang": "en-au",
    "updated": 0
  },
  {
    "id": "d9a2aca8-0ff0-4ce5-87d2-dcb294b25ada",
    "data": [
      {
        "text": "what is",
        "meta": "@sys.ignore",
        "userDefined": false
      },
      {
        "text": " the weather for ",
        "userDefined": false
      },
      {
        "text": "Kernersville",
        "meta": "@sys.location",
        "alias": "address",
        "userDefined": false
      }
    ],
    "isTemplate": false,
    "count": 2,
    "lang": "en-au",
    "updated": 0
  },
  {
    "id": "48c0c2ec-8e14-4fc1-9127-5f86a78c5889",
    "data": [
      {
        "text": "what\u0027s the weather for ",
        "userDefined": false
      },
      {
        "text": "tomorrow",
        "meta": "@sys.date-time",
        "alias": "date-time",
        "userDefined": true
      }
    ],
    "isTemplate": false,
    "count": 1,
    "lang": "en-au",
    "updated": 0
  },
  {
    "id": "9da35ea0-0631-4aa8-9adb-ad273e1cc085",
    "data": [
      {
        "text": "what\u0027s the weather supposed to be ",
        "userDefined": false
      },
      {
        "text": "next Friday",
        "meta": "@sys.date-time",
        "alias": "date-time",
        "userDefined": true
      },
      {
        "text": " in ",
        "userDefined": false
      },
      {
        "text": "San Francisco",
        "meta": "@sys.location",
        "alias": "address",
        "userDefined": true
      }
    ],
    "isTemplate": false,
    "count": 1,
    "lang": "en-au",
    "updated": 0
  },
  {
    "id": "af3e4591-f385-4a37-a7c7-49e1516bf941",
    "data": [
      {
        "text": "what is the weather in ",
        "userDefined": false
      },
      {
        "text": "Melbourne",
        "meta": "@sys.location",
        "alias": "address",
        "userDefined": true
      },
      {
        "text": " ",
        "userDefined": false
      },
      {
        "text": "right now",
        "meta": "@sys.date-time",
        "alias": "date-time",
        "userDefined": true
      }
    ],
    "isTemplate": false,
    "count": 1,
    "lang": "en-au",
    "updated": 0
  },
  {
    "id": "e9288eb7-e4ff-401f-b529-b1175ea64278",
    "data": [
      {
        "text": "I\u0027d like to know the weather in ",
        "userDefined": false
      },
      {
        "text": "Madrid",
        "meta": "@sys.location",
        "alias": "address",
        "userDefined": true
      }
    ],
    "isTemplate": false,
    "count": 1,
    "lang": "en-au",
    "updated": 0
  },
  {
    "id": "7ed4e556-2812-4837-9be6-d9ce6a7fd1a5",
    "data": [
      {
        "text": "weather outside",
        "userDefined": false
      }
    ],
    "isTemplate": false,
    "count": 1,
    "lang": "en-au",
    "updated": 0
  },
  {
    "id": "e8111cbd-fe25-4c23-8fc3-5397ce3ae1e9",
    "data": [
      {
        "text": "weather ",
        "userDefined": false
      },
      {
        "text": "in",
        "meta": "@sys.ignore",
        "userDefined": false
      },
      {
        "text": " ",
        "userDefined": false
      },
      {
        "text": "Nirmal",
        "meta": "@sys.location",
        "alias": "address",
        "userDefined": true
      }
    ],
    "isTemplate": false,
    "count": 2,
    "lang": "en-au",
    "updated": 0
  },
  {
    "id": "8053afdc-cfc1-4de4-a065-aa18e663e7e3",
    "data": [
      {
        "text": "what is the weather in ",
        "userDefined": false
      },
      {
        "text": "Cape Town",
        "meta": "@sys.location",
        "alias": "address",
        "userDefined": true
      }
    ],
    "isTemplate": false,
    "count": 1,
    "lang": "en-au",
    "updated": 0
  },
  {
    "id": "a49c1785-c4a5-4e30-b0ee-31ae96165554",
    "data": [
      {
        "text": "what is the weather like ",
        "userDefined": false
      },
      {
        "text": "right now",
        "meta": "@sys.date-time",
        "alias": "date-time",
        "userDefined": true
      }
    ],
    "isTemplate": false,
    "count": 1,
    "lang": "en-au",
    "updated": 0
  },
  {
    "id": "37466005-06dd-49f6-932e-1ca2c397d5fb",
    "data": [
      {
        "text": "tomorrow",
        "meta": "@sys.date-time",
        "alias": "date-time",
        "userDefined": true
      },
      {
        "text": "\u0027s weather report for ",
        "userDefined": false
      },
      {
        "text": "Brussels",
        "meta": "@sys.location",
        "alias": "address",
        "userDefined": true
      }
    ],
    "isTemplate": false,
    "count": 1,
    "lang": "en-au",
    "updated": 0
  },
  {
    "id": "a3770b27-90e3-4545-a627-7c8598f9c7d1",
    "data": [
      {
        "text": "what\u0027s the weather in my country",
        "userDefined": false
      }
    ],
    "isTemplate": false,
    "count": 1,
    "lang": "en-au",
    "updated": 0
  },
  {
    "id": "624bd85d-0ee2-4aba-a7cb-d0be4b3d7a48",
    "data": [
      {
        "text": "what\u0027s the weather like",
        "userDefined": false
      }
    ],
    "isTemplate": false,
    "count": 1,
    "lang": "en-au",
    "updated": 0
  },
  {
    "id": "4094cf15-725f-48af-8962-728883263ca0",
    "data": [
      {
        "text": "weather in ",
        "userDefined": false
      },
      {
        "text": "Brooklyn",
        "meta": "@sys.location",
        "alias": "address",
        "userDefined": true
      },
      {
        "text": " in ",
        "userDefined": false
      },
      {
        "text": "Celsius",
        "meta": "@unit-temperature",
        "alias": "unit",
        "userDefined": true
      }
    ],
    "isTemplate": false,
    "count": 1,
    "lang": "en-au",
    "updated": 0
  },
  {
    "id": "a5adf030-7dc4-4cf9-a63a-e90cf261ecf2",
    "data": [
      {
        "text": "weather forecast for ",
        "userDefined": false
      },
      {
        "text": "Tuesday",
        "meta": "@sys.date-time",
        "alias": "date-time",
        "userDefined": true
      }
    ],
    "isTemplate": false,
    "count": 1,
    "lang": "en-au",
    "updated": 0
  },
  {
    "id": "f7170f1c-46f1-4eba-8169-a04bf24849be",
    "data": [
      {
        "text": "the weather in ",
        "userDefined": false
      },
      {
        "text": "Miami",
        "meta": "@sys.location",
        "alias": "address",
        "userDefined": true
      },
      {
        "text": " is what",
        "userDefined": false
      }
    ],
    "isTemplate": false,
    "count": 2,
    "lang": "en-au",
    "updated": 0
  },
  {
    "id": "3bd57cdb-6f7b-4c84-829a-444c27a22639",
    "data": [
      {
        "text": "weather in ",
        "userDefined": false
      },
      {
        "text": "New York",
        "meta": "@sys.location",
        "alias": "address",
        "userDefined": true
      },
      {
        "text": " ",
        "userDefined": false
      },
      {
        "text": "this morning",
        "meta": "@sys.date-time",
        "alias": "date-time",
        "userDefined": true
      }
    ],
    "isTemplate": false,
    "count": 1,
    "lang": "en-au",
    "updated": 0
  },
  {
    "id": "1f506385-e099-4b25-a2c0-1d38af10bc5e",
    "data": [
      {
        "text": "what was the weather for ",
        "userDefined": false
      },
      {
        "text": "March 2nd",
        "meta": "@sys.date-time",
        "alias": "date-time",
        "userDefined": true
      }
    ],
    "isTemplate": false,
    "count": 1,
    "lang": "en-au",
    "updated": 0
  },
  {
    "id": "3b6602b6-d524-4e88-b90f-f69ed1765f8c",
    "data": [
      {
        "text": "show me weather for ",
        "userDefined": false
      },
      {
        "text": "today",
        "meta": "@sys.date-time",
        "alias": "date-time",
        "userDefined": true
      }
    ],
    "isTemplate": false,
    "count": 1,
    "lang": "en-au",
    "updated": 0
  },
  {
    "id": "d648e63f-f0a0-455e-816b-fa8d48938561",
    "data": [
      {
        "text": "what\u0027s the weather ",
        "userDefined": false
      },
      {
        "text": "today",
        "meta": "@sys.date-time",
        "alias": "date-time",
        "userDefined": true
      }
    ],
    "isTemplate": false,
    "count": 1,
    "lang": "en-au",
    "updated": 0
  },
  {
    "id": "9d2df213-07b6-4b95-b55b-67952778bc26",
    "data": [
      {
        "text": "what\u0027s the weather like at ",
        "userDefined": false
      },
      {
        "text": "New York",
        "meta": "@sys.location",
        "alias": "address",
        "userDefined": true
      }
    ],
    "isTemplate": false,
    "count": 1,
    "lang": "en-au",
    "updated": 0
  },
  {
    "id": "54e23372-770e-4121-893d-a1cce644ded5",
    "data": [
      {
        "text": "today",
        "meta": "@sys.date-time",
        "alias": "date-time",
        "userDefined": true
      },
      {
        "text": " weather",
        "userDefined": false
      }
    ],
    "isTemplate": false,
    "count": 1,
    "lang": "en-au",
    "updated": 0
  },
  {
    "id": "84ae059f-84a6-4f99-8259-71053e3dd911",
    "data": [
      {
        "text": "what\u0027s the weather like ",
        "userDefined": false
      },
      {
        "text": "in",
        "meta": "@sys.ignore",
        "userDefined": false
      },
      {
        "text": " ",
        "userDefined": false
      },
      {
        "text": "San Diego",
        "meta": "@sys.location",
        "alias": "address",
        "userDefined": false
      },
      {
        "text": " ",
        "userDefined": false
      },
      {
        "text": "tomorrow",
        "meta": "@sys.date-time",
        "alias": "date-time",
        "userDefined": true
      }
    ],
    "isTemplate": false,
    "count": 2,
    "lang": "en-au",
    "updated": 0
  },
  {
    "id": "3404b7c0-1af1-4da0-8705-88c9b17035d0",
    "data": [
      {
        "text": "what is the weather forecast for ",
        "userDefined": false
      },
      {
        "text": "this afternoon",
        "meta": "@sys.date-time",
        "alias": "date-time",
        "userDefined": true
      }
    ],
    "isTemplate": false,
    "count": 1,
    "lang": "en-au",
    "updated": 0
  },
  {
    "id": "0d85b43c-e9a9-400f-9701-8a9b90062a9b",
    "data": [
      {
        "text": "now",
        "meta": "@sys.ignore",
        "userDefined": false
      },
      {
        "text": " tell ",
        "userDefined": false
      },
      {
        "text": "me",
        "meta": "@sys.ignore",
        "userDefined": false
      },
      {
        "text": " the weather forecast ",
        "userDefined": false
      },
      {
        "text": "in",
        "meta": "@sys.ignore",
        "userDefined": false
      },
      {
        "text": " ",
        "userDefined": false
      },
      {
        "text": "Aspen",
        "meta": "@sys.location",
        "alias": "address",
        "userDefined": false
      }
    ],
    "isTemplate": false,
    "count": 1,
    "lang": "en-au",
    "updated": 0
  },
  {
    "id": "66579a94-a986-465a-9b3a-36224dfb80c1",
    "data": [
      {
        "text": "I\u0027d like to know the weather for ",
        "userDefined": false
      },
      {
        "text": "November 13",
        "meta": "@sys.date-time",
        "alias": "date-time",
        "userDefined": true
      },
      {
        "text": " in ",
        "userDefined": false
      },
      {
        "text": "Zurich",
        "meta": "@sys.location",
        "alias": "address",
        "userDefined": true
      }
    ],
    "isTemplate": false,
    "count": 1,
    "lang": "en-au",
    "updated": 0
  },
  {
    "id": "802d77e9-d876-42b6-a863-114828e24ca2",
    "data": [
      {
        "text": "weather for the ",
        "userDefined": false
      },
      {
        "text": "fifth of May",
        "meta": "@sys.date-time",
        "alias": "date-time",
        "userDefined": true
      }
    ],
    "isTemplate": false,
    "count": 1,
    "lang": "en-au",
    "updated": 0
  },
  {
    "id": "1ec131de-182c-46a4-846c-9e7694b83fb9",
    "data": [
      {
        "text": "what is the weather forecast for ",
        "userDefined": false
      },
      {
        "text": "this morning",
        "meta": "@sys.date-time",
        "alias": "date-time",
        "userDefined": true
      }
    ],
    "isTemplate": false,
    "count": 1,
    "lang": "en-au",
    "updated": 0
  },
  {
    "id": "ae7cc9ea-bf19-49dd-a835-3be9a5dd42f3",
    "data": [
      {
        "text": "what is the weather forecast for ",
        "userDefined": false
      },
      {
        "text": "tomorrow morning",
        "meta": "@sys.date-time",
        "alias": "date-time",
        "userDefined": true
      }
    ],
    "isTemplate": false,
    "count": 1,
    "lang": "en-au",
    "updated": 0
  },
  {
    "id": "2740d45d-8fcd-45b3-8fcb-f3a689f3b14c",
    "data": [
      {
        "text": "I\u0027d like to know the weather",
        "userDefined": false
      }
    ],
    "isTemplate": false,
    "count": 1,
    "lang": "en-au",
    "updated": 0
  },
  {
    "id": "4846478b-70e8-4646-aab1-60c1bd1c6ec1",
    "data": [
      {
        "text": "what\u0027s the weather going to be like later ",
        "userDefined": false
      },
      {
        "text": "today",
        "meta": "@sys.date-time",
        "alias": "date-time",
        "userDefined": true
      }
    ],
    "isTemplate": false,
    "count": 1,
    "lang": "en-au",
    "updated": 0
  },
  {
    "id": "f45b7188-2402-4566-814d-28142db976ae",
    "data": [
      {
        "text": "what\u0027s the weather supposed to be ",
        "userDefined": false
      },
      {
        "text": "this week",
        "meta": "@sys.date-time",
        "alias": "date-time",
        "userDefined": true
      }
    ],
    "isTemplate": false,
    "count": 1,
    "lang": "en-au",
    "updated": 0
  },
  {
    "id": "530a3268-c9ad-4a85-b8b8-4c11c35b1fa8",
    "data": [
      {
        "text": "what is the weather ",
        "userDefined": false
      },
      {
        "text": "today",
        "meta": "@sys.date-time",
        "alias": "date-time",
        "userDefined": true
      }
    ],
    "isTemplate": false,
    "count": 1,
    "lang": "en-au",
    "updated": 0
  },
  {
    "id": "273447a8-3956-4ac8-a832-5f448c77d11a",
    "data": [
      {
        "text": "what is",
        "meta": "@sys.ignore",
        "userDefined": false
      },
      {
        "text": " the weather for ",
        "userDefined": false
      },
      {
        "text": "Greenville",
        "meta": "@sys.location",
        "alias": "address",
        "userDefined": false
      }
    ],
    "isTemplate": false,
    "count": 1,
    "lang": "en-au",
    "updated": 0
  },
  {
    "id": "d902cf63-0b75-42a7-8c0b-162a2d6b6e48",
    "data": [
      {
        "text": "what\u0027s the weather supposed to be",
        "userDefined": false
      }
    ],
    "isTemplate": false,
    "count": 1,
    "lang": "en-au",
    "updated": 0
  },
  {
    "id": "1b16ac08-2e80-4a03-a36b-bc6979a32cb3",
    "data": [
      {
        "text": "weather on ",
        "userDefined": false
      },
      {
        "text": "Sunday",
        "meta": "@sys.date-time",
        "alias": "date-time",
        "userDefined": true
      }
    ],
    "isTemplate": false,
    "count": 1,
    "lang": "en-au",
    "updated": 0
  },
  {
    "id": "1cde7737-0a93-4920-8f85-a54334dd9af6",
    "data": [
      {
        "text": "what\u0027s the weather like ",
        "userDefined": false
      },
      {
        "text": "in",
        "meta": "@sys.ignore",
        "userDefined": false
      },
      {
        "text": " ",
        "userDefined": false
      },
      {
        "text": "London",
        "meta": "@sys.location",
        "alias": "address",
        "userDefined": true
      }
    ],
    "isTemplate": false,
    "count": 1,
    "lang": "en-au",
    "updated": 0
  },
  {
    "id": "59cd3d27-aee0-4cd8-abe9-bae533a2357b",
    "data": [
      {
        "text": "weather report for ",
        "userDefined": false
      },
      {
        "text": "Paris",
        "meta": "@sys.location",
        "alias": "address",
        "userDefined": true
      }
    ],
    "isTemplate": false,
    "count": 1,
    "lang": "en-au",
    "updated": 0
  },
  {
    "id": "5c1529c8-1396-4d83-8beb-1dced7da3e91",
    "data": [
      {
        "text": "weather in ",
        "userDefined": false
      },
      {
        "text": "Valencia",
        "meta": "@sys.location",
        "alias": "address",
        "userDefined": true
      },
      {
        "text": " for ",
        "userDefined": false
      },
      {
        "text": "today",
        "meta": "@sys.date-time",
        "alias": "date-time",
        "userDefined": true
      }
    ],
    "isTemplate": false,
    "count": 1,
    "lang": "en-au",
    "updated": 0
  },
  {
    "id": "b46c5eff-25fe-4e0b-8cb8-1b7d13c8100a",
    "data": [
      {
        "text": "weather in ",
        "userDefined": false
      },
      {
        "text": "London",
        "meta": "@sys.location",
        "alias": "address",
        "userDefined": true
      },
      {
        "text": " ",
        "userDefined": false
      },
      {
        "text": "in 5 days",
        "meta": "@sys.date-time",
        "alias": "date-time",
        "userDefined": true
      }
    ],
    "isTemplate": false,
    "count": 1,
    "lang": "en-au",
    "updated": 0
  },
  {
    "id": "bb9f953d-b494-4499-9fcc-cdb2185aab8d",
    "data": [
      {
        "text": "how is the weather ",
        "userDefined": false
      },
      {
        "text": "today",
        "meta": "@sys.date-time",
        "alias": "date-time",
        "userDefined": true
      }
    ],
    "isTemplate": false,
    "count": 1,
    "lang": "en-au",
    "updated": 0
  },
  {
    "id": "ec1f10e7-389d-4f6e-a14d-6c8e76006404",
    "data": [
      {
        "text": "what\u0027s the weather forecast ",
        "userDefined": false
      },
      {
        "text": "in",
        "meta": "@sys.ignore",
        "userDefined": false
      },
      {
        "text": " ",
        "userDefined": false
      },
      {
        "text": "San Francisco",
        "meta": "@sys.location",
        "alias": "address",
        "userDefined": false
      }
    ],
    "isTemplate": false,
    "count": 1,
    "lang": "en-au",
    "updated": 0
  },
  {
    "id": "016b6245-ebb0-417b-b9fd-8755abbea057",
    "data": [
      {
        "text": "show me the weather in ",
        "userDefined": false
      },
      {
        "text": "Milan",
        "meta": "@sys.location",
        "alias": "address",
        "userDefined": true
      },
      {
        "text": " for ",
        "userDefined": false
      },
      {
        "text": "Wednesday",
        "meta": "@sys.date-time",
        "alias": "date-time",
        "userDefined": true
      }
    ],
    "isTemplate": false,
    "count": 1,
    "lang": "en-au",
    "updated": 0
  },
  {
    "id": "662cfd7e-7d74-460f-8794-ccfbdfc91a8d",
    "data": [
      {
        "text": "weather in this area",
        "userDefined": false
      }
    ],
    "isTemplate": false,
    "count": 1,
    "lang": "en-au",
    "updated": 0
  },
  {
    "id": "fd16793f-88e7-435e-bca2-95dd95dec306",
    "data": [
      {
        "text": "tell me what\u0027s the weather like in ",
        "userDefined": false
      },
      {
        "text": "Atlanta",
        "meta": "@sys.location",
        "alias": "address",
        "userDefined": true
      }
    ],
    "isTemplate": false,
    "count": 1,
    "lang": "en-au",
    "updated": 0
  },
  {
    "id": "ff271fa5-b167-43d6-9b29-683f8bac691c",
    "data": [
      {
        "text": "what\u0027s the weather in ",
        "userDefined": false
      },
      {
        "text": "New York",
        "meta": "@sys.location",
        "alias": "address",
        "userDefined": true
      },
      {
        "text": " ",
        "userDefined": false
      },
      {
        "text": "this morning",
        "meta": "@sys.date-time",
        "alias": "date-time",
        "userDefined": true
      }
    ],
    "isTemplate": false,
    "count": 1,
    "lang": "en-au",
    "updated": 0
  },
  {
    "id": "a753f734-8073-4305-a82b-6e3960171732",
    "data": [
      {
        "text": "find weather ",
        "userDefined": false
      },
      {
        "text": "India",
        "meta": "@sys.location",
        "alias": "address",
        "userDefined": true
      }
    ],
    "isTemplate": false,
    "count": 1,
    "lang": "en-au",
    "updated": 0
  },
  {
    "id": "ce3c6afc-4d2c-4034-b1b8-d9ccd32ba828",
    "data": [
      {
        "text": "what is ",
        "userDefined": false
      },
      {
        "text": "today",
        "meta": "@sys.date-time",
        "alias": "date-time",
        "userDefined": true
      },
      {
        "text": "\u0027s weather like",
        "userDefined": false
      }
    ],
    "isTemplate": false,
    "count": 1,
    "lang": "en-au",
    "updated": 0
  },
  {
    "id": "32f871ea-afec-4296-a523-7dab35c5063e",
    "data": [
      {
        "text": "weather ",
        "userDefined": false
      },
      {
        "text": "in",
        "meta": "@sys.ignore",
        "userDefined": false
      },
      {
        "text": " ",
        "userDefined": false
      },
      {
        "text": "Moscow",
        "meta": "@sys.location",
        "alias": "address",
        "userDefined": false
      },
      {
        "text": " ",
        "userDefined": false
      },
      {
        "text": "tomorrow",
        "meta": "@sys.date-time",
        "alias": "date-time",
        "userDefined": false
      }
    ],
    "isTemplate": false,
    "count": 2,
    "lang": "en-au",
    "updated": 0
  },
  {
    "id": "815dd773-d2e9-4b42-b332-cffe986b3890",
    "data": [
      {
        "text": "weather outside ",
        "userDefined": false
      },
      {
        "text": "this evening",
        "meta": "@sys.date-time",
        "alias": "date-time",
        "userDefined": true
      }
    ],
    "isTemplate": false,
    "count": 1,
    "lang": "en-au",
    "updated": 0
  },
  {
    "id": "4b1a36be-79c4-4658-9999-d4d92522ad36",
    "data": [
      {
        "text": "weather forecast in ",
        "userDefined": false
      },
      {
        "text": "Oakland",
        "meta": "@sys.location",
        "alias": "address",
        "userDefined": true
      }
    ],
    "isTemplate": false,
    "count": 1,
    "lang": "en-au",
    "updated": 0
  },
  {
    "id": "c5ed9f65-3c6f-43df-86ad-535614e2d6c4",
    "data": [
      {
        "text": "what\u0027s it like outside",
        "userDefined": false
      }
    ],
    "isTemplate": false,
    "count": 1,
    "lang": "en-au",
    "updated": 0
  },
  {
    "id": "ad29e8a2-6498-4542-a49e-60bb49150099",
    "data": [
      {
        "text": "current forecast in ",
        "userDefined": false
      },
      {
        "text": "Valencia",
        "meta": "@sys.location",
        "alias": "address",
        "userDefined": true
      }
    ],
    "isTemplate": false,
    "count": 1,
    "lang": "en-au",
    "updated": 0
  },
  {
    "id": "88792ae7-5de6-4dee-a979-bcea0a4ee3c0",
    "data": [
      {
        "text": "what will be the weather like on the ",
        "userDefined": false
      },
      {
        "text": "weekend",
        "meta": "@sys.date-time",
        "alias": "date-time",
        "userDefined": true
      }
    ],
    "isTemplate": false,
    "count": 1,
    "lang": "en-au",
    "updated": 0
  },
  {
    "id": "feee2342-913f-495b-8b3f-150ffcff7129",
    "data": [
      {
        "text": "forecast in ",
        "userDefined": false
      },
      {
        "text": "Tokyo",
        "meta": "@sys.location",
        "alias": "address",
        "userDefined": true
      }
    ],
    "isTemplate": false,
    "count": 1,
    "lang": "en-au",
    "updated": 0
  },
  {
    "id": "5d4d677c-ade5-45e5-a2b9-065eee273dd1",
    "data": [
      {
        "text": "what\u0027s the weather like in ",
        "userDefined": false
      },
      {
        "text": "New York",
        "meta": "@sys.location",
        "alias": "address",
        "userDefined": true
      }
    ],
    "isTemplate": false,
    "count": 1,
    "lang": "en-au",
    "updated": 0
  },
  {
    "id": "1a5b093a-8178-481c-a16c-6d0337e1357f",
    "data": [
      {
        "text": "what is ",
        "userDefined": false
      },
      {
        "text": "today",
        "meta": "@sys.date-time",
        "alias": "date-time",
        "userDefined": true
      },
      {
        "text": "\u0027s weather going to be in ",
        "userDefined": false
      },
      {
        "text": "London",
        "meta": "@sys.location",
        "alias": "address",
        "userDefined": true
      }
    ],
    "isTemplate": false,
    "count": 1,
    "lang": "en-au",
    "updated": 0
  },
  {
    "id": "2d2f4933-5415-48a8-b5e6-88c7e43821da",
    "data": [
      {
        "text": "show me the weather in ",
        "userDefined": false
      },
      {
        "text": "Fahrenheit",
        "meta": "@unit-temperature",
        "alias": "unit",
        "userDefined": true
      }
    ],
    "isTemplate": false,
    "count": 1,
    "lang": "en-au",
    "updated": 0
  },
  {
    "id": "44f23bb2-a69d-430c-a2c1-897c592939ed",
    "data": [
      {
        "text": "weather for ",
        "userDefined": false
      },
      {
        "text": "April 3",
        "meta": "@sys.date-time",
        "alias": "date-time",
        "userDefined": true
      }
    ],
    "isTemplate": false,
    "count": 1,
    "lang": "en-au",
    "updated": 0
  },
  {
    "id": "7fcf632d-e7f2-494e-9f0c-01e5b3846654",
    "data": [
      {
        "text": "weather",
        "userDefined": false
      }
    ],
    "isTemplate": false,
    "count": 1,
    "lang": "en-au",
    "updated": 0
  },
  {
    "id": "422332cd-a535-4cd6-81fc-ca69d7846fd9",
    "data": [
      {
        "text": "India",
        "meta": "@sys.location",
        "alias": "address",
        "userDefined": true
      },
      {
        "text": " weather report",
        "userDefined": false
      }
    ],
    "isTemplate": false,
    "count": 1,
    "lang": "en-au",
    "updated": 0
  }
]