[
  {
    "id": "32745440-2d57-43f0-9c98-beb87c32f021",
    "data": [
      {
        "text": "show ",
        "userDefined": false
      },
      {
        "text": "me",
        "meta": "@sys.ignore",
        "userDefined": false
      },
      {
        "text": " the weather",
        "userDefined": false
      }
    ],
    "isTemplate": false,
    "count": 1,
    "lang": "en-us",
    "updated": 0
  },
  {
    "id": "11d0ee50-e1c7-461c-be60-62e2ad09855b",
    "data": [
      {
        "text": "what\u0027s the weather going to be ",
        "userDefined": false
      },
      {
        "text": "tomorrow",
        "meta": "@sys.date-time",
        "alias": "date-time",
        "userDefined": true
      }
    ],
    "isTemplate": false,
    "count": 1,
    "lang": "en-us",
    "updated": 0
  },
  {
    "id": "0aa0e7bb-596d-4189-bd1a-bdf1de7fdc8f",
    "data": [
      {
        "text": "I\u0027d like to get the weather for ",
        "userDefined": false
      },
      {
        "text": "July 22",
        "meta": "@sys.date-time",
        "alias": "date-time",
        "userDefined": true
      }
    ],
    "isTemplate": false,
    "count": 1,
    "lang": "en-us",
    "updated": 0
  },
  {
    "id": "b1cb18f7-09e5-4d5d-b73b-e2a74ced920d",
    "data": [
      {
        "text": "what is ",
        "userDefined": false
      },
      {
        "text": "today",
        "meta": "@sys.date-time",
        "alias": "date-time",
        "userDefined": true
      },
      {
        "text": "\u0027s weather",
        "userDefined": false
      }
    ],
    "isTemplate": false,
    "count": 1,
    "lang": "en-us",
    "updated": 0
  },
  {
    "id": "824b30fd-9a17-4931-95cb-3868a825b9e4",
    "data": [
      {
        "text": "how\u0027s the weather ",
        "userDefined": false
      },
      {
        "text": "today",
        "meta": "@sys.date-time",
        "alias": "date-time",
        "userDefined": true
      }
    ],
    "isTemplate": false,
    "count": 1,
    "lang": "en-us",
    "updated": 0
  },
  {
    "id": "68fafe42-46df-451f-8ced-fbbc3c576fc8",
    "data": [
      {
        "text": "what is the weather going to be like ",
        "userDefined": false
      },
      {
        "text": "today",
        "meta": "@sys.date-time",
        "alias": "date-time",
        "userDefined": true
      }
    ],
    "isTemplate": false,
    "count": 1,
    "lang": "en-us",
    "updated": 0
  },
  {
    "id": "630c7a6c-325c-4746-8f10-bc04f0a76434",
    "data": [
      {
        "text": "weather in the ",
        "userDefined": false
      },
      {
        "text": "evening",
        "meta": "@sys.date-time",
        "alias": "date-time",
        "userDefined": true
      }
    ],
    "isTemplate": false,
    "count": 1,
    "lang": "en-us",
    "updated": 0
  },
  {
    "id": "1f568754-f148-408b-ab9e-a351dd3259ac",
    "data": [
      {
        "text": "what is",
        "meta": "@sys.ignore",
        "userDefined": false
      },
      {
        "text": " the current weather at ",
        "userDefined": false
      },
      {
        "text": "SVO",
        "meta": "@sys.location",
        "alias": "address",
        "userDefined": true
      }
    ],
    "isTemplate": false,
    "count": 1,
    "lang": "en-us",
    "updated": 0
  },
  {
    "id": "b42f442f-231e-4ad8-bdd2-360e319f598c",
    "data": [
      {
        "text": "what is",
        "meta": "@sys.ignore",
        "userDefined": false
      },
      {
        "text": " the weather ",
        "userDefined": false
      },
      {
        "text": "tomorrow",
        "meta": "@sys.date-time",
        "alias": "date-time",
        "userDefined": true
      },
      {
        "text": " ",
        "userDefined": false
      },
      {
        "text": "in",
        "meta": "@sys.ignore",
        "userDefined": false
      },
      {
        "text": " ",
        "userDefined": false
      },
      {
        "text": "Canberra",
        "meta": "@sys.location",
        "alias": "address",
        "userDefined": false
      }
    ],
    "isTemplate": false,
    "count": 1,
    "lang": "en-us",
    "updated": 0
  },
  {
    "id": "b845c9bb-5624-4aa9-a928-7bf82854db4c",
    "data": [
      {
        "text": "show me the weather in ",
        "userDefined": false
      },
      {
        "text": "Munich",
        "meta": "@sys.location",
        "alias": "address",
        "userDefined": true
      }
    ],
    "isTemplate": false,
    "count": 1,
    "lang": "en-us",
    "updated": 0
  },
  {
    "id": "f6418e82-7953-43f3-92a2-e0a7ab820329",
    "data": [
      {
        "text": "what\u0027s the weather supposed to be in ",
        "userDefined": false
      },
      {
        "text": "Moscow",
        "meta": "@sys.location",
        "alias": "address",
        "userDefined": true
      }
    ],
    "isTemplate": false,
    "count": 2,
    "lang": "en-us",
    "updated": 0
  },
  {
    "id": "3da4114f-3c1a-4d2e-843d-31d2ea292f2a",
    "data": [
      {
        "text": "what\u0027s the weather like ",
        "userDefined": false
      },
      {
        "text": "this evening",
        "meta": "@sys.date-time",
        "alias": "date-time",
        "userDefined": true
      }
    ],
    "isTemplate": false,
    "count": 1,
    "lang": "en-us",
    "updated": 0
  },
  {
    "id": "1748465e-0e0d-474d-a652-db0a31c3c8a0",
    "data": [
      {
        "text": "how\u0027s the weather gonna be on ",
        "userDefined": false
      },
      {
        "text": "Monday",
        "meta": "@sys.date-time",
        "alias": "date-time",
        "userDefined": true
      }
    ],
    "isTemplate": false,
    "count": 1,
    "lang": "en-us",
    "updated": 0
  },
  {
    "id": "205de392-7c75-4958-9630-0ef48f0b5887",
    "data": [
      {
        "text": "what is the weather like ",
        "userDefined": false
      },
      {
        "text": "today",
        "meta": "@sys.date-time",
        "alias": "date-time",
        "userDefined": true
      }
    ],
    "isTemplate": false,
    "count": 1,
    "lang": "en-us",
    "updated": 0
  },
  {
    "id": "ab416a97-3454-4d1a-9dbf-eae670e5b369",
    "data": [
      {
        "text": "weather ",
        "userDefined": false
      },
      {
        "text": "this morning",
        "meta": "@sys.date-time",
        "alias": "date-time",
        "userDefined": true
      }
    ],
    "isTemplate": false,
    "count": 1,
    "lang": "en-us",
    "updated": 0
  },
  {
    "id": "b6085151-8e87-45cd-93fb-fc4acf3d5474",
    "data": [
      {
        "text": "weather on ",
        "userDefined": false
      },
      {
        "text": "Friday",
        "meta": "@sys.date-time",
        "alias": "date-time",
        "userDefined": true
      }
    ],
    "isTemplate": false,
    "count": 1,
    "lang": "en-us",
    "updated": 0
  },
  {
    "id": "a82acf11-349d-4ce6-a241-b858daeb79e7",
    "data": [
      {
        "text": "weather ",
        "userDefined": false
      },
      {
        "text": "Seattle",
        "meta": "@sys.location",
        "alias": "address",
        "userDefined": false
      }
    ],
    "isTemplate": false,
    "count": 1,
    "lang": "en-us",
    "updated": 0
  },
  {
    "id": "5172e89b-19bf-4a5d-8c25-fbaf794a0822",
    "data": [
      {
        "text": "weather report",
        "userDefined": false
      }
    ],
    "isTemplate": false,
    "count": 1,
    "lang": "en-us",
    "updated": 0
  },
  {
    "id": "03c7c10c-4c35-4021-a72c-837754098e9a",
    "data": [
      {
        "text": "weather in ",
        "userDefined": false
      },
      {
        "text": "London",
        "meta": "@sys.location",
        "alias": "address",
        "userDefined": true
      }
    ],
    "isTemplate": false,
    "count": 1,
    "lang": "en-us",
    "updated": 0
  },
  {
    "id": "d027d768-bcac-429f-9d90-16efb70d420a",
    "data": [
      {
        "text": "weather in ",
        "userDefined": false
      },
      {
        "text": "afternoon",
        "meta": "@sys.date-time",
        "alias": "date-time",
        "userDefined": true
      }
    ],
    "isTemplate": false,
    "count": 1,
    "lang": "en-us",
    "updated": 0
  },
  {
    "id": "fe9a69a4-4eeb-4522-ad98-68f9c404a109",
    "data": [
      {
        "text": "what\u0027s the weather like in our area",
        "userDefined": false
      }
    ],
    "isTemplate": false,
    "count": 1,
    "lang": "en-us",
    "updated": 0
  },
  {
    "id": "dc081236-0a96-4f6e-9ae6-82ac5cf21f3f",
    "data": [
      {
        "text": "weather at ",
        "userDefined": false
      },
      {
        "text": "night",
        "meta": "@sys.date-time",
        "alias": "date-time",
        "userDefined": true
      }
    ],
    "isTemplate": false,
    "count": 1,
    "lang": "en-us",
    "updated": 0
  },
  {
    "id": "247642f6-76a7-4adb-8851-f0d953a352e8",
    "data": [
      {
        "text": "how\u0027s the weather in ",
        "userDefined": false
      },
      {
        "text": "Rome",
        "meta": "@sys.location",
        "alias": "address",
        "userDefined": true
      }
    ],
    "isTemplate": false,
    "count": 1,
    "lang": "en-us",
    "updated": 0
  },
  {
    "id": "771d2d81-5828-472f-8b47-d2a600f7194b",
    "data": [
      {
        "text": "weather for ",
        "userDefined": false
      },
      {
        "text": "March 25",
        "meta": "@sys.date-time",
        "alias": "date-time",
        "userDefined": true
      }
    ],
    "isTemplate": false,
    "count": 1,
    "lang": "en-us",
    "updated": 0
  },
  {
    "id": "408d06bd-7efb-460b-b2ec-afcf568f34ab",
    "data": [
      {
        "text": "could you give ",
        "userDefined": false
      },
      {
        "text": "me",
        "meta": "@sys.ignore",
        "userDefined": false
      },
      {
        "text": " the weather forecast for ",
        "userDefined": false
      },
      {
        "text": "Hong Kong",
        "meta": "@sys.location",
        "alias": "address",
        "userDefined": true
      },
      {
        "text": " please",
        "userDefined": false
      }
    ],
    "isTemplate": false,
    "count": 1,
    "lang": "en-us",
    "updated": 0
  },
  {
    "id": "a3cc283c-cf50-4acb-ba98-49fe3bb5e0ac",
    "data": [
      {
        "text": "what will be the weather like in ",
        "userDefined": false
      },
      {
        "text": "Tokyo",
        "meta": "@sys.location",
        "alias": "address",
        "userDefined": true
      },
      {
        "text": " on the ",
        "userDefined": false
      },
      {
        "text": "next weekend",
        "meta": "@sys.date-time",
        "alias": "date-time",
        "userDefined": true
      }
    ],
    "isTemplate": false,
    "count": 1,
    "lang": "en-us",
    "updated": 0
  },
  {
    "id": "721a53d0-e439-4e16-be2a-f2a5dbdb2465",
    "data": [
      {
        "text": "weather in ",
        "userDefined": false
      },
      {
        "text": "Paris",
        "meta": "@sys.location",
        "alias": "address",
        "userDefined": true
      },
      {
        "text": " in ",
        "userDefined": false
      },
      {
        "text": "Celsius",
        "meta": "@unit-temperature",
        "alias": "unit",
        "userDefined": true
      }
    ],
    "isTemplate": false,
    "count": 2,
    "lang": "en-us",
    "updated": 0
  },
  {
    "id": "ed18be6d-e195-4b28-b4a9-ebf90dccde48",
    "data": [
      {
        "text": "weather ",
        "userDefined": false
      },
      {
        "text": "today",
        "meta": "@sys.date-time",
        "alias": "date-time",
        "userDefined": true
      }
    ],
    "isTemplate": false,
    "count": 1,
    "lang": "en-us",
    "updated": 0
  },
  {
    "id": "bdf21ae0-299a-457b-aa42-4326840cf491",
    "data": [
      {
        "text": "how\u0027s the weather going to be ",
        "userDefined": false
      },
      {
        "text": "today",
        "meta": "@sys.date-time",
        "alias": "date-time",
        "userDefined": true
      }
    ],
    "isTemplate": false,
    "count": 1,
    "lang": "en-us",
    "updated": 0
  },
  {
    "id": "82fee3f9-9502-4bdb-a362-24eb49b6615d",
    "data": [
      {
        "text": "weather in ",
        "userDefined": false
      },
      {
        "text": "Mamda",
        "meta": "@sys.location",
        "alias": "address",
        "userDefined": true
      }
    ],
    "isTemplate": false,
    "count": 2,
    "lang": "en-us",
    "updated": 0
  },
  {
    "id": "0b9c22ea-c2ef-4b79-b1ee-c457252dcb8f",
    "data": [
      {
        "text": "weather of ",
        "userDefined": false
      },
      {
        "text": "Salalah",
        "meta": "@sys.location",
        "alias": "address",
        "userDefined": true
      }
    ],
    "isTemplate": false,
    "count": 1,
    "lang": "en-us",
    "updated": 0
  },
  {
    "id": "425435b2-51ed-4145-8fa8-c3f8a34f7122",
    "data": [
      {
        "text": "weather ",
        "userDefined": false
      },
      {
        "text": "Montana",
        "meta": "@sys.location",
        "alias": "address",
        "userDefined": false
      }
    ],
    "isTemplate": false,
    "count": 1,
    "lang": "en-us",
    "updated": 0
  },
  {
    "id": "8eb7651c-f1bd-4711-8a47-083c502804a1",
    "data": [
      {
        "text": "what will be the weather ",
        "userDefined": false
      },
      {
        "text": "today",
        "meta": "@sys.date-time",
        "alias": "date-time",
        "userDefined": true
      }
    ],
    "isTemplate": false,
    "count": 1,
    "lang": "en-us",
    "updated": 0
  },
  {
    "id": "f8ad74b6-7ad3-4b29-b6b8-7bf132c3ee99",
    "data": [
      {
        "text": "what is",
        "meta": "@sys.ignore",
        "userDefined": false
      },
      {
        "text": " the weather ",
        "userDefined": false
      },
      {
        "text": "tomorrow",
        "meta": "@sys.date-time",
        "alias": "date-time",
        "userDefined": true
      },
      {
        "text": " ",
        "userDefined": false
      },
      {
        "text": "in",
        "meta": "@sys.ignore",
        "userDefined": false
      },
      {
        "text": " ",
        "userDefined": false
      },
      {
        "text": "Campbell",
        "meta": "@sys.location",
        "alias": "address",
        "userDefined": false
      }
    ],
    "isTemplate": false,
    "count": 1,
    "lang": "en-us",
    "updated": 0
  },
  {
    "id": "e5b2717f-61ae-4fe3-b5bc-5b4071a50260",
    "data": [
      {
        "text": "weather forecast ",
        "userDefined": false
      },
      {
        "text": "in",
        "meta": "@sys.ignore",
        "userDefined": false
      },
      {
        "text": " ",
        "userDefined": false
      },
      {
        "text": "Oakland",
        "meta": "@sys.location",
        "alias": "address",
        "userDefined": false
      },
      {
        "text": " ",
        "userDefined": false
      },
      {
        "text": "next week",
        "meta": "@sys.date-time",
        "alias": "date-time",
        "userDefined": true
      }
    ],
    "isTemplate": false,
    "count": 1,
    "lang": "en-us",
    "updated": 0
  },
  {
    "id": "21024baf-e193-4e8a-85a4-ef3f66e2acff",
    "data": [
      {
        "text": "how is the weather in my area",
        "userDefined": false
      }
    ],
    "isTemplate": false,
    "count": 1,
    "lang": "en-us",
    "updated": 0
  },
  {
    "id": "959901f7-4ec4-41c5-a852-cced3cd2639d",
    "data": [
      {
        "text": "what\u0027s the weather forecast for ",
        "userDefined": false
      },
      {
        "text": "today",
        "meta": "@sys.date-time",
        "alias": "date-time",
        "userDefined": true
      }
    ],
    "isTemplate": false,
    "count": 1,
    "lang": "en-us",
    "updated": 0
  },
  {
    "id": "9423c208-08c6-4254-8379-f72737dd4d8c",
    "data": [
      {
        "text": "weather ",
        "userDefined": false
      },
      {
        "text": "Durban",
        "meta": "@sys.location",
        "alias": "address",
        "userDefined": false
      }
    ],
    "isTemplate": false,
    "count": 1,
    "lang": "en-us",
    "updated": 0
  },
  {
    "id": "be93033c-6f22-42b0-a749-1099d50848bf",
    "data": [
      {
        "text": "weather ",
        "userDefined": false
      },
      {
        "text": "in",
        "meta": "@sys.ignore",
        "userDefined": false
      },
      {
        "text": " ",
        "userDefined": false
      },
      {
        "text": "Khanapur",
        "meta": "@sys.location",
        "alias": "address",
        "userDefined": true
      }
    ],
    "isTemplate": false,
    "count": 2,
    "lang": "en-us",
    "updated": 0
  },
  {
    "id": "bc26ad16-386f-44d0-a4c8-06227d82bf5d",
    "data": [
      {
        "text": "tomorrow",
        "meta": "@sys.date-time",
        "alias": "date-time",
        "userDefined": true
      },
      {
        "text": "\u0027s weather",
        "userDefined": false
      }
    ],
    "isTemplate": false,
    "count": 1,
    "lang": "en-us",
    "updated": 0
  },
  {
    "id": "dde40ef9-9d04-44d5-8c34-b519366f9b4c",
    "data": [
      {
        "text": "weather ",
        "userDefined": false
      },
      {
        "text": "now",
        "meta": "@sys.date-time",
        "alias": "date-time",
        "userDefined": true
      }
    ],
    "isTemplate": false,
    "count": 1,
    "lang": "en-us",
    "updated": 0
  },
  {
    "id": "23688d59-d40f-4cbb-8f5c-2df1a4eb66c6",
    "data": [
      {
        "text": "what is",
        "meta": "@sys.ignore",
        "userDefined": false
      },
      {
        "text": " the current weather ",
        "userDefined": false
      },
      {
        "text": "in",
        "meta": "@sys.ignore",
        "userDefined": false
      },
      {
        "text": " ",
        "userDefined": false
      },
      {
        "text": "Pune",
        "meta": "@sys.location",
        "alias": "address",
        "userDefined": false
      }
    ],
    "isTemplate": false,
    "count": 1,
    "lang": "en-us",
    "updated": 0
  },
  {
    "id": "1bfcb3f3-192c-4f46-99c8-7b1364d1d740",
    "data": [
      {
        "text": "what is the weather ",
        "userDefined": false
      },
      {
        "text": "this afternoon",
        "meta": "@sys.date-time",
        "alias": "date-time",
        "userDefined": true
      }
    ],
    "isTemplate": false,
    "count": 1,
    "lang": "en-us",
    "updated": 0
  },
  {
    "id": "34174e72-b17d-4406-923b-269cb60a2d22",
    "data": [
      {
        "text": "weather ",
        "userDefined": false
      },
      {
        "text": "today",
        "meta": "@sys.date-time",
        "alias": "date-time",
        "userDefined": true
      },
      {
        "text": " in ",
        "userDefined": false
      },
      {
        "text": "New York",
        "meta": "@sys.location",
        "alias": "address",
        "userDefined": true
      }
    ],
    "isTemplate": false,
    "count": 1,
    "lang": "en-us",
    "updated": 0
  },
  {
    "id": "cc187896-4fb6-4db9-981f-96a9d1192e4a",
    "data": [
      {
        "text": "tell me the weather for the ",
        "userDefined": false
      },
      {
        "text": "next week",
        "meta": "@sys.date-time",
        "alias": "date-time",
        "userDefined": true
      }
    ],
    "isTemplate": false,
    "count": 1,
    "lang": "en-us",
    "updated": 0
  },
  {
    "id": "4575fba3-1fcd-4384-a369-95af960c91ce",
    "data": [
      {
        "text": "tell me the weather in ",
        "userDefined": false
      },
      {
        "text": "Rome",
        "meta": "@sys.location",
        "alias": "address",
        "userDefined": true
      },
      {
        "text": " in ",
        "userDefined": false
      },
      {
        "text": "Fahrenheit",
        "meta": "@unit-temperature",
        "alias": "unit",
        "userDefined": true
      }
    ],
    "isTemplate": false,
    "count": 1,
    "lang": "en-us",
    "updated": 0
  },
  {
    "id": "0c4f544d-8975-4756-80ab-160151d9c45f",
    "data": [
      {
        "text": "weather forecast ",
        "userDefined": false
      },
      {
        "text": "in",
        "meta": "@sys.ignore",
        "userDefined": false
      },
      {
        "text": " ",
        "userDefined": false
      },
      {
        "text": "Denver",
        "meta": "@sys.location",
        "alias": "address",
        "userDefined": false
      }
    ],
    "isTemplate": false,
    "count": 1,
    "lang": "en-us",
    "updated": 0
  },
  {
    "id": "a5abaf1e-b3e7-480c-a73f-19a169d1287d",
    "data": [
      {
        "text": "today",
        "meta": "@sys.date-time",
        "alias": "date-time",
        "userDefined": true
      },
      {
        "text": "\u0027s weather in ",
        "userDefined": false
      },
      {
        "text": "London",
        "meta": "@sys.location",
        "alias": "address",
        "userDefined": true
      }
    ],
    "isTemplate": false,
    "count": 1,
    "lang": "en-us",
    "updated": 0
  },
  {
    "id": "b3ebb615-de39-49cb-ab89-18bf62f13768",
    "data": [
      {
        "text": "what is",
        "meta": "@sys.ignore",
        "userDefined": false
      },
      {
        "text": " the weather for ",
        "userDefined": false
      },
      {
        "text": "Kernersville",
        "meta": "@sys.location",
        "alias": "address",
        "userDefined": false
      }
    ],
    "isTemplate": false,
    "count": 2,
    "lang": "en-us",
    "updated": 0
  },
  {
    "id": "a700dfa5-67ac-414e-88fc-daf1ed470ccd",
    "data": [
      {
        "text": "what\u0027s the weather for ",
        "userDefined": false
      },
      {
        "text": "tomorrow",
        "meta": "@sys.date-time",
        "alias": "date-time",
        "userDefined": true
      }
    ],
    "isTemplate": false,
    "count": 1,
    "lang": "en-us",
    "updated": 0
  },
  {
    "id": "56dcf4ef-b10f-43a8-b775-f25503ca5c16",
    "data": [
      {
        "text": "what\u0027s the weather supposed to be ",
        "userDefined": false
      },
      {
        "text": "next Friday",
        "meta": "@sys.date-time",
        "alias": "date-time",
        "userDefined": true
      },
      {
        "text": " in ",
        "userDefined": false
      },
      {
        "text": "San Francisco",
        "meta": "@sys.location",
        "alias": "address",
        "userDefined": true
      }
    ],
    "isTemplate": false,
    "count": 1,
    "lang": "en-us",
    "updated": 0
  },
  {
    "id": "9caec14e-175e-4026-83ab-6cc1beae0199",
    "data": [
      {
        "text": "what is the weather in ",
        "userDefined": false
      },
      {
        "text": "Melbourne",
        "meta": "@sys.location",
        "alias": "address",
        "userDefined": true
      },
      {
        "text": " ",
        "userDefined": false
      },
      {
        "text": "right now",
        "meta": "@sys.date-time",
        "alias": "date-time",
        "userDefined": true
      }
    ],
    "isTemplate": false,
    "count": 1,
    "lang": "en-us",
    "updated": 0
  },
  {
    "id": "93cdb99c-13aa-4e21-9626-cb0d5a671a9e",
    "data": [
      {
        "text": "I\u0027d like to know the weather in ",
        "userDefined": false
      },
      {
        "text": "Madrid",
        "meta": "@sys.location",
        "alias": "address",
        "userDefined": true
      }
    ],
    "isTemplate": false,
    "count": 1,
    "lang": "en-us",
    "updated": 0
  },
  {
    "id": "bdde853e-8a59-42f0-9189-36b4f5c2bb8b",
    "data": [
      {
        "text": "weather outside",
        "userDefined": false
      }
    ],
    "isTemplate": false,
    "count": 1,
    "lang": "en-us",
    "updated": 0
  },
  {
    "id": "1f735bbe-59fe-449b-ac15-1788e4f6b79f",
    "data": [
      {
        "text": "weather ",
        "userDefined": false
      },
      {
        "text": "in",
        "meta": "@sys.ignore",
        "userDefined": false
      },
      {
        "text": " ",
        "userDefined": false
      },
      {
        "text": "Nirmal",
        "meta": "@sys.location",
        "alias": "address",
        "userDefined": true
      }
    ],
    "isTemplate": false,
    "count": 2,
    "lang": "en-us",
    "updated": 0
  },
  {
    "id": "cb46b22e-c5b1-4d69-ac89-e5c380baaf9e",
    "data": [
      {
        "text": "what is the weather in ",
        "userDefined": false
      },
      {
        "text": "Cape Town",
        "meta": "@sys.location",
        "alias": "address",
        "userDefined": true
      }
    ],
    "isTemplate": false,
    "count": 1,
    "lang": "en-us",
    "updated": 0
  },
  {
    "id": "c7286ca5-cd91-4b08-8e12-6b5b73ce7e09",
    "data": [
      {
        "text": "what is the weather like ",
        "userDefined": false
      },
      {
        "text": "right now",
        "meta": "@sys.date-time",
        "alias": "date-time",
        "userDefined": true
      }
    ],
    "isTemplate": false,
    "count": 1,
    "lang": "en-us",
    "updated": 0
  },
  {
    "id": "c383d6b7-d08d-4216-9451-1b668b313cf1",
    "data": [
      {
        "text": "tomorrow",
        "meta": "@sys.date-time",
        "alias": "date-time",
        "userDefined": true
      },
      {
        "text": "\u0027s weather report for ",
        "userDefined": false
      },
      {
        "text": "Brussels",
        "meta": "@sys.location",
        "alias": "address",
        "userDefined": true
      }
    ],
    "isTemplate": false,
    "count": 1,
    "lang": "en-us",
    "updated": 0
  },
  {
    "id": "9474b1f6-d9ae-4b73-ba95-a84c5f470fb4",
    "data": [
      {
        "text": "what\u0027s the weather in my country",
        "userDefined": false
      }
    ],
    "isTemplate": false,
    "count": 1,
    "lang": "en-us",
    "updated": 0
  },
  {
    "id": "b207685f-2571-451a-88d5-e37c61dd0e72",
    "data": [
      {
        "text": "what\u0027s the weather like",
        "userDefined": false
      }
    ],
    "isTemplate": false,
    "count": 1,
    "lang": "en-us",
    "updated": 0
  },
  {
    "id": "c16edbc9-522b-4a6b-89db-b3d6f87a938e",
    "data": [
      {
        "text": "weather in ",
        "userDefined": false
      },
      {
        "text": "Brooklyn",
        "meta": "@sys.location",
        "alias": "address",
        "userDefined": true
      },
      {
        "text": " in ",
        "userDefined": false
      },
      {
        "text": "Celsius",
        "meta": "@unit-temperature",
        "alias": "unit",
        "userDefined": true
      }
    ],
    "isTemplate": false,
    "count": 1,
    "lang": "en-us",
    "updated": 0
  },
  {
    "id": "be69119a-aeba-4432-aeaf-649f57d6cff5",
    "data": [
      {
        "text": "weather forecast for ",
        "userDefined": false
      },
      {
        "text": "Tuesday",
        "meta": "@sys.date-time",
        "alias": "date-time",
        "userDefined": true
      }
    ],
    "isTemplate": false,
    "count": 1,
    "lang": "en-us",
    "updated": 0
  },
  {
    "id": "4226a85b-7b4c-46c4-a467-08bb1407cf85",
    "data": [
      {
        "text": "the weather in ",
        "userDefined": false
      },
      {
        "text": "Miami",
        "meta": "@sys.location",
        "alias": "address",
        "userDefined": true
      },
      {
        "text": " is what",
        "userDefined": false
      }
    ],
    "isTemplate": false,
    "count": 2,
    "lang": "en-us",
    "updated": 0
  },
  {
    "id": "eb79c3fa-240a-441b-90d7-dc352b313a47",
    "data": [
      {
        "text": "weather in ",
        "userDefined": false
      },
      {
        "text": "New York",
        "meta": "@sys.location",
        "alias": "address",
        "userDefined": true
      },
      {
        "text": " ",
        "userDefined": false
      },
      {
        "text": "this morning",
        "meta": "@sys.date-time",
        "alias": "date-time",
        "userDefined": true
      }
    ],
    "isTemplate": false,
    "count": 1,
    "lang": "en-us",
    "updated": 0
  },
  {
    "id": "94419326-9b30-4694-90ab-b789d5754255",
    "data": [
      {
        "text": "what was the weather for ",
        "userDefined": false
      },
      {
        "text": "March 2nd",
        "meta": "@sys.date-time",
        "alias": "date-time",
        "userDefined": true
      }
    ],
    "isTemplate": false,
    "count": 1,
    "lang": "en-us",
    "updated": 0
  },
  {
    "id": "73d047d1-69fe-4bbb-acf4-ee0b7f394e4c",
    "data": [
      {
        "text": "show me weather for ",
        "userDefined": false
      },
      {
        "text": "today",
        "meta": "@sys.date-time",
        "alias": "date-time",
        "userDefined": true
      }
    ],
    "isTemplate": false,
    "count": 1,
    "lang": "en-us",
    "updated": 0
  },
  {
    "id": "418ac62f-443e-4dfb-9b3a-00c13daa4211",
    "data": [
      {
        "text": "what\u0027s the weather ",
        "userDefined": false
      },
      {
        "text": "today",
        "meta": "@sys.date-time",
        "alias": "date-time",
        "userDefined": true
      }
    ],
    "isTemplate": false,
    "count": 1,
    "lang": "en-us",
    "updated": 0
  },
  {
    "id": "b55504ca-9494-482b-9704-8f5b52d35b38",
    "data": [
      {
        "text": "what\u0027s the weather like at ",
        "userDefined": false
      },
      {
        "text": "New York",
        "meta": "@sys.location",
        "alias": "address",
        "userDefined": true
      }
    ],
    "isTemplate": false,
    "count": 1,
    "lang": "en-us",
    "updated": 0
  },
  {
    "id": "bea679c2-6e0c-4048-bfad-47be4c565789",
    "data": [
      {
        "text": "today",
        "meta": "@sys.date-time",
        "alias": "date-time",
        "userDefined": true
      },
      {
        "text": " weather",
        "userDefined": false
      }
    ],
    "isTemplate": false,
    "count": 1,
    "lang": "en-us",
    "updated": 0
  },
  {
    "id": "44f6c9bc-c153-49c9-b430-75217494118b",
    "data": [
      {
        "text": "what\u0027s the weather like ",
        "userDefined": false
      },
      {
        "text": "in",
        "meta": "@sys.ignore",
        "userDefined": false
      },
      {
        "text": " ",
        "userDefined": false
      },
      {
        "text": "San Diego",
        "meta": "@sys.location",
        "alias": "address",
        "userDefined": false
      },
      {
        "text": " ",
        "userDefined": false
      },
      {
        "text": "tomorrow",
        "meta": "@sys.date-time",
        "alias": "date-time",
        "userDefined": true
      }
    ],
    "isTemplate": false,
    "count": 2,
    "lang": "en-us",
    "updated": 0
  },
  {
    "id": "2c883938-423b-49da-8641-fdd438e03fac",
    "data": [
      {
        "text": "what is the weather forecast for ",
        "userDefined": false
      },
      {
        "text": "this afternoon",
        "meta": "@sys.date-time",
        "alias": "date-time",
        "userDefined": true
      }
    ],
    "isTemplate": false,
    "count": 1,
    "lang": "en-us",
    "updated": 0
  },
  {
    "id": "75d4f9d4-5634-480a-8831-a90295526b8b",
    "data": [
      {
        "text": "now",
        "meta": "@sys.ignore",
        "userDefined": false
      },
      {
        "text": " tell ",
        "userDefined": false
      },
      {
        "text": "me",
        "meta": "@sys.ignore",
        "userDefined": false
      },
      {
        "text": " the weather forecast ",
        "userDefined": false
      },
      {
        "text": "in",
        "meta": "@sys.ignore",
        "userDefined": false
      },
      {
        "text": " ",
        "userDefined": false
      },
      {
        "text": "Aspen",
        "meta": "@sys.location",
        "alias": "address",
        "userDefined": false
      }
    ],
    "isTemplate": false,
    "count": 1,
    "lang": "en-us",
    "updated": 0
  },
  {
    "id": "381f25a4-0a9b-47b5-a891-12670460266c",
    "data": [
      {
        "text": "I\u0027d like to know the weather for ",
        "userDefined": false
      },
      {
        "text": "November 13",
        "meta": "@sys.date-time",
        "alias": "date-time",
        "userDefined": true
      },
      {
        "text": " in ",
        "userDefined": false
      },
      {
        "text": "Zurich",
        "meta": "@sys.location",
        "alias": "address",
        "userDefined": true
      }
    ],
    "isTemplate": false,
    "count": 1,
    "lang": "en-us",
    "updated": 0
  },
  {
    "id": "8ffb51a3-b63c-4742-9a85-2c8e23acc383",
    "data": [
      {
        "text": "weather for the ",
        "userDefined": false
      },
      {
        "text": "fifth of May",
        "meta": "@sys.date-time",
        "alias": "date-time",
        "userDefined": true
      }
    ],
    "isTemplate": false,
    "count": 1,
    "lang": "en-us",
    "updated": 0
  },
  {
    "id": "52097954-4bb5-4de9-8cb3-f5866ed1c72a",
    "data": [
      {
        "text": "what is the weather forecast for ",
        "userDefined": false
      },
      {
        "text": "this morning",
        "meta": "@sys.date-time",
        "alias": "date-time",
        "userDefined": true
      }
    ],
    "isTemplate": false,
    "count": 1,
    "lang": "en-us",
    "updated": 0
  },
  {
    "id": "f85f43c4-cb3d-4a66-886c-7977a410e7a7",
    "data": [
      {
        "text": "what is the weather forecast for ",
        "userDefined": false
      },
      {
        "text": "tomorrow morning",
        "meta": "@sys.date-time",
        "alias": "date-time",
        "userDefined": true
      }
    ],
    "isTemplate": false,
    "count": 1,
    "lang": "en-us",
    "updated": 0
  },
  {
    "id": "519678df-0f12-4aae-a123-8f224e04e45f",
    "data": [
      {
        "text": "I\u0027d like to know the weather",
        "userDefined": false
      }
    ],
    "isTemplate": false,
    "count": 1,
    "lang": "en-us",
    "updated": 0
  },
  {
    "id": "53d20e78-ed15-44ec-99e3-c6d9a7ad1bfd",
    "data": [
      {
        "text": "what\u0027s the weather going to be like later ",
        "userDefined": false
      },
      {
        "text": "today",
        "meta": "@sys.date-time",
        "alias": "date-time",
        "userDefined": true
      }
    ],
    "isTemplate": false,
    "count": 1,
    "lang": "en-us",
    "updated": 0
  },
  {
    "id": "d2318b4f-9b67-4739-b208-f4ac5a5debec",
    "data": [
      {
        "text": "what\u0027s the weather supposed to be ",
        "userDefined": false
      },
      {
        "text": "this week",
        "meta": "@sys.date-time",
        "alias": "date-time",
        "userDefined": true
      }
    ],
    "isTemplate": false,
    "count": 1,
    "lang": "en-us",
    "updated": 0
  },
  {
    "id": "b6643afa-d9cb-4cb3-933a-e0f61939984e",
    "data": [
      {
        "text": "what is the weather ",
        "userDefined": false
      },
      {
        "text": "today",
        "meta": "@sys.date-time",
        "alias": "date-time",
        "userDefined": true
      }
    ],
    "isTemplate": false,
    "count": 1,
    "lang": "en-us",
    "updated": 0
  },
  {
    "id": "d3254113-ae77-4a09-adf3-a41a8af8e167",
    "data": [
      {
        "text": "what is",
        "meta": "@sys.ignore",
        "userDefined": false
      },
      {
        "text": " the weather for ",
        "userDefined": false
      },
      {
        "text": "Greenville",
        "meta": "@sys.location",
        "alias": "address",
        "userDefined": false
      }
    ],
    "isTemplate": false,
    "count": 1,
    "lang": "en-us",
    "updated": 0
  },
  {
    "id": "b9f0df64-be84-4d13-a4ca-01917409283c",
    "data": [
      {
        "text": "what\u0027s the weather supposed to be",
        "userDefined": false
      }
    ],
    "isTemplate": false,
    "count": 1,
    "lang": "en-us",
    "updated": 0
  },
  {
    "id": "dc58011b-da8e-4359-9e99-848743403a78",
    "data": [
      {
        "text": "weather on ",
        "userDefined": false
      },
      {
        "text": "Sunday",
        "meta": "@sys.date-time",
        "alias": "date-time",
        "userDefined": true
      }
    ],
    "isTemplate": false,
    "count": 1,
    "lang": "en-us",
    "updated": 0
  },
  {
    "id": "2daa4089-0c73-471d-a9e6-4143f59a4168",
    "data": [
      {
        "text": "what\u0027s the weather like ",
        "userDefined": false
      },
      {
        "text": "in",
        "meta": "@sys.ignore",
        "userDefined": false
      },
      {
        "text": " ",
        "userDefined": false
      },
      {
        "text": "London",
        "meta": "@sys.location",
        "alias": "address",
        "userDefined": true
      }
    ],
    "isTemplate": false,
    "count": 1,
    "lang": "en-us",
    "updated": 0
  },
  {
    "id": "31a3582f-3e7d-4a7c-97bd-d48a36cb9333",
    "data": [
      {
        "text": "weather report for ",
        "userDefined": false
      },
      {
        "text": "Paris",
        "meta": "@sys.location",
        "alias": "address",
        "userDefined": true
      }
    ],
    "isTemplate": false,
    "count": 1,
    "lang": "en-us",
    "updated": 0
  },
  {
    "id": "b6f0f7ba-07cd-4d52-900e-fb786e7735d5",
    "data": [
      {
        "text": "weather in ",
        "userDefined": false
      },
      {
        "text": "Valencia",
        "meta": "@sys.location",
        "alias": "address",
        "userDefined": true
      },
      {
        "text": " for ",
        "userDefined": false
      },
      {
        "text": "today",
        "meta": "@sys.date-time",
        "alias": "date-time",
        "userDefined": true
      }
    ],
    "isTemplate": false,
    "count": 1,
    "lang": "en-us",
    "updated": 0
  },
  {
    "id": "dcca606a-8a63-4b49-bc57-e235410d20bb",
    "data": [
      {
        "text": "weather in ",
        "userDefined": false
      },
      {
        "text": "London",
        "meta": "@sys.location",
        "alias": "address",
        "userDefined": true
      },
      {
        "text": " ",
        "userDefined": false
      },
      {
        "text": "in 5 days",
        "meta": "@sys.date-time",
        "alias": "date-time",
        "userDefined": true
      }
    ],
    "isTemplate": false,
    "count": 1,
    "lang": "en-us",
    "updated": 0
  },
  {
    "id": "41af2e9b-877c-4c45-9e22-63f1d68bb465",
    "data": [
      {
        "text": "how is the weather ",
        "userDefined": false
      },
      {
        "text": "today",
        "meta": "@sys.date-time",
        "alias": "date-time",
        "userDefined": true
      }
    ],
    "isTemplate": false,
    "count": 1,
    "lang": "en-us",
    "updated": 0
  },
  {
    "id": "9cbcfda1-514b-40a2-8e4d-791be3f1eed7",
    "data": [
      {
        "text": "what\u0027s the weather forecast ",
        "userDefined": false
      },
      {
        "text": "in",
        "meta": "@sys.ignore",
        "userDefined": false
      },
      {
        "text": " ",
        "userDefined": false
      },
      {
        "text": "San Francisco",
        "meta": "@sys.location",
        "alias": "address",
        "userDefined": false
      }
    ],
    "isTemplate": false,
    "count": 1,
    "lang": "en-us",
    "updated": 0
  },
  {
    "id": "eb0655d8-87df-4c44-89de-fc9308bdf281",
    "data": [
      {
        "text": "show me the weather in ",
        "userDefined": false
      },
      {
        "text": "Milan",
        "meta": "@sys.location",
        "alias": "address",
        "userDefined": true
      },
      {
        "text": " for ",
        "userDefined": false
      },
      {
        "text": "Wednesday",
        "meta": "@sys.date-time",
        "alias": "date-time",
        "userDefined": true
      }
    ],
    "isTemplate": false,
    "count": 1,
    "lang": "en-us",
    "updated": 0
  },
  {
    "id": "ec6fdd3f-3c14-44e0-8bb4-6e11de6f2040",
    "data": [
      {
        "text": "weather in this area",
        "userDefined": false
      }
    ],
    "isTemplate": false,
    "count": 1,
    "lang": "en-us",
    "updated": 0
  },
  {
    "id": "f08e4626-fdf5-41b6-be6e-9c414e9217bd",
    "data": [
      {
        "text": "tell me what\u0027s the weather like in ",
        "userDefined": false
      },
      {
        "text": "Atlanta",
        "meta": "@sys.location",
        "alias": "address",
        "userDefined": true
      }
    ],
    "isTemplate": false,
    "count": 1,
    "lang": "en-us",
    "updated": 0
  },
  {
    "id": "6a3cd570-71ab-43ae-a562-388e8708def3",
    "data": [
      {
        "text": "what\u0027s the weather in ",
        "userDefined": false
      },
      {
        "text": "New York",
        "meta": "@sys.location",
        "alias": "address",
        "userDefined": true
      },
      {
        "text": " ",
        "userDefined": false
      },
      {
        "text": "this morning",
        "meta": "@sys.date-time",
        "alias": "date-time",
        "userDefined": true
      }
    ],
    "isTemplate": false,
    "count": 1,
    "lang": "en-us",
    "updated": 0
  },
  {
    "id": "f4efdf52-80b2-419d-9fee-4a528044f563",
    "data": [
      {
        "text": "find weather ",
        "userDefined": false
      },
      {
        "text": "India",
        "meta": "@sys.location",
        "alias": "address",
        "userDefined": true
      }
    ],
    "isTemplate": false,
    "count": 1,
    "lang": "en-us",
    "updated": 0
  },
  {
    "id": "576d54f8-270d-4bbb-a6b6-e25921a79e13",
    "data": [
      {
        "text": "what is ",
        "userDefined": false
      },
      {
        "text": "today",
        "meta": "@sys.date-time",
        "alias": "date-time",
        "userDefined": true
      },
      {
        "text": "\u0027s weather like",
        "userDefined": false
      }
    ],
    "isTemplate": false,
    "count": 1,
    "lang": "en-us",
    "updated": 0
  },
  {
    "id": "27685c43-f9cc-4d1e-bb3a-cb9903d4ed5c",
    "data": [
      {
        "text": "weather ",
        "userDefined": false
      },
      {
        "text": "in",
        "meta": "@sys.ignore",
        "userDefined": false
      },
      {
        "text": " ",
        "userDefined": false
      },
      {
        "text": "Moscow",
        "meta": "@sys.location",
        "alias": "address",
        "userDefined": false
      },
      {
        "text": " ",
        "userDefined": false
      },
      {
        "text": "tomorrow",
        "meta": "@sys.date-time",
        "alias": "date-time",
        "userDefined": false
      }
    ],
    "isTemplate": false,
    "count": 2,
    "lang": "en-us",
    "updated": 0
  },
  {
    "id": "28b0fc75-2b30-4628-8457-a9408e8e87c1",
    "data": [
      {
        "text": "weather outside ",
        "userDefined": false
      },
      {
        "text": "this evening",
        "meta": "@sys.date-time",
        "alias": "date-time",
        "userDefined": true
      }
    ],
    "isTemplate": false,
    "count": 1,
    "lang": "en-us",
    "updated": 0
  },
  {
    "id": "157ab85f-5f1f-4c72-a647-d0a237ca1a62",
    "data": [
      {
        "text": "weather forecast in ",
        "userDefined": false
      },
      {
        "text": "Oakland",
        "meta": "@sys.location",
        "alias": "address",
        "userDefined": true
      }
    ],
    "isTemplate": false,
    "count": 1,
    "lang": "en-us",
    "updated": 0
  },
  {
    "id": "7e9c9490-b6b7-4dff-adb1-cab44bf42554",
    "data": [
      {
        "text": "what\u0027s it like outside",
        "userDefined": false
      }
    ],
    "isTemplate": false,
    "count": 1,
    "lang": "en-us",
    "updated": 0
  },
  {
    "id": "a913cd70-3baf-443d-8209-7e80c780305e",
    "data": [
      {
        "text": "current forecast in ",
        "userDefined": false
      },
      {
        "text": "Valencia",
        "meta": "@sys.location",
        "alias": "address",
        "userDefined": true
      }
    ],
    "isTemplate": false,
    "count": 1,
    "lang": "en-us",
    "updated": 0
  },
  {
    "id": "3e881874-3fc5-44b4-a90e-8ecebfe177b0",
    "data": [
      {
        "text": "what will be the weather like on the ",
        "userDefined": false
      },
      {
        "text": "weekend",
        "meta": "@sys.date-time",
        "alias": "date-time",
        "userDefined": true
      }
    ],
    "isTemplate": false,
    "count": 1,
    "lang": "en-us",
    "updated": 0
  },
  {
    "id": "6a7de2a7-bbb4-4ea7-bc30-075089ecf742",
    "data": [
      {
        "text": "forecast in ",
        "userDefined": false
      },
      {
        "text": "Tokyo",
        "meta": "@sys.location",
        "alias": "address",
        "userDefined": true
      }
    ],
    "isTemplate": false,
    "count": 1,
    "lang": "en-us",
    "updated": 0
  },
  {
    "id": "df049bd1-ced9-482b-87d9-45974d3b6315",
    "data": [
      {
        "text": "what\u0027s the weather like in ",
        "userDefined": false
      },
      {
        "text": "New York",
        "meta": "@sys.location",
        "alias": "address",
        "userDefined": true
      }
    ],
    "isTemplate": false,
    "count": 1,
    "lang": "en-us",
    "updated": 0
  },
  {
    "id": "2ae22209-5bb2-47fe-b667-d899572e3d99",
    "data": [
      {
        "text": "what is ",
        "userDefined": false
      },
      {
        "text": "today",
        "meta": "@sys.date-time",
        "alias": "date-time",
        "userDefined": true
      },
      {
        "text": "\u0027s weather going to be in ",
        "userDefined": false
      },
      {
        "text": "London",
        "meta": "@sys.location",
        "alias": "address",
        "userDefined": true
      }
    ],
    "isTemplate": false,
    "count": 1,
    "lang": "en-us",
    "updated": 0
  },
  {
    "id": "bbdd6c81-8666-4bfe-8c5a-9ba5a5fae296",
    "data": [
      {
        "text": "show me the weather in ",
        "userDefined": false
      },
      {
        "text": "Fahrenheit",
        "meta": "@unit-temperature",
        "alias": "unit",
        "userDefined": true
      }
    ],
    "isTemplate": false,
    "count": 1,
    "lang": "en-us",
    "updated": 0
  },
  {
    "id": "b57fde6a-80cc-43a9-b309-8cf4f6365ec9",
    "data": [
      {
        "text": "weather for ",
        "userDefined": false
      },
      {
        "text": "April 3",
        "meta": "@sys.date-time",
        "alias": "date-time",
        "userDefined": true
      }
    ],
    "isTemplate": false,
    "count": 1,
    "lang": "en-us",
    "updated": 0
  },
  {
    "id": "adbb8387-8e77-424e-b9f7-2303788c9b4f",
    "data": [
      {
        "text": "weather",
        "userDefined": false
      }
    ],
    "isTemplate": false,
    "count": 1,
    "lang": "en-us",
    "updated": 0
  },
  {
    "id": "a28be6cd-2761-48d3-87e8-e12186db9698",
    "data": [
      {
        "text": "India",
        "meta": "@sys.location",
        "alias": "address",
        "userDefined": true
      },
      {
        "text": " weather report",
        "userDefined": false
      }
    ],
    "isTemplate": false,
    "count": 1,
    "lang": "en-us",
    "updated": 0
  }
]