[
  {
    "id": "3c5e4e77-7232-4106-b7b3-e4ad355c6030",
    "data": [
      {
        "text": "will it be warm enough for ",
        "userDefined": false
      },
      {
        "text": "mushroom hunting",
        "meta": "@activity",
        "alias": "activity",
        "userDefined": true
      },
      {
        "text": " on ",
        "userDefined": false
      },
      {
        "text": "Friday",
        "meta": "@sys.date-time",
        "alias": "date-time",
        "userDefined": true
      },
      {
        "text": " in ",
        "userDefined": false
      },
      {
        "text": "Ottawa",
        "meta": "@sys.location",
        "alias": "address",
        "userDefined": true
      }
    ],
    "isTemplate": false,
    "count": 0,
    "lang": "en-in",
    "updated": 0
  },
  {
    "id": "af6a0657-a244-40fa-b838-711cf9a791f1",
    "data": [
      {
        "text": "ok do",
        "meta": "@sys.ignore",
        "userDefined": false
      },
      {
        "text": " you think it\u0027s the ",
        "userDefined": false
      },
      {
        "text": "good",
        "meta": "@sys.ignore",
        "userDefined": false
      },
      {
        "text": " weather for ",
        "userDefined": false
      },
      {
        "text": "cycling",
        "meta": "@activity",
        "alias": "activity",
        "userDefined": false
      },
      {
        "text": " ",
        "userDefined": false
      },
      {
        "text": "right now",
        "meta": "@sys.ignore",
        "userDefined": false
      }
    ],
    "isTemplate": false,
    "count": 0,
    "lang": "en-in",
    "updated": 0
  },
  {
    "id": "b8e53dd9-6cf3-41d0-bbd0-e8278ac97319",
    "data": [
      {
        "text": "I plan to ",
        "userDefined": false
      },
      {
        "text": "ski",
        "meta": "@activity",
        "alias": "activity",
        "userDefined": true
      },
      {
        "text": " ",
        "userDefined": false
      },
      {
        "text": "today",
        "meta": "@sys.date-time",
        "alias": "date-time",
        "userDefined": true
      },
      {
        "text": " is it possible",
        "userDefined": false
      }
    ],
    "isTemplate": false,
    "count": 1,
    "lang": "en-in",
    "updated": 0
  },
  {
    "id": "34588776-a7e6-4658-bbde-55f5af268df5",
    "data": [
      {
        "text": "is the",
        "meta": "@sys.ignore",
        "userDefined": false
      },
      {
        "text": " weather ",
        "userDefined": false
      },
      {
        "text": "good",
        "meta": "@sys.ignore",
        "userDefined": false
      },
      {
        "text": " for ",
        "userDefined": false
      },
      {
        "text": "snowball fights",
        "meta": "@activity",
        "alias": "activity",
        "userDefined": true
      }
    ],
    "isTemplate": false,
    "count": 0,
    "lang": "en-in",
    "updated": 0
  },
  {
    "id": "6f972b07-d933-4ee0-8a55-71a32caeb0f4",
    "data": [
      {
        "text": "is the weather good enough to go ",
        "userDefined": false
      },
      {
        "text": "climbing",
        "meta": "@activity",
        "alias": "activity",
        "userDefined": true
      },
      {
        "text": " to ",
        "userDefined": false
      },
      {
        "text": "Malaga",
        "meta": "@sys.location",
        "alias": "address",
        "userDefined": true
      }
    ],
    "isTemplate": false,
    "count": 0,
    "lang": "en-in",
    "updated": 0
  },
  {
    "id": "9d9d38c8-7288-44db-8c2c-d7749f31f7b4",
    "data": [
      {
        "text": "can I go ",
        "userDefined": false
      },
      {
        "text": "tree climbing",
        "meta": "@activity",
        "alias": "activity",
        "userDefined": true
      },
      {
        "text": " in ",
        "userDefined": false
      },
      {
        "text": "Chicago",
        "meta": "@sys.location",
        "alias": "address",
        "userDefined": true
      },
      {
        "text": " on the ",
        "userDefined": false
      },
      {
        "text": "weekend",
        "meta": "@sys.date-time",
        "alias": "date-time",
        "userDefined": true
      }
    ],
    "isTemplate": false,
    "count": 0,
    "lang": "en-in",
    "updated": 0
  },
  {
    "id": "b12fd954-e49c-4caf-bb8c-d8f47bb37d01",
    "data": [
      {
        "text": "should I go ",
        "userDefined": false
      },
      {
        "text": "jogging",
        "meta": "@activity",
        "alias": "activity",
        "userDefined": true
      },
      {
        "text": " ",
        "userDefined": false
      },
      {
        "text": "this evening",
        "meta": "@sys.date-time",
        "alias": "date-time",
        "userDefined": true
      }
    ],
    "isTemplate": false,
    "count": 0,
    "lang": "en-in",
    "updated": 0
  },
  {
    "id": "adc3f0cb-2d96-4b5e-aaa0-34454260e803",
    "data": [
      {
        "text": "will it be cold enough for ",
        "userDefined": false
      },
      {
        "text": "snowball fighting",
        "meta": "@activity",
        "alias": "activity",
        "userDefined": true
      },
      {
        "text": " on ",
        "userDefined": false
      },
      {
        "text": "Friday",
        "meta": "@sys.date-time",
        "alias": "date-time",
        "userDefined": true
      }
    ],
    "isTemplate": false,
    "count": 0,
    "lang": "en-in",
    "updated": 0
  },
  {
    "id": "7da89ef5-1f0f-4e13-b707-8948ec61e18e",
    "data": [
      {
        "text": "can I go ",
        "userDefined": false
      },
      {
        "text": "skiing",
        "meta": "@activity",
        "alias": "activity",
        "userDefined": true
      },
      {
        "text": " in ",
        "userDefined": false
      },
      {
        "text": "Vienna",
        "meta": "@sys.location",
        "alias": "address",
        "userDefined": true
      }
    ],
    "isTemplate": false,
    "count": 0,
    "lang": "en-in",
    "updated": 0
  },
  {
    "id": "bed16ee7-ec23-4e8f-b556-85b627b03efe",
    "data": [
      {
        "text": "can I go ",
        "userDefined": false
      },
      {
        "text": "climbing",
        "meta": "@activity",
        "alias": "activity",
        "userDefined": true
      },
      {
        "text": " mount ",
        "userDefined": false
      },
      {
        "text": "Fuji",
        "meta": "@sys.location",
        "alias": "address",
        "userDefined": true
      }
    ],
    "isTemplate": false,
    "count": 0,
    "lang": "en-in",
    "updated": 0
  },
  {
    "id": "724920c5-f4d8-40e7-aaa6-4a7327111f4c",
    "data": [
      {
        "text": "is the",
        "meta": "@sys.ignore",
        "userDefined": false
      },
      {
        "text": " weather good for ",
        "userDefined": false
      },
      {
        "text": "walking",
        "meta": "@activity",
        "alias": "activity",
        "userDefined": true
      }
    ],
    "isTemplate": false,
    "count": 0,
    "lang": "en-in",
    "updated": 0
  },
  {
    "id": "5f570fe5-f911-435e-aa4e-f601b503ca53",
    "data": [
      {
        "text": "do you ",
        "userDefined": false
      },
      {
        "text": "think the weather is",
        "meta": "@sys.ignore",
        "userDefined": false
      },
      {
        "text": " bad for ",
        "userDefined": false
      },
      {
        "text": "frisbee",
        "meta": "@activity",
        "alias": "activity",
        "userDefined": true
      }
    ],
    "isTemplate": false,
    "count": 1,
    "lang": "en-in",
    "updated": 0
  },
  {
    "id": "e8c9f77f-5841-4906-9c8a-bb8ebdcc17b5",
    "data": [
      {
        "text": "can I go ",
        "userDefined": false
      },
      {
        "text": "surfing",
        "meta": "@activity",
        "alias": "activity",
        "userDefined": true
      }
    ],
    "isTemplate": false,
    "count": 0,
    "lang": "en-in",
    "updated": 0
  },
  {
    "id": "bfc65ebd-e10e-4656-b604-552eb91fb990",
    "data": [
      {
        "text": "is it the perfect weather for ",
        "userDefined": false
      },
      {
        "text": "windsurfing",
        "meta": "@activity",
        "alias": "activity",
        "userDefined": true
      },
      {
        "text": " in ",
        "userDefined": false
      },
      {
        "text": "Phuket",
        "meta": "@sys.location",
        "alias": "address",
        "userDefined": true
      }
    ],
    "isTemplate": false,
    "count": 0,
    "lang": "en-in",
    "updated": 0
  },
  {
    "id": "241c6fa5-4c80-4224-a31f-d2754786c18c",
    "data": [
      {
        "text": "can I go ",
        "userDefined": false
      },
      {
        "text": "snowboarding",
        "meta": "@activity",
        "alias": "activity",
        "userDefined": true
      },
      {
        "text": " on the ",
        "userDefined": false
      },
      {
        "text": "weekend",
        "meta": "@sys.date-time",
        "alias": "date-time",
        "userDefined": true
      }
    ],
    "isTemplate": false,
    "count": 0,
    "lang": "en-in",
    "updated": 0
  },
  {
    "id": "50a11077-2add-4142-a5a2-aa78ff751f4c",
    "data": [
      {
        "text": "is it the perfect weather for ",
        "userDefined": false
      },
      {
        "text": "mountain biking",
        "meta": "@activity",
        "alias": "activity",
        "userDefined": true
      },
      {
        "text": " in ",
        "userDefined": false
      },
      {
        "text": "Bansko",
        "meta": "@sys.location",
        "alias": "address",
        "userDefined": true
      },
      {
        "text": " ",
        "userDefined": false
      },
      {
        "text": "tonight",
        "meta": "@sys.date-time",
        "alias": "date-time",
        "userDefined": true
      }
    ],
    "isTemplate": false,
    "count": 0,
    "lang": "en-in",
    "updated": 0
  },
  {
    "id": "b6b11200-42cf-4fc3-a772-9f0b3bafaf27",
    "data": [
      {
        "text": "should I go ",
        "userDefined": false
      },
      {
        "text": "cycling",
        "meta": "@activity",
        "alias": "activity",
        "userDefined": true
      },
      {
        "text": " in ",
        "userDefined": false
      },
      {
        "text": "Moscow",
        "meta": "@sys.location",
        "alias": "address",
        "userDefined": true
      }
    ],
    "isTemplate": false,
    "count": 0,
    "lang": "en-in",
    "updated": 0
  },
  {
    "id": "629eeaec-aa97-4389-a4a1-f70fabac22e9",
    "data": [
      {
        "text": "do you think it\u0027s the ",
        "userDefined": false
      },
      {
        "text": "good",
        "meta": "@sys.ignore",
        "userDefined": false
      },
      {
        "text": " weather for ",
        "userDefined": false
      },
      {
        "text": "cycling",
        "meta": "@activity",
        "alias": "activity",
        "userDefined": false
      }
    ],
    "isTemplate": false,
    "count": 1,
    "lang": "en-in",
    "updated": 0
  },
  {
    "id": "aecdf8a8-3468-410d-b089-2d58caa8a1bc",
    "data": [
      {
        "text": "is the",
        "meta": "@sys.ignore",
        "userDefined": false
      },
      {
        "text": " weather ",
        "userDefined": false
      },
      {
        "text": "good",
        "meta": "@sys.ignore",
        "userDefined": false
      },
      {
        "text": " enough to play ",
        "userDefined": false
      },
      {
        "text": "frisbee",
        "meta": "@activity",
        "alias": "activity",
        "userDefined": true
      },
      {
        "text": " outside",
        "userDefined": false
      }
    ],
    "isTemplate": false,
    "count": 0,
    "lang": "en-in",
    "updated": 0
  },
  {
    "id": "4f948d5f-3e1f-42ed-9efd-a91201a6087b",
    "data": [
      {
        "text": "is it the perfect weather for ",
        "userDefined": false
      },
      {
        "text": "elephant safari",
        "meta": "@activity",
        "alias": "activity",
        "userDefined": true
      },
      {
        "text": " ",
        "userDefined": false
      },
      {
        "text": "tonight",
        "meta": "@sys.date-time",
        "alias": "date-time",
        "userDefined": true
      }
    ],
    "isTemplate": false,
    "count": 0,
    "lang": "en-in",
    "updated": 0
  },
  {
    "id": "e8862008-460f-4389-94f2-1571a222ae62",
    "data": [
      {
        "text": "is it the perfect weather for ",
        "userDefined": false
      },
      {
        "text": "camping",
        "meta": "@activity",
        "alias": "activity",
        "userDefined": true
      }
    ],
    "isTemplate": false,
    "count": 0,
    "lang": "en-in",
    "updated": 0
  },
  {
    "id": "5f857f33-a5d7-4fa9-a5b7-f49aad668eb1",
    "data": [
      {
        "text": "should I go ",
        "userDefined": false
      },
      {
        "text": "kayaking",
        "meta": "@activity",
        "alias": "activity",
        "userDefined": true
      },
      {
        "text": " in ",
        "userDefined": false
      },
      {
        "text": "Miami",
        "meta": "@sys.location",
        "alias": "address",
        "userDefined": true
      },
      {
        "text": " ",
        "userDefined": false
      },
      {
        "text": "this evening",
        "meta": "@sys.date-time",
        "alias": "date-time",
        "userDefined": true
      }
    ],
    "isTemplate": false,
    "count": 0,
    "lang": "en-in",
    "updated": 0
  },
  {
    "id": "1fc941d6-1b7e-42de-8c24-c6dfd8d877fc",
    "data": [
      {
        "text": "is the weather nice enough to go ",
        "userDefined": false
      },
      {
        "text": "birdwatching",
        "meta": "@activity",
        "alias": "activity",
        "userDefined": true
      },
      {
        "text": " in ",
        "userDefined": false
      },
      {
        "text": "Norfolk",
        "meta": "@sys.location",
        "alias": "address",
        "userDefined": true
      },
      {
        "text": " ",
        "userDefined": false
      },
      {
        "text": "today",
        "meta": "@sys.date-time",
        "alias": "date-time",
        "userDefined": true
      }
    ],
    "isTemplate": false,
    "count": 0,
    "lang": "en-in",
    "updated": 0
  },
  {
    "id": "9044ab1d-7110-42ee-b230-9fba7502bb44",
    "data": [
      {
        "text": "is the weather nice enough to go ",
        "userDefined": false
      },
      {
        "text": "sightseeing",
        "meta": "@activity",
        "alias": "activity",
        "userDefined": true
      },
      {
        "text": " ",
        "userDefined": false
      },
      {
        "text": "today",
        "meta": "@sys.date-time",
        "alias": "date-time",
        "userDefined": true
      }
    ],
    "isTemplate": false,
    "count": 0,
    "lang": "en-in",
    "updated": 0
  },
  {
    "id": "95b60bc9-b782-42cc-920e-6926c4037f6a",
    "data": [
      {
        "text": "is the weather nice enough to go ",
        "userDefined": false
      },
      {
        "text": "surfing",
        "meta": "@activity",
        "alias": "activity",
        "userDefined": true
      }
    ],
    "isTemplate": false,
    "count": 0,
    "lang": "en-in",
    "updated": 0
  },
  {
    "id": "1760acb6-de65-49df-a4b3-d977421e7167",
    "data": [
      {
        "text": "should I go for a ",
        "userDefined": false
      },
      {
        "text": "run",
        "meta": "@activity",
        "alias": "activity",
        "userDefined": true
      }
    ],
    "isTemplate": false,
    "count": 0,
    "lang": "en-in",
    "updated": 0
  },
  {
    "id": "3d36b9aa-c402-4e3d-b206-72a808ad0d48",
    "data": [
      {
        "text": "is it hot enough to go ",
        "userDefined": false
      },
      {
        "text": "swimming",
        "meta": "@activity",
        "alias": "activity",
        "userDefined": true
      }
    ],
    "isTemplate": false,
    "count": 0,
    "lang": "en-in",
    "updated": 0
  },
  {
    "id": "5bfbd207-ff35-4792-a06e-c0498297b141",
    "data": [
      {
        "text": "is ",
        "userDefined": false
      },
      {
        "text": "hiking",
        "meta": "@activity",
        "alias": "activity",
        "userDefined": false
      },
      {
        "text": " a ",
        "userDefined": false
      },
      {
        "text": "good",
        "meta": "@sys.ignore",
        "userDefined": false
      },
      {
        "text": " idea ",
        "userDefined": false
      },
      {
        "text": "right now",
        "meta": "@sys.ignore",
        "userDefined": true
      }
    ],
    "isTemplate": false,
    "count": 0,
    "lang": "en-in",
    "updated": 0
  }
]