[
  {
    "id": "92aeed33-16ac-4492-85ac-1001bbe20325",
    "data": [
      {
        "text": "will it be warm enough for ",
        "userDefined": false
      },
      {
        "text": "mushroom hunting",
        "meta": "@activity",
        "alias": "activity",
        "userDefined": true
      },
      {
        "text": " on ",
        "userDefined": false
      },
      {
        "text": "Friday",
        "meta": "@sys.date-time",
        "alias": "date-time",
        "userDefined": true
      },
      {
        "text": " in ",
        "userDefined": false
      },
      {
        "text": "Ottawa",
        "meta": "@sys.location",
        "alias": "address",
        "userDefined": true
      }
    ],
    "isTemplate": false,
    "count": 0,
    "lang": "en-ca",
    "updated": 0
  },
  {
    "id": "1ce1b8c0-9fe6-45ad-b51c-4dd38b6f7153",
    "data": [
      {
        "text": "ok do",
        "meta": "@sys.ignore",
        "userDefined": false
      },
      {
        "text": " you think it\u0027s the ",
        "userDefined": false
      },
      {
        "text": "good",
        "meta": "@sys.ignore",
        "userDefined": false
      },
      {
        "text": " weather for ",
        "userDefined": false
      },
      {
        "text": "cycling",
        "meta": "@activity",
        "alias": "activity",
        "userDefined": false
      },
      {
        "text": " ",
        "userDefined": false
      },
      {
        "text": "right now",
        "meta": "@sys.ignore",
        "userDefined": false
      }
    ],
    "isTemplate": false,
    "count": 0,
    "lang": "en-ca",
    "updated": 0
  },
  {
    "id": "aa71c206-5ca9-4bba-9c74-a14ff704ad17",
    "data": [
      {
        "text": "I plan to ",
        "userDefined": false
      },
      {
        "text": "ski",
        "meta": "@activity",
        "alias": "activity",
        "userDefined": true
      },
      {
        "text": " ",
        "userDefined": false
      },
      {
        "text": "today",
        "meta": "@sys.date-time",
        "alias": "date-time",
        "userDefined": true
      },
      {
        "text": " is it possible",
        "userDefined": false
      }
    ],
    "isTemplate": false,
    "count": 1,
    "lang": "en-ca",
    "updated": 0
  },
  {
    "id": "d9017576-245f-4067-9612-e4dc161f450e",
    "data": [
      {
        "text": "is the",
        "meta": "@sys.ignore",
        "userDefined": false
      },
      {
        "text": " weather ",
        "userDefined": false
      },
      {
        "text": "good",
        "meta": "@sys.ignore",
        "userDefined": false
      },
      {
        "text": " for ",
        "userDefined": false
      },
      {
        "text": "snowball fights",
        "meta": "@activity",
        "alias": "activity",
        "userDefined": true
      }
    ],
    "isTemplate": false,
    "count": 0,
    "lang": "en-ca",
    "updated": 0
  },
  {
    "id": "5ebef638-f61b-431e-8ea1-bf72e3deb14f",
    "data": [
      {
        "text": "is the weather good enough to go ",
        "userDefined": false
      },
      {
        "text": "climbing",
        "meta": "@activity",
        "alias": "activity",
        "userDefined": true
      },
      {
        "text": " to ",
        "userDefined": false
      },
      {
        "text": "Malaga",
        "meta": "@sys.location",
        "alias": "address",
        "userDefined": true
      }
    ],
    "isTemplate": false,
    "count": 0,
    "lang": "en-ca",
    "updated": 0
  },
  {
    "id": "28b28421-06c3-4918-97ac-c468166a87d3",
    "data": [
      {
        "text": "can I go ",
        "userDefined": false
      },
      {
        "text": "tree climbing",
        "meta": "@activity",
        "alias": "activity",
        "userDefined": true
      },
      {
        "text": " in ",
        "userDefined": false
      },
      {
        "text": "Chicago",
        "meta": "@sys.location",
        "alias": "address",
        "userDefined": true
      },
      {
        "text": " on the ",
        "userDefined": false
      },
      {
        "text": "weekend",
        "meta": "@sys.date-time",
        "alias": "date-time",
        "userDefined": true
      }
    ],
    "isTemplate": false,
    "count": 0,
    "lang": "en-ca",
    "updated": 0
  },
  {
    "id": "2ae45a98-353a-4dbb-b573-222e8c4ce0af",
    "data": [
      {
        "text": "should I go ",
        "userDefined": false
      },
      {
        "text": "jogging",
        "meta": "@activity",
        "alias": "activity",
        "userDefined": true
      },
      {
        "text": " ",
        "userDefined": false
      },
      {
        "text": "this evening",
        "meta": "@sys.date-time",
        "alias": "date-time",
        "userDefined": true
      }
    ],
    "isTemplate": false,
    "count": 0,
    "lang": "en-ca",
    "updated": 0
  },
  {
    "id": "33f7804c-6bbf-4a12-b9c5-77c46009389a",
    "data": [
      {
        "text": "will it be cold enough for ",
        "userDefined": false
      },
      {
        "text": "snowball fighting",
        "meta": "@activity",
        "alias": "activity",
        "userDefined": true
      },
      {
        "text": " on ",
        "userDefined": false
      },
      {
        "text": "Friday",
        "meta": "@sys.date-time",
        "alias": "date-time",
        "userDefined": true
      }
    ],
    "isTemplate": false,
    "count": 0,
    "lang": "en-ca",
    "updated": 0
  },
  {
    "id": "07340af9-a606-41a7-9247-42a78a4afe7b",
    "data": [
      {
        "text": "can I go ",
        "userDefined": false
      },
      {
        "text": "skiing",
        "meta": "@activity",
        "alias": "activity",
        "userDefined": true
      },
      {
        "text": " in ",
        "userDefined": false
      },
      {
        "text": "Vienna",
        "meta": "@sys.location",
        "alias": "address",
        "userDefined": true
      }
    ],
    "isTemplate": false,
    "count": 0,
    "lang": "en-ca",
    "updated": 0
  },
  {
    "id": "8621b894-13f1-4ec5-8587-c0d9a13b87e8",
    "data": [
      {
        "text": "can I go ",
        "userDefined": false
      },
      {
        "text": "climbing",
        "meta": "@activity",
        "alias": "activity",
        "userDefined": true
      },
      {
        "text": " mount ",
        "userDefined": false
      },
      {
        "text": "Fuji",
        "meta": "@sys.location",
        "alias": "address",
        "userDefined": true
      }
    ],
    "isTemplate": false,
    "count": 0,
    "lang": "en-ca",
    "updated": 0
  },
  {
    "id": "3f83565b-abf4-45ab-8604-dd4ac3905bdd",
    "data": [
      {
        "text": "is the",
        "meta": "@sys.ignore",
        "userDefined": false
      },
      {
        "text": " weather good for ",
        "userDefined": false
      },
      {
        "text": "walking",
        "meta": "@activity",
        "alias": "activity",
        "userDefined": true
      }
    ],
    "isTemplate": false,
    "count": 0,
    "lang": "en-ca",
    "updated": 0
  },
  {
    "id": "b5e90322-bc16-4bc1-943d-6dcd9611fe5e",
    "data": [
      {
        "text": "do you ",
        "userDefined": false
      },
      {
        "text": "think the weather is",
        "meta": "@sys.ignore",
        "userDefined": false
      },
      {
        "text": " bad for ",
        "userDefined": false
      },
      {
        "text": "frisbee",
        "meta": "@activity",
        "alias": "activity",
        "userDefined": true
      }
    ],
    "isTemplate": false,
    "count": 1,
    "lang": "en-ca",
    "updated": 0
  },
  {
    "id": "37e1b5d3-9d90-4caf-9935-d457ec10c883",
    "data": [
      {
        "text": "can I go ",
        "userDefined": false
      },
      {
        "text": "surfing",
        "meta": "@activity",
        "alias": "activity",
        "userDefined": true
      }
    ],
    "isTemplate": false,
    "count": 0,
    "lang": "en-ca",
    "updated": 0
  },
  {
    "id": "c8efb727-a2f1-40bc-a81d-36b9a1e9935e",
    "data": [
      {
        "text": "is it the perfect weather for ",
        "userDefined": false
      },
      {
        "text": "windsurfing",
        "meta": "@activity",
        "alias": "activity",
        "userDefined": true
      },
      {
        "text": " in ",
        "userDefined": false
      },
      {
        "text": "Phuket",
        "meta": "@sys.location",
        "alias": "address",
        "userDefined": true
      }
    ],
    "isTemplate": false,
    "count": 0,
    "lang": "en-ca",
    "updated": 0
  },
  {
    "id": "e75a94eb-6bde-4740-9a28-c092619de0ab",
    "data": [
      {
        "text": "can I go ",
        "userDefined": false
      },
      {
        "text": "snowboarding",
        "meta": "@activity",
        "alias": "activity",
        "userDefined": true
      },
      {
        "text": " on the ",
        "userDefined": false
      },
      {
        "text": "weekend",
        "meta": "@sys.date-time",
        "alias": "date-time",
        "userDefined": true
      }
    ],
    "isTemplate": false,
    "count": 0,
    "lang": "en-ca",
    "updated": 0
  },
  {
    "id": "323c705e-a900-431d-b05d-5c71779dabcc",
    "data": [
      {
        "text": "is it the perfect weather for ",
        "userDefined": false
      },
      {
        "text": "mountain biking",
        "meta": "@activity",
        "alias": "activity",
        "userDefined": true
      },
      {
        "text": " in ",
        "userDefined": false
      },
      {
        "text": "Bansko",
        "meta": "@sys.location",
        "alias": "address",
        "userDefined": true
      },
      {
        "text": " ",
        "userDefined": false
      },
      {
        "text": "tonight",
        "meta": "@sys.date-time",
        "alias": "date-time",
        "userDefined": true
      }
    ],
    "isTemplate": false,
    "count": 0,
    "lang": "en-ca",
    "updated": 0
  },
  {
    "id": "ee1f8b86-8a33-4eb1-b93b-0d7e52c17ac8",
    "data": [
      {
        "text": "should I go ",
        "userDefined": false
      },
      {
        "text": "cycling",
        "meta": "@activity",
        "alias": "activity",
        "userDefined": true
      },
      {
        "text": " in ",
        "userDefined": false
      },
      {
        "text": "Moscow",
        "meta": "@sys.location",
        "alias": "address",
        "userDefined": true
      }
    ],
    "isTemplate": false,
    "count": 0,
    "lang": "en-ca",
    "updated": 0
  },
  {
    "id": "fe3b1f04-090d-40ae-9cc5-615dd4f4c3e9",
    "data": [
      {
        "text": "do you think it\u0027s the ",
        "userDefined": false
      },
      {
        "text": "good",
        "meta": "@sys.ignore",
        "userDefined": false
      },
      {
        "text": " weather for ",
        "userDefined": false
      },
      {
        "text": "cycling",
        "meta": "@activity",
        "alias": "activity",
        "userDefined": false
      }
    ],
    "isTemplate": false,
    "count": 1,
    "lang": "en-ca",
    "updated": 0
  },
  {
    "id": "2ae52b0d-0879-44fb-bbf4-bf996f264105",
    "data": [
      {
        "text": "is the",
        "meta": "@sys.ignore",
        "userDefined": false
      },
      {
        "text": " weather ",
        "userDefined": false
      },
      {
        "text": "good",
        "meta": "@sys.ignore",
        "userDefined": false
      },
      {
        "text": " enough to play ",
        "userDefined": false
      },
      {
        "text": "frisbee",
        "meta": "@activity",
        "alias": "activity",
        "userDefined": true
      },
      {
        "text": " outside",
        "userDefined": false
      }
    ],
    "isTemplate": false,
    "count": 0,
    "lang": "en-ca",
    "updated": 0
  },
  {
    "id": "47d9f39f-4a4c-408d-96a7-917f0225f1eb",
    "data": [
      {
        "text": "is it the perfect weather for ",
        "userDefined": false
      },
      {
        "text": "elephant safari",
        "meta": "@activity",
        "alias": "activity",
        "userDefined": true
      },
      {
        "text": " ",
        "userDefined": false
      },
      {
        "text": "tonight",
        "meta": "@sys.date-time",
        "alias": "date-time",
        "userDefined": true
      }
    ],
    "isTemplate": false,
    "count": 0,
    "lang": "en-ca",
    "updated": 0
  },
  {
    "id": "7008500d-ffc6-47e5-89b0-d6317d4f4614",
    "data": [
      {
        "text": "is it the perfect weather for ",
        "userDefined": false
      },
      {
        "text": "camping",
        "meta": "@activity",
        "alias": "activity",
        "userDefined": true
      }
    ],
    "isTemplate": false,
    "count": 0,
    "lang": "en-ca",
    "updated": 0
  },
  {
    "id": "4bd06d80-e9d0-4bf8-b3f6-0628ac47bfd4",
    "data": [
      {
        "text": "should I go ",
        "userDefined": false
      },
      {
        "text": "kayaking",
        "meta": "@activity",
        "alias": "activity",
        "userDefined": true
      },
      {
        "text": " in ",
        "userDefined": false
      },
      {
        "text": "Miami",
        "meta": "@sys.location",
        "alias": "address",
        "userDefined": true
      },
      {
        "text": " ",
        "userDefined": false
      },
      {
        "text": "this evening",
        "meta": "@sys.date-time",
        "alias": "date-time",
        "userDefined": true
      }
    ],
    "isTemplate": false,
    "count": 0,
    "lang": "en-ca",
    "updated": 0
  },
  {
    "id": "1c924a30-7018-4365-a41a-3566cd50b759",
    "data": [
      {
        "text": "is the weather nice enough to go ",
        "userDefined": false
      },
      {
        "text": "birdwatching",
        "meta": "@activity",
        "alias": "activity",
        "userDefined": true
      },
      {
        "text": " in ",
        "userDefined": false
      },
      {
        "text": "Norfolk",
        "meta": "@sys.location",
        "alias": "address",
        "userDefined": true
      },
      {
        "text": " ",
        "userDefined": false
      },
      {
        "text": "today",
        "meta": "@sys.date-time",
        "alias": "date-time",
        "userDefined": true
      }
    ],
    "isTemplate": false,
    "count": 0,
    "lang": "en-ca",
    "updated": 0
  },
  {
    "id": "cf3430e0-985b-4680-a1b6-ee179d8b739f",
    "data": [
      {
        "text": "is the weather nice enough to go ",
        "userDefined": false
      },
      {
        "text": "sightseeing",
        "meta": "@activity",
        "alias": "activity",
        "userDefined": true
      },
      {
        "text": " ",
        "userDefined": false
      },
      {
        "text": "today",
        "meta": "@sys.date-time",
        "alias": "date-time",
        "userDefined": true
      }
    ],
    "isTemplate": false,
    "count": 0,
    "lang": "en-ca",
    "updated": 0
  },
  {
    "id": "af29ed5d-cc5c-404b-86b2-c1d414dbc92f",
    "data": [
      {
        "text": "is the weather nice enough to go ",
        "userDefined": false
      },
      {
        "text": "surfing",
        "meta": "@activity",
        "alias": "activity",
        "userDefined": true
      }
    ],
    "isTemplate": false,
    "count": 0,
    "lang": "en-ca",
    "updated": 0
  },
  {
    "id": "0525145e-ac6f-4a0e-b23a-4465b9089972",
    "data": [
      {
        "text": "should I go for a ",
        "userDefined": false
      },
      {
        "text": "run",
        "meta": "@activity",
        "alias": "activity",
        "userDefined": true
      }
    ],
    "isTemplate": false,
    "count": 0,
    "lang": "en-ca",
    "updated": 0
  },
  {
    "id": "50c1bf21-1385-461f-9f5c-aede1ea88fbf",
    "data": [
      {
        "text": "is it hot enough to go ",
        "userDefined": false
      },
      {
        "text": "swimming",
        "meta": "@activity",
        "alias": "activity",
        "userDefined": true
      }
    ],
    "isTemplate": false,
    "count": 0,
    "lang": "en-ca",
    "updated": 0
  },
  {
    "id": "deef44f9-b557-46c6-945b-e0577d0049b7",
    "data": [
      {
        "text": "is ",
        "userDefined": false
      },
      {
        "text": "hiking",
        "meta": "@activity",
        "alias": "activity",
        "userDefined": false
      },
      {
        "text": " a ",
        "userDefined": false
      },
      {
        "text": "good",
        "meta": "@sys.ignore",
        "userDefined": false
      },
      {
        "text": " idea ",
        "userDefined": false
      },
      {
        "text": "right now",
        "meta": "@sys.ignore",
        "userDefined": true
      }
    ],
    "isTemplate": false,
    "count": 0,
    "lang": "en-ca",
    "updated": 0
  }
]