[
  {
    "id": "f3143497-98b9-4862-a648-abe9ad604205",
    "data": [
      {
        "text": "will it be warm enough for ",
        "userDefined": false
      },
      {
        "text": "mushroom hunting",
        "meta": "@activity",
        "alias": "activity",
        "userDefined": true
      },
      {
        "text": " on ",
        "userDefined": false
      },
      {
        "text": "Friday",
        "meta": "@sys.date-time",
        "alias": "date-time",
        "userDefined": true
      },
      {
        "text": " in ",
        "userDefined": false
      },
      {
        "text": "Ottawa",
        "meta": "@sys.location",
        "alias": "address",
        "userDefined": true
      }
    ],
    "isTemplate": false,
    "count": 0,
    "lang": "en-au",
    "updated": 0
  },
  {
    "id": "eca9e658-fdd5-4bf3-a25a-970fae7f5ba9",
    "data": [
      {
        "text": "ok do",
        "meta": "@sys.ignore",
        "userDefined": false
      },
      {
        "text": " you think it\u0027s the ",
        "userDefined": false
      },
      {
        "text": "good",
        "meta": "@sys.ignore",
        "userDefined": false
      },
      {
        "text": " weather for ",
        "userDefined": false
      },
      {
        "text": "cycling",
        "meta": "@activity",
        "alias": "activity",
        "userDefined": false
      },
      {
        "text": " ",
        "userDefined": false
      },
      {
        "text": "right now",
        "meta": "@sys.ignore",
        "userDefined": false
      }
    ],
    "isTemplate": false,
    "count": 0,
    "lang": "en-au",
    "updated": 0
  },
  {
    "id": "ed2782f7-3952-4586-a671-d7fe745dbebe",
    "data": [
      {
        "text": "I plan to ",
        "userDefined": false
      },
      {
        "text": "ski",
        "meta": "@activity",
        "alias": "activity",
        "userDefined": true
      },
      {
        "text": " ",
        "userDefined": false
      },
      {
        "text": "today",
        "meta": "@sys.date-time",
        "alias": "date-time",
        "userDefined": true
      },
      {
        "text": " is it possible",
        "userDefined": false
      }
    ],
    "isTemplate": false,
    "count": 1,
    "lang": "en-au",
    "updated": 0
  },
  {
    "id": "5c67b090-94be-4564-99a0-adc5a542fa0e",
    "data": [
      {
        "text": "is the",
        "meta": "@sys.ignore",
        "userDefined": false
      },
      {
        "text": " weather ",
        "userDefined": false
      },
      {
        "text": "good",
        "meta": "@sys.ignore",
        "userDefined": false
      },
      {
        "text": " for ",
        "userDefined": false
      },
      {
        "text": "snowball fights",
        "meta": "@activity",
        "alias": "activity",
        "userDefined": true
      }
    ],
    "isTemplate": false,
    "count": 0,
    "lang": "en-au",
    "updated": 0
  },
  {
    "id": "ed481905-a26c-458f-8d18-5da4e014b3ba",
    "data": [
      {
        "text": "is the weather good enough to go ",
        "userDefined": false
      },
      {
        "text": "climbing",
        "meta": "@activity",
        "alias": "activity",
        "userDefined": true
      },
      {
        "text": " to ",
        "userDefined": false
      },
      {
        "text": "Malaga",
        "meta": "@sys.location",
        "alias": "address",
        "userDefined": true
      }
    ],
    "isTemplate": false,
    "count": 0,
    "lang": "en-au",
    "updated": 0
  },
  {
    "id": "a358716b-448e-4de6-b6fb-20524988d042",
    "data": [
      {
        "text": "can I go ",
        "userDefined": false
      },
      {
        "text": "tree climbing",
        "meta": "@activity",
        "alias": "activity",
        "userDefined": true
      },
      {
        "text": " in ",
        "userDefined": false
      },
      {
        "text": "Chicago",
        "meta": "@sys.location",
        "alias": "address",
        "userDefined": true
      },
      {
        "text": " on the ",
        "userDefined": false
      },
      {
        "text": "weekend",
        "meta": "@sys.date-time",
        "alias": "date-time",
        "userDefined": true
      }
    ],
    "isTemplate": false,
    "count": 0,
    "lang": "en-au",
    "updated": 0
  },
  {
    "id": "32c044cb-c236-43ab-b528-a8b57ac2eb06",
    "data": [
      {
        "text": "should I go ",
        "userDefined": false
      },
      {
        "text": "jogging",
        "meta": "@activity",
        "alias": "activity",
        "userDefined": true
      },
      {
        "text": " ",
        "userDefined": false
      },
      {
        "text": "this evening",
        "meta": "@sys.date-time",
        "alias": "date-time",
        "userDefined": true
      }
    ],
    "isTemplate": false,
    "count": 0,
    "lang": "en-au",
    "updated": 0
  },
  {
    "id": "4a5eb887-3e23-4844-abce-fc5883a737b9",
    "data": [
      {
        "text": "will it be cold enough for ",
        "userDefined": false
      },
      {
        "text": "snowball fighting",
        "meta": "@activity",
        "alias": "activity",
        "userDefined": true
      },
      {
        "text": " on ",
        "userDefined": false
      },
      {
        "text": "Friday",
        "meta": "@sys.date-time",
        "alias": "date-time",
        "userDefined": true
      }
    ],
    "isTemplate": false,
    "count": 0,
    "lang": "en-au",
    "updated": 0
  },
  {
    "id": "572bd211-76a4-4bd5-b4d0-da46a94bd777",
    "data": [
      {
        "text": "can I go ",
        "userDefined": false
      },
      {
        "text": "skiing",
        "meta": "@activity",
        "alias": "activity",
        "userDefined": true
      },
      {
        "text": " in ",
        "userDefined": false
      },
      {
        "text": "Vienna",
        "meta": "@sys.location",
        "alias": "address",
        "userDefined": true
      }
    ],
    "isTemplate": false,
    "count": 0,
    "lang": "en-au",
    "updated": 0
  },
  {
    "id": "e7f4fc59-add8-44b7-92d7-f42969ad266b",
    "data": [
      {
        "text": "can I go ",
        "userDefined": false
      },
      {
        "text": "climbing",
        "meta": "@activity",
        "alias": "activity",
        "userDefined": true
      },
      {
        "text": " mount ",
        "userDefined": false
      },
      {
        "text": "Fuji",
        "meta": "@sys.location",
        "alias": "address",
        "userDefined": true
      }
    ],
    "isTemplate": false,
    "count": 0,
    "lang": "en-au",
    "updated": 0
  },
  {
    "id": "f972bb5e-c8b1-4190-8624-cb1cfa35f242",
    "data": [
      {
        "text": "is the",
        "meta": "@sys.ignore",
        "userDefined": false
      },
      {
        "text": " weather good for ",
        "userDefined": false
      },
      {
        "text": "walking",
        "meta": "@activity",
        "alias": "activity",
        "userDefined": true
      }
    ],
    "isTemplate": false,
    "count": 0,
    "lang": "en-au",
    "updated": 0
  },
  {
    "id": "b86e8fda-f0ea-4d74-8608-2a1f4989c245",
    "data": [
      {
        "text": "do you ",
        "userDefined": false
      },
      {
        "text": "think the weather is",
        "meta": "@sys.ignore",
        "userDefined": false
      },
      {
        "text": " bad for ",
        "userDefined": false
      },
      {
        "text": "frisbee",
        "meta": "@activity",
        "alias": "activity",
        "userDefined": true
      }
    ],
    "isTemplate": false,
    "count": 1,
    "lang": "en-au",
    "updated": 0
  },
  {
    "id": "b7f9a318-a1b4-4f0d-b373-2e40afb730da",
    "data": [
      {
        "text": "can I go ",
        "userDefined": false
      },
      {
        "text": "surfing",
        "meta": "@activity",
        "alias": "activity",
        "userDefined": true
      }
    ],
    "isTemplate": false,
    "count": 0,
    "lang": "en-au",
    "updated": 0
  },
  {
    "id": "590874dc-09cb-4082-9c73-82afbedb1192",
    "data": [
      {
        "text": "is it the perfect weather for ",
        "userDefined": false
      },
      {
        "text": "windsurfing",
        "meta": "@activity",
        "alias": "activity",
        "userDefined": true
      },
      {
        "text": " in ",
        "userDefined": false
      },
      {
        "text": "Phuket",
        "meta": "@sys.location",
        "alias": "address",
        "userDefined": true
      }
    ],
    "isTemplate": false,
    "count": 0,
    "lang": "en-au",
    "updated": 0
  },
  {
    "id": "a440a6ac-a14c-47ed-b845-7f0ac43e598e",
    "data": [
      {
        "text": "can I go ",
        "userDefined": false
      },
      {
        "text": "snowboarding",
        "meta": "@activity",
        "alias": "activity",
        "userDefined": true
      },
      {
        "text": " on the ",
        "userDefined": false
      },
      {
        "text": "weekend",
        "meta": "@sys.date-time",
        "alias": "date-time",
        "userDefined": true
      }
    ],
    "isTemplate": false,
    "count": 0,
    "lang": "en-au",
    "updated": 0
  },
  {
    "id": "12b0920e-4d60-4a3a-8872-1d38a14f9737",
    "data": [
      {
        "text": "is it the perfect weather for ",
        "userDefined": false
      },
      {
        "text": "mountain biking",
        "meta": "@activity",
        "alias": "activity",
        "userDefined": true
      },
      {
        "text": " in ",
        "userDefined": false
      },
      {
        "text": "Bansko",
        "meta": "@sys.location",
        "alias": "address",
        "userDefined": true
      },
      {
        "text": " ",
        "userDefined": false
      },
      {
        "text": "tonight",
        "meta": "@sys.date-time",
        "alias": "date-time",
        "userDefined": true
      }
    ],
    "isTemplate": false,
    "count": 0,
    "lang": "en-au",
    "updated": 0
  },
  {
    "id": "7b24ea70-df23-4b33-aea3-b502b463789d",
    "data": [
      {
        "text": "should I go ",
        "userDefined": false
      },
      {
        "text": "cycling",
        "meta": "@activity",
        "alias": "activity",
        "userDefined": true
      },
      {
        "text": " in ",
        "userDefined": false
      },
      {
        "text": "Moscow",
        "meta": "@sys.location",
        "alias": "address",
        "userDefined": true
      }
    ],
    "isTemplate": false,
    "count": 0,
    "lang": "en-au",
    "updated": 0
  },
  {
    "id": "9d68a320-be55-4938-b4c9-c994637fd5b0",
    "data": [
      {
        "text": "do you think it\u0027s the ",
        "userDefined": false
      },
      {
        "text": "good",
        "meta": "@sys.ignore",
        "userDefined": false
      },
      {
        "text": " weather for ",
        "userDefined": false
      },
      {
        "text": "cycling",
        "meta": "@activity",
        "alias": "activity",
        "userDefined": false
      }
    ],
    "isTemplate": false,
    "count": 1,
    "lang": "en-au",
    "updated": 0
  },
  {
    "id": "d3e8fe31-59a7-4916-8df8-e21eca42bf33",
    "data": [
      {
        "text": "is the",
        "meta": "@sys.ignore",
        "userDefined": false
      },
      {
        "text": " weather ",
        "userDefined": false
      },
      {
        "text": "good",
        "meta": "@sys.ignore",
        "userDefined": false
      },
      {
        "text": " enough to play ",
        "userDefined": false
      },
      {
        "text": "frisbee",
        "meta": "@activity",
        "alias": "activity",
        "userDefined": true
      },
      {
        "text": " outside",
        "userDefined": false
      }
    ],
    "isTemplate": false,
    "count": 0,
    "lang": "en-au",
    "updated": 0
  },
  {
    "id": "79a83fd7-7085-4baf-8716-de4d222e10a8",
    "data": [
      {
        "text": "is it the perfect weather for ",
        "userDefined": false
      },
      {
        "text": "elephant safari",
        "meta": "@activity",
        "alias": "activity",
        "userDefined": true
      },
      {
        "text": " ",
        "userDefined": false
      },
      {
        "text": "tonight",
        "meta": "@sys.date-time",
        "alias": "date-time",
        "userDefined": true
      }
    ],
    "isTemplate": false,
    "count": 0,
    "lang": "en-au",
    "updated": 0
  },
  {
    "id": "5b56f788-c2f0-4fc1-9838-89de3209a0d0",
    "data": [
      {
        "text": "is it the perfect weather for ",
        "userDefined": false
      },
      {
        "text": "camping",
        "meta": "@activity",
        "alias": "activity",
        "userDefined": true
      }
    ],
    "isTemplate": false,
    "count": 0,
    "lang": "en-au",
    "updated": 0
  },
  {
    "id": "0a9741b3-5512-445a-92b5-308b756e693f",
    "data": [
      {
        "text": "should I go ",
        "userDefined": false
      },
      {
        "text": "kayaking",
        "meta": "@activity",
        "alias": "activity",
        "userDefined": true
      },
      {
        "text": " in ",
        "userDefined": false
      },
      {
        "text": "Miami",
        "meta": "@sys.location",
        "alias": "address",
        "userDefined": true
      },
      {
        "text": " ",
        "userDefined": false
      },
      {
        "text": "this evening",
        "meta": "@sys.date-time",
        "alias": "date-time",
        "userDefined": true
      }
    ],
    "isTemplate": false,
    "count": 0,
    "lang": "en-au",
    "updated": 0
  },
  {
    "id": "37c2f939-8924-488c-aa93-89ecf0b9cda9",
    "data": [
      {
        "text": "is the weather nice enough to go ",
        "userDefined": false
      },
      {
        "text": "birdwatching",
        "meta": "@activity",
        "alias": "activity",
        "userDefined": true
      },
      {
        "text": " in ",
        "userDefined": false
      },
      {
        "text": "Norfolk",
        "meta": "@sys.location",
        "alias": "address",
        "userDefined": true
      },
      {
        "text": " ",
        "userDefined": false
      },
      {
        "text": "today",
        "meta": "@sys.date-time",
        "alias": "date-time",
        "userDefined": true
      }
    ],
    "isTemplate": false,
    "count": 0,
    "lang": "en-au",
    "updated": 0
  },
  {
    "id": "5bac27be-56d1-48d8-bd05-264146d42c25",
    "data": [
      {
        "text": "is the weather nice enough to go ",
        "userDefined": false
      },
      {
        "text": "sightseeing",
        "meta": "@activity",
        "alias": "activity",
        "userDefined": true
      },
      {
        "text": " ",
        "userDefined": false
      },
      {
        "text": "today",
        "meta": "@sys.date-time",
        "alias": "date-time",
        "userDefined": true
      }
    ],
    "isTemplate": false,
    "count": 0,
    "lang": "en-au",
    "updated": 0
  },
  {
    "id": "7772c6cc-31b6-418a-b2ed-900ba6f7c1f7",
    "data": [
      {
        "text": "is the weather nice enough to go ",
        "userDefined": false
      },
      {
        "text": "surfing",
        "meta": "@activity",
        "alias": "activity",
        "userDefined": true
      }
    ],
    "isTemplate": false,
    "count": 0,
    "lang": "en-au",
    "updated": 0
  },
  {
    "id": "bedf2c65-adc2-4e5e-8395-5a8c879db720",
    "data": [
      {
        "text": "should I go for a ",
        "userDefined": false
      },
      {
        "text": "run",
        "meta": "@activity",
        "alias": "activity",
        "userDefined": true
      }
    ],
    "isTemplate": false,
    "count": 0,
    "lang": "en-au",
    "updated": 0
  },
  {
    "id": "ed854a61-94f2-441e-8514-2ffa5c395ea7",
    "data": [
      {
        "text": "is it hot enough to go ",
        "userDefined": false
      },
      {
        "text": "swimming",
        "meta": "@activity",
        "alias": "activity",
        "userDefined": true
      }
    ],
    "isTemplate": false,
    "count": 0,
    "lang": "en-au",
    "updated": 0
  },
  {
    "id": "6e778dc9-09ae-4d46-b116-249acb8a06e7",
    "data": [
      {
        "text": "is ",
        "userDefined": false
      },
      {
        "text": "hiking",
        "meta": "@activity",
        "alias": "activity",
        "userDefined": false
      },
      {
        "text": " a ",
        "userDefined": false
      },
      {
        "text": "good",
        "meta": "@sys.ignore",
        "userDefined": false
      },
      {
        "text": " idea ",
        "userDefined": false
      },
      {
        "text": "right now",
        "meta": "@sys.ignore",
        "userDefined": true
      }
    ],
    "isTemplate": false,
    "count": 0,
    "lang": "en-au",
    "updated": 0
  }
]